#pragma once
#include <stdint.h>

static const uint8_t pmb8875_brom[] = {
	0x18, 0xf0, 0x9f, 0xe5, 0x18, 0xf0, 0x9f, 0xe5, 0x18, 0xf0, 0x9f, 0xe5, 0x18, 0xf0, 0x9f, 0xe5,
	0x18, 0xf0, 0x9f, 0xe5, 0x00, 0x00, 0xa0, 0xe1, 0x14, 0xf0, 0x9f, 0xe5, 0x14, 0xf0, 0x9f, 0xe5,
	0x54, 0x00, 0x40, 0x00, 0x3c, 0x00, 0x40, 0x00, 0x40, 0x00, 0x40, 0x00, 0x44, 0x00, 0x40, 0x00,
	0x48, 0x00, 0x40, 0x00, 0x4c, 0x00, 0x40, 0x00, 0x50, 0x00, 0x40, 0x00, 0xfe, 0xff, 0xff, 0xea,
	0xfe, 0xff, 0xff, 0xea, 0xfe, 0xff, 0xff, 0xea, 0xfe, 0xff, 0xff, 0xea, 0xfe, 0xff, 0xff, 0xea,
	0xfe, 0xff, 0xff, 0xea, 0x08, 0x00, 0x9f, 0xe5, 0xd3, 0xf0, 0x21, 0xe3, 0x00, 0xd0, 0xa0, 0xe1,
	0x06, 0x01, 0x00, 0xea, 0xf0, 0x7f, 0x01, 0x00, 0x00, 0x10, 0xa0, 0xe1, 0xd8, 0x00, 0x9f, 0xe5,
	0x90, 0x01, 0x03, 0xe0, 0x40, 0x0b, 0xa0, 0xe3, 0x23, 0x07, 0x40, 0xe0, 0x00, 0x28, 0xa0, 0xe1,
	0x22, 0x28, 0xa0, 0xe1, 0xc4, 0x00, 0x9f, 0xe5, 0xc4, 0x30, 0x9f, 0xe5, 0x24, 0x00, 0x83, 0xe5,
	0xf3, 0x00, 0xa0, 0xe3, 0x02, 0x08, 0x80, 0xe1, 0xb4, 0x30, 0x9f, 0xe5, 0x24, 0x00, 0x83, 0xe5,
	0x01, 0x00, 0xa0, 0xe3, 0x0e, 0xf0, 0xa0, 0xe1, 0x10, 0x1f, 0x11, 0xee, 0x40, 0x1d, 0xc1, 0xe3,
	0x04, 0x10, 0xc1, 0xe3, 0x10, 0x1f, 0x01, 0xee, 0x10, 0x1f, 0x1f, 0xee, 0x40, 0x1b, 0x81, 0xe3,
	0x10, 0x1f, 0x0f, 0xee, 0x01, 0x00, 0xa0, 0xe3, 0x0e, 0xf0, 0xa0, 0xe1, 0x10, 0x40, 0x2d, 0xe9,
	0x7c, 0x00, 0x9f, 0xe5, 0x10, 0x40, 0x90, 0xe5, 0x40, 0x05, 0x14, 0xe3, 0x06, 0x00, 0x00, 0x0a,
	0xf0, 0xff, 0xff, 0xeb, 0x02, 0x00, 0xa0, 0xe3, 0x68, 0x10, 0x9f, 0xe5, 0x00, 0x00, 0xc1, 0xe5,
	0x64, 0x00, 0x9f, 0xe5, 0xdb, 0xff, 0xff, 0xeb, 0x92, 0x00, 0x00, 0xeb, 0x40, 0x04, 0x14, 0xe3,
	0x06, 0x00, 0x00, 0x0a, 0xe7, 0xff, 0xff, 0xeb, 0x01, 0x00, 0xa0, 0xe3, 0x44, 0x10, 0x9f, 0xe5,
	0x00, 0x00, 0xc1, 0xe5, 0x40, 0x00, 0x9f, 0xe5, 0xd2, 0xff, 0xff, 0xeb, 0x89, 0x00, 0x00, 0xeb,
	0x80, 0x04, 0x14, 0xe3, 0x06, 0x00, 0x00, 0x0a, 0xde, 0xff, 0xff, 0xeb, 0x28, 0x00, 0x9f, 0xe5,
	0xcc, 0xff, 0xff, 0xeb, 0x00, 0x00, 0xa0, 0xe3, 0x18, 0x10, 0x9f, 0xe5, 0x00, 0x00, 0xc1, 0xe5,
	0x3e, 0x00, 0x00, 0xeb, 0x00, 0x00, 0xa0, 0xe1, 0xfe, 0xff, 0xff, 0xea, 0x90, 0x65, 0x00, 0x00,
	0xf0, 0x00, 0xfc, 0xff, 0x00, 0x00, 0x40, 0xf4, 0x00, 0x20, 0x01, 0x00, 0xb8, 0x0b, 0x00, 0x00,
	0x38, 0x40, 0x2d, 0xe9, 0x2f, 0x01, 0x00, 0xeb, 0xb4, 0x01, 0x9f, 0xe5, 0x83, 0x01, 0x00, 0xeb,
	0x00, 0x40, 0xa0, 0xe1, 0x01, 0x00, 0x74, 0xe3, 0x01, 0x00, 0x00, 0x1a, 0x00, 0x00, 0xa0, 0xe3,
	0x38, 0x80, 0xbd, 0xe8, 0x9c, 0x01, 0x9f, 0xe5, 0x7c, 0x01, 0x00, 0xeb, 0x00, 0x50, 0xa0, 0xe1,
	0x03, 0x00, 0x14, 0xe3, 0x02, 0x00, 0x00, 0x1a, 0x05, 0x00, 0xe0, 0xe1, 0x00, 0x00, 0x54, 0xe1,
	0x01, 0x00, 0x00, 0x0a, 0x00, 0x00, 0xe0, 0xe3, 0xf4, 0xff, 0xff, 0xea, 0x01, 0x00, 0xa0, 0xe3,
	0xf2, 0xff, 0xff, 0xea, 0x70, 0x01, 0x9f, 0xe5, 0x00, 0x10, 0x90, 0xe5, 0x6c, 0x01, 0x9f, 0xe5,
	0x00, 0x00, 0x90, 0xe5, 0x00, 0x10, 0x21, 0xe0, 0x64, 0x01, 0x9f, 0xe5, 0x00, 0x00, 0x90, 0xe5,
	0x00, 0x10, 0x81, 0xe1, 0x5c, 0x01, 0x9f, 0xe5, 0x00, 0x00, 0x90, 0xe5, 0x00, 0x10, 0x01, 0xe0,
	0x54, 0x01, 0x9f, 0xe5, 0x00, 0x00, 0x90, 0xe5, 0x00, 0x10, 0x21, 0xe0, 0x4c, 0x01, 0x9f, 0xe5,
	0x00, 0x00, 0x90, 0xe5, 0x00, 0x10, 0x01, 0xe0, 0x44, 0x01, 0x9f, 0xe5, 0x00, 0x00, 0x90, 0xe5,
	0x00, 0x10, 0x81, 0xe1, 0x01, 0x00, 0xa0, 0xe3, 0x0e, 0xf0, 0xa0, 0xe1, 0x08, 0x40, 0x2d, 0xe9,
	0x00, 0x00, 0xa0, 0xe1, 0x3f, 0x02, 0x00, 0xeb, 0x00, 0x00, 0x50, 0xe3, 0x05, 0x00, 0x00, 0x1a,
	0x97, 0x01, 0x00, 0xeb, 0x00, 0x00, 0x50, 0xe3, 0x01, 0x00, 0x00, 0x0a, 0x01, 0x00, 0xa0, 0xe3,
	0x08, 0x80, 0xbd, 0xe8, 0xf6, 0xff, 0xff, 0xea, 0x00, 0x00, 0xa0, 0xe3, 0xfb, 0xff, 0xff, 0xea,
	0x10, 0x40, 0x2d, 0xe9, 0x6a, 0x01, 0x00, 0xeb, 0x01, 0x02, 0x00, 0xeb, 0xee, 0xff, 0xff, 0xeb,
	0x00, 0x00, 0x50, 0xe3, 0x03, 0x00, 0x00, 0x1a, 0x17, 0x02, 0x00, 0xeb, 0x39, 0x00, 0x00, 0xeb,
	0x00, 0x00, 0xa0, 0xe3, 0x10, 0x80, 0xbd, 0xe8, 0x13, 0x02, 0x00, 0xeb, 0xaf, 0x01, 0x00, 0xeb,
	0x00, 0x40, 0xa0, 0xe1, 0x02, 0x00, 0x54, 0xe3, 0x02, 0x00, 0x00, 0x1a, 0xef, 0xff, 0xff, 0xeb,
	0x00, 0x00, 0xa0, 0xe3, 0xf6, 0xff, 0xff, 0xea, 0x01, 0x00, 0x54, 0xe3, 0x02, 0x00, 0x00, 0x1a,
	0xc6, 0x03, 0x00, 0xeb, 0x00, 0x00, 0xa0, 0xe3, 0xf1, 0xff, 0xff, 0xea, 0xc4, 0xff, 0xff, 0xeb,
	0xb0, 0x00, 0xa0, 0xe3, 0xd2, 0x01, 0x00, 0xeb, 0x00, 0x00, 0xa0, 0xe1, 0x91, 0x01, 0x00, 0xeb,
	0x30, 0x00, 0x50, 0xe3, 0xfc, 0xff, 0xff, 0x1a, 0x00, 0x00, 0xa0, 0xe1, 0x80, 0x0d, 0xa0, 0xe3,
	0x52, 0x03, 0x00, 0xeb, 0x00, 0x00, 0x50, 0xe3, 0x02, 0x00, 0x00, 0x1a, 0x1b, 0x00, 0xa0, 0xe3,
	0xc7, 0x01, 0x00, 0xeb, 0xf8, 0xff, 0xff, 0xea, 0xb1, 0x00, 0xa0, 0xe3, 0xc4, 0x01, 0x00, 0xeb,
	0x9e, 0xff, 0xff, 0xeb, 0x01, 0x00, 0x70, 0xe3, 0x04, 0x00, 0x00, 0x0a, 0x00, 0x00, 0x50, 0xe3,
	0x04, 0x00, 0x00, 0x0a, 0x01, 0x00, 0x50, 0xe3, 0x07, 0x00, 0x00, 0x1a, 0x04, 0x00, 0x00, 0xea,
	0x00, 0x00, 0xa0, 0xe1, 0xfe, 0xff, 0xff, 0xea, 0x80, 0x0d, 0xa0, 0xe3, 0xbc, 0x02, 0x00, 0xeb,
	0x00, 0x00, 0xa0, 0xe1, 0x08, 0x00, 0x9f, 0xe5, 0xb8, 0x02, 0x00, 0xeb, 0x01, 0x00, 0xa0, 0xe3,
	0xcf, 0xff, 0xff, 0xea, 0x30, 0x00, 0x00, 0xa0, 0x34, 0x00, 0x00, 0xa0, 0x5c, 0x04, 0x40, 0x00,
	0x3c, 0x04, 0x40, 0x00, 0x18, 0x04, 0x40, 0x00, 0x50, 0x04, 0x40, 0x00, 0x0c, 0x04, 0x40, 0x00,
	0x04, 0x04, 0x40, 0x00, 0x78, 0x04, 0x40, 0x00, 0x70, 0x40, 0x2d, 0xe9, 0x6c, 0x00, 0x9f, 0xe5,
	0x78, 0x60, 0x90, 0xe5, 0x01, 0x00, 0x16, 0xe3, 0x01, 0x00, 0x00, 0x0a, 0x00, 0x00, 0xa0, 0xe1,
	0xfe, 0xff, 0xff, 0xea, 0x54, 0x00, 0x9f, 0xe5, 0x78, 0x00, 0x90, 0xe5, 0x01, 0x00, 0x80, 0xe3,
	0x48, 0x10, 0x9f, 0xe5, 0x78, 0x00, 0x81, 0xe5, 0xaa, 0x00, 0x00, 0xeb, 0x40, 0x00, 0x9f, 0xe5,
	0xfe, 0x00, 0x00, 0xeb, 0x00, 0x50, 0xa0, 0xe1, 0x38, 0x00, 0x9f, 0xe5, 0xfb, 0x00, 0x00, 0xeb,
	0x00, 0x40, 0xa0, 0xe1, 0x03, 0x00, 0x15, 0xe3, 0x05, 0x00, 0x00, 0x1a, 0x28, 0x00, 0x9f, 0xe5,
	0x00, 0x00, 0x54, 0xe1, 0x02, 0x00, 0x00, 0x1a, 0x14, 0x00, 0x9f, 0xe5, 0x93, 0x02, 0x00, 0xeb,
	0x00, 0x00, 0x00, 0xea, 0xa1, 0xff, 0xff, 0xeb, 0x00, 0x00, 0xa0, 0xe3, 0x70, 0x80, 0xbd, 0xe8,
	0x00, 0x00, 0x40, 0xf4, 0x38, 0x00, 0x00, 0xa0, 0x3c, 0x00, 0x00, 0xa0, 0x43, 0x4a, 0x4b, 0x54,
	0xff, 0xff, 0xff, 0xff, 0xff, 0xff, 0xff, 0xff, 0xff, 0xff, 0xff, 0xff, 0xff, 0xff, 0xff, 0xff,
	0xff, 0xff, 0xff, 0xff, 0xff, 0xff, 0xff, 0xff, 0xff, 0xff, 0xff, 0xff, 0xff, 0xff, 0xff, 0xff,
	0xff, 0xff, 0xff, 0xff, 0xff, 0xff, 0xff, 0xff, 0xff, 0xff, 0xff, 0xff, 0xff, 0xff, 0xff, 0xff,
	0x02, 0x00, 0x00, 0xb0, 0xff, 0xff, 0xff, 0xff, 0xff, 0xff, 0xff, 0xff, 0xff, 0xff, 0xff, 0xff,
	0xff, 0xff, 0xff, 0xff, 0xff, 0xff, 0xff, 0xff, 0xff, 0xff, 0xff, 0xff, 0xff, 0xff, 0xff, 0xff,
	0xff, 0xff, 0xff, 0xff, 0xff, 0xff, 0xff, 0xff, 0xff, 0xff, 0xff, 0xff, 0xff, 0xff, 0xff, 0xff,
	0xff, 0xff, 0xff, 0xff, 0xff, 0xff, 0xff, 0xff, 0xff, 0xff, 0xff, 0xff, 0xff, 0xff, 0xff, 0xff,
	0xff, 0xff, 0xff, 0xff, 0xff, 0xff, 0xff, 0xff, 0xff, 0xff, 0xff, 0xff, 0xff, 0xff, 0xff, 0xff,
	0xff, 0xff, 0xff, 0xff, 0xff, 0xff, 0xff, 0xff, 0xff, 0xff, 0xff, 0xff, 0xff, 0xff, 0xff, 0xff,
	0xff, 0xff, 0xff, 0xff, 0xff, 0xff, 0xff, 0xff, 0xff, 0xff, 0xff, 0xff, 0xff, 0xff, 0xff, 0xff,
	0xff, 0xff, 0xff, 0xff, 0xff, 0xff, 0xff, 0xff, 0xff, 0xff, 0xff, 0xff, 0xff, 0xff, 0xff, 0xff,
	0x90, 0x80, 0x8f, 0xe2, 0x0f, 0x00, 0x98, 0xe8, 0x08, 0x00, 0x80, 0xe0, 0x08, 0x10, 0x81, 0xe0,
	0x08, 0x20, 0x82, 0xe0, 0x08, 0x30, 0x83, 0xe0, 0x01, 0xb0, 0x40, 0xe2, 0x01, 0xc0, 0x42, 0xe2,
	0x01, 0x00, 0x50, 0xe1, 0x0e, 0x00, 0x00, 0x0a, 0x70, 0x00, 0xb0, 0xe8, 0x05, 0x00, 0x54, 0xe1,
	0xfa, 0xff, 0xff, 0x0a, 0x01, 0x00, 0x14, 0xe3, 0x0b, 0x40, 0x84, 0x10, 0x01, 0x00, 0x15, 0xe3,
	0x0b, 0x50, 0x85, 0x10, 0x02, 0x00, 0x15, 0xe3, 0x09, 0x50, 0x85, 0x10, 0x03, 0x50, 0xc5, 0xe3,
	0x04, 0x60, 0x56, 0xe2, 0x04, 0x70, 0x94, 0x24, 0x04, 0x70, 0x85, 0x24, 0xfb, 0xff, 0xff, 0x8a,
	0xee, 0xff, 0xff, 0xea, 0x03, 0x00, 0x52, 0xe1, 0xa8, 0x01, 0x00, 0x0b, 0x00, 0x70, 0xa0, 0xe3,
	0x30, 0x00, 0xb2, 0xe8, 0x01, 0x00, 0x14, 0xe3, 0x0c, 0x40, 0x84, 0x10, 0x02, 0x00, 0x14, 0xe3,
	0x09, 0x40, 0x84, 0x10, 0x03, 0x40, 0xc4, 0xe3, 0x04, 0x50, 0x55, 0xe2, 0x04, 0x70, 0x84, 0x24,
	0xfc, 0xff, 0xff, 0x8a, 0xf2, 0xff, 0xff, 0xea, 0x08, 0x09, 0x00, 0x00, 0xbc, 0x09, 0x00, 0x00,
	0xbc, 0x09, 0x00, 0x00, 0x04, 0x0a, 0x00, 0x00, 0x4c, 0x2b, 0xa0, 0xe3, 0x00, 0x00, 0xa0, 0xe3,
	0xa0, 0x34, 0xa0, 0xe3, 0x00, 0x02, 0xc3, 0xe5, 0x00, 0x00, 0xa0, 0xe3, 0xa0, 0x34, 0xa0, 0xe3,
	0x00, 0x01, 0xc3, 0xe5, 0x00, 0x00, 0xa0, 0xe3, 0xa0, 0x34, 0xa0, 0xe3, 0x00, 0x01, 0xc3, 0xe5,
	0x00, 0x00, 0xa0, 0xe3, 0xa0, 0x34, 0xa0, 0xe3, 0x00, 0x01, 0xc3, 0xe5, 0x00, 0x00, 0xa0, 0xe3,
	0xa0, 0x34, 0xa0, 0xe3, 0x00, 0x01, 0xc3, 0xe5, 0x30, 0x00, 0xa0, 0xe3, 0xa0, 0x34, 0xa0, 0xe3,
	0x00, 0x02, 0xc3, 0xe5, 0x00, 0x10, 0xa0, 0xe3, 0x40, 0x0f, 0x51, 0xe3, 0x07, 0x00, 0x00, 0x2a,
	0x02, 0x00, 0x00, 0xea, 0x01, 0x00, 0x81, 0xe2, 0xff, 0x10, 0x00, 0xe2, 0xf9, 0xff, 0xff, 0xea,
	0xa0, 0x04, 0xa0, 0xe3, 0x00, 0x00, 0xd0, 0xe5, 0xb2, 0x00, 0xc2, 0xe0, 0xf8, 0xff, 0xff, 0xea,
	0x01, 0x00, 0xa0, 0xe3, 0x0e, 0xf0, 0xa0, 0xe1, 0x4c, 0x2b, 0xa0, 0xe3, 0x00, 0x00, 0xa0, 0xe3,
	0xa0, 0x34, 0xa0, 0xe3, 0x00, 0x02, 0xc3, 0xe5, 0x00, 0x00, 0xa0, 0xe3, 0xa0, 0x34, 0xa0, 0xe3,
	0x00, 0x01, 0xc3, 0xe5, 0x00, 0x00, 0xa0, 0xe3, 0xa0, 0x34, 0xa0, 0xe3, 0x00, 0x01, 0xc3, 0xe5,
	0x00, 0x00, 0xa0, 0xe3, 0xa0, 0x34, 0xa0, 0xe3, 0x00, 0x01, 0xc3, 0xe5, 0x00, 0x00, 0xa0, 0xe3,
	0xa0, 0x34, 0xa0, 0xe3, 0x00, 0x01, 0xc3, 0xe5, 0x30, 0x00, 0xa0, 0xe3, 0xa0, 0x34, 0xa0, 0xe3,
	0x00, 0x02, 0xc3, 0xe5, 0x00, 0x10, 0xa0, 0xe3, 0x80, 0x0f, 0x51, 0xe3, 0x07, 0x00, 0x00, 0x2a,
	0x02, 0x00, 0x00, 0xea, 0x01, 0x00, 0x81, 0xe2, 0xff, 0x10, 0x00, 0xe2, 0xf9, 0xff, 0xff, 0xea,
	0xa0, 0x04, 0xa0, 0xe3, 0x00, 0x00, 0xd0, 0xe5, 0x01, 0x00, 0xc2, 0xe4, 0xf8, 0xff, 0xff, 0xea,
	0x01, 0x00, 0xa0, 0xe3, 0x0e, 0xf0, 0xa0, 0xe1, 0x04, 0xe0, 0x2d, 0xe5, 0x94, 0x01, 0x9f, 0xe5,
	0x00, 0x00, 0xd0, 0xe5, 0x01, 0x00, 0x50, 0xe3, 0x06, 0x00, 0x00, 0x1a, 0x88, 0x01, 0x9f, 0xe5,
	0x14, 0x00, 0x90, 0xe5, 0x80, 0x06, 0xa0, 0xe1, 0xa0, 0x0e, 0xa0, 0xe1, 0x7c, 0x11, 0x9f, 0xe5,
	0x00, 0x00, 0xc1, 0xe5, 0x05, 0x00, 0x00, 0xea, 0x6c, 0x01, 0x9f, 0xe5, 0x10, 0x00, 0x90, 0xe5,
	0x80, 0x06, 0xa0, 0xe1, 0xa0, 0x0e, 0xa0, 0xe1, 0x60, 0x11, 0x9f, 0xe5, 0x00, 0x00, 0xc1, 0xe5,
	0x58, 0x01, 0x9f, 0xe5, 0x00, 0x00, 0xd0, 0xe5, 0x05, 0x00, 0x50, 0xe3, 0x00, 0xf1, 0x8f, 0x90,
	0x3a, 0x00, 0x00, 0xea, 0x04, 0x00, 0x00, 0xea, 0x0a, 0x00, 0x00, 0xea, 0x37, 0x00, 0x00, 0xea,
	0x0f, 0x00, 0x00, 0xea, 0x15, 0x00, 0x00, 0xea, 0x24, 0x00, 0x00, 0xea, 0x30, 0x01, 0x9f, 0xe5,
	0x30, 0x11, 0x9f, 0xe5, 0x80, 0x00, 0x81, 0xe5, 0x2c, 0x01, 0x9f, 0xe5, 0x24, 0x11, 0x9f, 0xe5,
	0xc0, 0x00, 0x81, 0xe5, 0x2f, 0x00, 0x00, 0xea, 0x14, 0x01, 0x9f, 0xe5, 0x14, 0x11, 0x9f, 0xe5,
	0x80, 0x00, 0x81, 0xe5, 0x14, 0x01, 0x9f, 0xe5, 0x08, 0x11, 0x9f, 0xe5, 0xc0, 0x00, 0x81, 0xe5,
	0x28, 0x00, 0x00, 0xea, 0xf8, 0x00, 0x9f, 0xe5, 0xf8, 0x10, 0x9f, 0xe5, 0x80, 0x00, 0x81, 0xe5,
	0xfc, 0x00, 0x9f, 0xe5, 0xec, 0x10, 0x9f, 0xe5, 0xc0, 0x00, 0x81, 0xe5, 0x21, 0x00, 0x00, 0xea,
	0xdc, 0x00, 0x9f, 0xe5, 0xdc, 0x10, 0x9f, 0xe5, 0x80, 0x00, 0x81, 0xe5, 0xe4, 0x00, 0x9f, 0xe5,
	0xd0, 0x10, 0x9f, 0xe5, 0xc0, 0x00, 0x81, 0xe5, 0xdc, 0x00, 0x9f, 0xe5, 0xc4, 0x10, 0x9f, 0xe5,
	0x20, 0x00, 0x81, 0xe5, 0xbc, 0x00, 0x9f, 0xe5, 0x10, 0x00, 0x90, 0xe5, 0x40, 0x06, 0x80, 0xe3,
	0xb0, 0x10, 0x9f, 0xe5, 0x10, 0x00, 0x81, 0xe5, 0x9e, 0xff, 0xff, 0xeb, 0x11, 0x00, 0x00, 0xea,
	0x9c, 0x00, 0x9f, 0xe5, 0x9c, 0x10, 0x9f, 0xe5, 0x80, 0x00, 0x81, 0xe5, 0xac, 0x00, 0x9f, 0xe5,
	0x90, 0x10, 0x9f, 0xe5, 0xc0, 0x00, 0x81, 0xe5, 0x9c, 0x00, 0x9f, 0xe5, 0x84, 0x10, 0x9f, 0xe5,
	0x20, 0x00, 0x81, 0xe5, 0x7c, 0x00, 0x9f, 0xe5, 0x10, 0x00, 0x90, 0xe5, 0x40, 0x06, 0x80, 0xe3,
	0x70, 0x10, 0x9f, 0xe5, 0x10, 0x00, 0x81, 0xe5, 0x6e, 0xff, 0xff, 0xeb, 0x01, 0x00, 0x00, 0xea,
	0x00, 0x00, 0xa0, 0xe3, 0x04, 0xf0, 0x9d, 0xe4, 0x01, 0x00, 0xa0, 0xe3, 0xfc, 0xff, 0xff, 0xea,
	0x00, 0x10, 0xa0, 0xe1, 0x44, 0x00, 0x9f, 0xe5, 0x00, 0x00, 0xd0, 0xe5, 0x04, 0x00, 0x50, 0xe3,
	0x03, 0x00, 0x00, 0x0a, 0x34, 0x00, 0x9f, 0xe5, 0x00, 0x00, 0xd0, 0xe5, 0x05, 0x00, 0x50, 0xe3,
	0x04, 0x00, 0x00, 0x1a, 0x01, 0x08, 0xa0, 0xe1, 0x20, 0x08, 0xa0, 0xe1, 0x4c, 0x3b, 0x80, 0xe2,
	0x00, 0x00, 0x93, 0xe5, 0x0e, 0xf0, 0xa0, 0xe1, 0x01, 0x20, 0xa0, 0xe1, 0x02, 0x10, 0xa0, 0xe1,
	0x00, 0x00, 0x92, 0xe5, 0xfa, 0xff, 0xff, 0xea, 0x00, 0x20, 0x01, 0x00, 0x00, 0x00, 0x40, 0xf4,
	0x01, 0x20, 0x01, 0x00, 0x11, 0x00, 0x00, 0xa0, 0x00, 0x00, 0x00, 0xf0, 0x00, 0x06, 0x50, 0x80,
	0x00, 0x02, 0x50, 0x90, 0x00, 0x02, 0x90, 0x90, 0x24, 0x40, 0x62, 0x13, 0x50, 0x03, 0x10, 0x02,
	0x24, 0x42, 0x62, 0x13, 0x48, 0x12, 0x9f, 0xe5, 0x40, 0x0f, 0xa0, 0xe3, 0x00, 0x00, 0x81, 0xe5,
	0x4c, 0x10, 0x81, 0xe2, 0x01, 0x00, 0xa0, 0xe3, 0x00, 0x00, 0x81, 0xe5, 0x00, 0x11, 0x81, 0xe0,
	0x10, 0x00, 0xa0, 0xe3, 0x00, 0x00, 0x81, 0xe5, 0x42, 0x0f, 0xa0, 0xe3, 0x24, 0x22, 0x9f, 0xe5,
	0x00, 0x00, 0x82, 0xe5, 0x1c, 0x02, 0x9f, 0xe5, 0x18, 0x00, 0x90, 0xe5, 0xa0, 0x04, 0xa0, 0xe1,
	0x80, 0x04, 0xa0, 0xe1, 0x76, 0x0f, 0x80, 0xe3, 0x08, 0x22, 0x9f, 0xe5, 0x18, 0x00, 0x82, 0xe5,
	0x00, 0x02, 0x9f, 0xe5, 0x14, 0x00, 0x90, 0xe5, 0xa0, 0x06, 0xa0, 0xe1, 0x80, 0x06, 0xa0, 0xe1,
	0x0c, 0x00, 0x80, 0xe3, 0xec, 0x21, 0x9f, 0xe5, 0x14, 0x00, 0x82, 0xe5, 0xe8, 0x01, 0x9f, 0xe5,
	0xe0, 0x21, 0x9f, 0xe5, 0x10, 0x00, 0x82, 0xe5, 0xd8, 0x01, 0x9f, 0xe5, 0x50, 0x00, 0x90, 0xe5,
	0x20, 0x00, 0x80, 0xe3, 0xcc, 0x21, 0x9f, 0xe5, 0x50, 0x00, 0x82, 0xe5, 0x01, 0x00, 0xa0, 0xe3,
	0x0e, 0xf0, 0xa0, 0xe1, 0xbc, 0x01, 0x9f, 0xe5, 0x68, 0x00, 0x90, 0xe5, 0x80, 0x0e, 0xb0, 0xe1,
	0x16, 0x00, 0x00, 0x5a, 0xac, 0x01, 0x9f, 0xe5, 0x70, 0x00, 0x90, 0xe5, 0x04, 0x00, 0x80, 0xe3,
	0xa0, 0x11, 0x9f, 0xe5, 0x70, 0x00, 0x81, 0xe5, 0xa0, 0x01, 0x9f, 0xe5, 0x01, 0x00, 0xd0, 0xe5,
	0x98, 0x11, 0x9f, 0xe5, 0x00, 0x00, 0xc1, 0xe5, 0x88, 0x01, 0x9f, 0xe5, 0x24, 0x00, 0x90, 0xe5,
	0x88, 0x11, 0x9f, 0xe5, 0x01, 0x00, 0xc1, 0xe5, 0x80, 0x01, 0x9f, 0xe5, 0x00, 0x00, 0xd0, 0xe5,
	0x41, 0x00, 0x50, 0xe3, 0x05, 0x00, 0x00, 0x1a, 0x70, 0x01, 0x9f, 0xe5, 0x01, 0x00, 0xd0, 0xe5,
	0x54, 0x00, 0x50, 0xe3, 0x01, 0x00, 0x00, 0x1a, 0x01, 0x00, 0xa0, 0xe3, 0x0e, 0xf0, 0xa0, 0xe1,
	0x00, 0x00, 0xa0, 0xe3, 0xfc, 0xff, 0xff, 0xea, 0x00, 0x00, 0xa0, 0xe1, 0x44, 0x11, 0x9f, 0xe5,
	0x68, 0x10, 0x91, 0xe5, 0x81, 0x1e, 0xb0, 0xe1, 0xfb, 0xff, 0xff, 0x5a, 0x34, 0x11, 0x9f, 0xe5,
	0x70, 0x10, 0x91, 0xe5, 0x04, 0x10, 0x81, 0xe3, 0x28, 0x21, 0x9f, 0xe5, 0x70, 0x10, 0x82, 0xe5,
	0x20, 0x11, 0x9f, 0xe5, 0x24, 0x10, 0x91, 0xe5, 0xff, 0x00, 0x01, 0xe2, 0x0e, 0xf0, 0xa0, 0xe1,
	0x18, 0x40, 0x2d, 0xe9, 0x00, 0x00, 0xa0, 0xe3, 0x00, 0x00, 0x8d, 0xe5, 0x00, 0x30, 0xa0, 0xe3,
	0x00, 0x40, 0xa0, 0xe3, 0x0a, 0x00, 0x54, 0xe3, 0x27, 0x00, 0x00, 0x2a, 0x02, 0x00, 0x00, 0xea,
	0x01, 0x00, 0x84, 0xe2, 0xff, 0x40, 0x00, 0xe2, 0xf9, 0xff, 0xff, 0xea, 0x00, 0x30, 0xa0, 0xe3,
	0x03, 0x00, 0x53, 0xe3, 0x07, 0x00, 0x00, 0x2a, 0x02, 0x00, 0x00, 0xea, 0x01, 0x00, 0x83, 0xe2,
	0xff, 0x30, 0x00, 0xe2, 0xf9, 0xff, 0xff, 0xea, 0x03, 0x00, 0x8d, 0xe0, 0x01, 0x00, 0xd0, 0xe5,
	0x03, 0x00, 0xcd, 0xe7, 0xf8, 0xff, 0xff, 0xea, 0xda, 0xff, 0xff, 0xeb, 0x03, 0x00, 0xcd, 0xe5,
	0x02, 0x00, 0xdd, 0xe5, 0x41, 0x00, 0x50, 0xe3, 0x04, 0x00, 0x00, 0x1a, 0x03, 0x00, 0xdd, 0xe5,
	0x54, 0x00, 0x50, 0xe3, 0x01, 0x00, 0x00, 0x1a, 0x00, 0x00, 0xa0, 0xe3, 0x18, 0x80, 0xbd, 0xe8,
	0x00, 0x00, 0xdd, 0xe5, 0x50, 0x00, 0x50, 0xe3, 0x0a, 0x00, 0x00, 0x1a, 0x01, 0x00, 0xdd, 0xe5,
	0x48, 0x00, 0x50, 0xe3, 0x07, 0x00, 0x00, 0x1a, 0x02, 0x00, 0xdd, 0xe5, 0x55, 0x00, 0x50, 0xe3,
	0x04, 0x00, 0x00, 0x1a, 0x03, 0x00, 0xdd, 0xe5, 0x45, 0x00, 0x50, 0xe3, 0x01, 0x00, 0x00, 0x1a,
	0x01, 0x00, 0xa0, 0xe3, 0xf0, 0xff, 0xff, 0xea, 0xd8, 0xff, 0xff, 0xea, 0x02, 0x00, 0xa0, 0xe3,
	0xed, 0xff, 0xff, 0xea, 0x00, 0x10, 0xa0, 0xe1, 0x48, 0x00, 0x9f, 0xe5, 0x20, 0x00, 0x90, 0xe5,
	0xa0, 0x04, 0xa0, 0xe1, 0x80, 0x04, 0xa0, 0xe1, 0x01, 0x00, 0x80, 0xe1, 0x34, 0x20, 0x9f, 0xe5,
	0x20, 0x00, 0x82, 0xe5, 0x00, 0x00, 0xa0, 0xe1, 0x28, 0x00, 0x9f, 0xe5, 0x68, 0x00, 0x90, 0xe5,
	0x00, 0x0f, 0xb0, 0xe1, 0xfb, 0xff, 0xff, 0x5a, 0x18, 0x00, 0x9f, 0xe5, 0x70, 0x00, 0x90, 0xe5,
	0x02, 0x00, 0x80, 0xe3, 0x0c, 0x20, 0x9f, 0xe5, 0x70, 0x00, 0x82, 0xe5, 0x01, 0x00, 0xa0, 0xe3,
	0x0e, 0xf0, 0xa0, 0xe1, 0x00, 0x00, 0x30, 0xf4, 0x00, 0x00, 0x00, 0xf1, 0x11, 0x88, 0x00, 0x00,
	0x02, 0x20, 0x01, 0x00, 0xf0, 0x10, 0x9f, 0xe5, 0x40, 0x0f, 0xa0, 0xe3, 0xec, 0x20, 0x9f, 0xe5,
	0x00, 0x00, 0x82, 0xe5, 0xe8, 0x00, 0x9f, 0xe5, 0xe0, 0x20, 0x9f, 0xe5, 0x10, 0x00, 0x82, 0xe5,
	0xd8, 0x00, 0x9f, 0xe5, 0x14, 0x00, 0x90, 0xe5, 0xc0, 0x0f, 0xc0, 0xe3, 0x80, 0x0f, 0x80, 0xe3,
	0xc8, 0x20, 0x9f, 0xe5, 0x14, 0x00, 0x82, 0xe5, 0xc0, 0x00, 0x9f, 0xe5, 0xdc, 0x00, 0x90, 0xe5,
	0x0f, 0x00, 0xc0, 0xe3, 0x0c, 0x00, 0x80, 0xe3, 0xb0, 0x20, 0x9f, 0xe5, 0xdc, 0x00, 0x82, 0xe5,
	0xa8, 0x00, 0x9f, 0xe5, 0x38, 0x10, 0x80, 0xe5, 0x07, 0x00, 0xa0, 0xe3, 0x9c, 0x20, 0x9f, 0xe5,
	0x60, 0x00, 0x82, 0xe5, 0x01, 0x00, 0xa0, 0xe3, 0x0e, 0xf0, 0xa0, 0xe1, 0x00, 0x00, 0xa0, 0xe3,
	0x88, 0x10, 0x9f, 0xe5, 0x60, 0x00, 0x81, 0xe5, 0x00, 0x00, 0xa0, 0xe3, 0x7c, 0x10, 0x9f, 0xe5,
	0x10, 0x00, 0x81, 0xe5, 0x00, 0x00, 0xa0, 0xe3, 0x70, 0x10, 0x9f, 0xe5, 0x14, 0x00, 0x81, 0xe5,
	0x00, 0x00, 0xa0, 0xe3, 0x64, 0x10, 0x9f, 0xe5, 0xdc, 0x00, 0x81, 0xe5, 0x00, 0x00, 0xa0, 0xe3,
	0x58, 0x10, 0x9f, 0xe5, 0x40, 0x00, 0x81, 0xe5, 0x00, 0x00, 0xa0, 0xe3, 0x4c, 0x10, 0x9f, 0xe5,
	0x38, 0x00, 0x81, 0xe5, 0x01, 0x00, 0xa0, 0xe3, 0x40, 0x10, 0x9f, 0xe5, 0x00, 0x00, 0x81, 0xe5,
	0x01, 0x00, 0xa0, 0xe3, 0x0e, 0xf0, 0xa0, 0xe1, 0x30, 0x00, 0x9f, 0xe5, 0xfc, 0x00, 0x90, 0xe5,
	0x00, 0x09, 0xb0, 0xe1, 0x06, 0x00, 0x00, 0x5a, 0x20, 0x00, 0x9f, 0xe5, 0xfc, 0x00, 0x90, 0xe5,
	0x40, 0x0c, 0x80, 0xe3, 0x14, 0x10, 0x9f, 0xe5, 0xfc, 0x00, 0x81, 0xe5, 0x01, 0x00, 0xa0, 0xe3,
	0x0e, 0xf0, 0xa0, 0xe1, 0x00, 0x00, 0xa0, 0xe3, 0xfc, 0xff, 0xff, 0xea, 0x80, 0x64, 0xd0, 0x00,
	0x00, 0x00, 0x90, 0xf4, 0x3c, 0x00, 0x03, 0x00, 0x3f, 0x40, 0x2d, 0xe9, 0x00, 0xe0, 0xa0, 0xe1,
	0x01, 0xc0, 0xa0, 0xe1, 0x02, 0x40, 0xa0, 0xe1, 0x03, 0x50, 0xa0, 0xe1, 0x10, 0x00, 0x9f, 0xe5,
	0x00, 0x00, 0x8d, 0xe5, 0x04, 0xc0, 0x8d, 0xe5, 0x0f, 0x00, 0x9d, 0xe8, 0x10, 0xd0, 0x8d, 0xe2,
	0x30, 0x80, 0xbd, 0xe8, 0x64, 0x20, 0x01, 0x00, 0x0e, 0xf0, 0xa0, 0xe1, 0x0e, 0xf0, 0xa0, 0xe1,
	0x4d, 0x00, 0x00, 0xeb, 0x0d, 0x00, 0x00, 0xeb, 0x4b, 0xfd, 0xff, 0xeb, 0x05, 0x00, 0x00, 0xea,
	0x01, 0x40, 0x2d, 0xe9, 0x42, 0x00, 0x00, 0xeb, 0x01, 0x40, 0xbd, 0xe8, 0x00, 0x00, 0x00, 0xea,
	0x00, 0x00, 0xe0, 0xe3, 0x83, 0x00, 0x00, 0xea, 0x10, 0x40, 0x2d, 0xe9, 0x00, 0x40, 0xa0, 0xe1,
	0xff, 0xff, 0xff, 0xeb, 0x04, 0x00, 0xa0, 0xe1, 0x10, 0x40, 0xbd, 0xe8, 0xf3, 0xff, 0xff, 0xea,
	0xf0, 0x40, 0x2d, 0xe9, 0x0c, 0xd0, 0x4d, 0xe2, 0x01, 0x50, 0xa0, 0xe1, 0x00, 0x40, 0xa0, 0xe1,
	0x88, 0x00, 0x00, 0xeb, 0x00, 0x00, 0xa0, 0xe3, 0x00, 0x40, 0x8d, 0xe5, 0x04, 0x50, 0x8d, 0xe5,
	0xff, 0xff, 0xff, 0xeb, 0x08, 0x00, 0x8d, 0xe5, 0xc8, 0x00, 0x9f, 0xe5, 0x0d, 0x10, 0xa0, 0xe1,
	0x00, 0x00, 0x8f, 0xe0, 0xff, 0xff, 0xff, 0xeb, 0x00, 0x50, 0xa0, 0xe1, 0x01, 0x60, 0xa0, 0xe1,
	0x03, 0x00, 0x9d, 0xe8, 0xff, 0xff, 0xff, 0xeb, 0xff, 0xff, 0xff, 0xeb, 0xff, 0xff, 0xff, 0xeb,
	0x00, 0x10, 0xa0, 0xe3, 0x00, 0x00, 0xa0, 0xe3, 0xff, 0xff, 0xff, 0xeb, 0x00, 0x70, 0xa0, 0xe1,
	0x6a, 0x00, 0x00, 0xeb, 0x00, 0x40, 0xa0, 0xe1, 0x20, 0x70, 0x80, 0xe5, 0x00, 0x00, 0xa0, 0xe3,
	0x00, 0x10, 0xa0, 0xe3, 0xff, 0xff, 0xff, 0xeb, 0x01, 0x10, 0x80, 0xe2, 0x24, 0x10, 0x84, 0xe5,
	0x00, 0x10, 0xa0, 0xe3, 0x00, 0x00, 0xa0, 0xe3, 0xff, 0xff, 0xff, 0xeb, 0x28, 0x00, 0x84, 0xe5,
	0x00, 0x00, 0xa0, 0xe3, 0x00, 0x10, 0xa0, 0xe3, 0xff, 0xff, 0xff, 0xeb, 0x2c, 0x00, 0x84, 0xe5,
	0x00, 0x00, 0xa0, 0xe3, 0x00, 0x10, 0xa0, 0xe3, 0xff, 0xff, 0xff, 0xeb, 0x30, 0x00, 0x84, 0xe5,
	0xff, 0xff, 0xff, 0xeb, 0xff, 0xff, 0xff, 0xeb, 0xff, 0xff, 0xff, 0xeb, 0xff, 0xff, 0xff, 0xeb,
	0xff, 0xff, 0xff, 0xeb, 0xff, 0xff, 0xff, 0xeb, 0xff, 0xff, 0xff, 0xeb, 0xff, 0xff, 0xff, 0xeb,
	0x05, 0x00, 0xa0, 0xe1, 0x06, 0x10, 0xa0, 0xe1, 0x0c, 0xd0, 0x8d, 0xe2, 0xf0, 0x00, 0xbd, 0xe8,
	0x04, 0xf0, 0x9d, 0xe4, 0x08, 0x40, 0x2d, 0xe9, 0xff, 0xff, 0xff, 0xeb, 0xff, 0xff, 0xff, 0xeb,
	0xff, 0xff, 0xff, 0xeb, 0x08, 0x80, 0xbd, 0xe8, 0xc0, 0x00, 0x00, 0x00, 0x0e, 0x50, 0xa0, 0xe1,
	0x42, 0x00, 0x00, 0xeb, 0x05, 0xe0, 0xa0, 0xe1, 0x00, 0x40, 0xa0, 0xe1, 0x0d, 0x10, 0xa0, 0xe1,
	0x0a, 0x30, 0xa0, 0xe1, 0x07, 0x00, 0xc0, 0xe3, 0x60, 0xd0, 0x80, 0xe2, 0x10, 0x40, 0x2d, 0xe9,
	0x98, 0xff, 0xff, 0xeb, 0x10, 0x40, 0xbd, 0xe8, 0x07, 0xd0, 0xc1, 0xe3, 0x00, 0x60, 0xa0, 0xe3,
	0x00, 0x70, 0xa0, 0xe3, 0x00, 0x80, 0xa0, 0xe3, 0x00, 0xb0, 0xa0, 0xe3, 0x04, 0xc0, 0xa0, 0xe1,
	0xc0, 0x09, 0xac, 0xe8, 0xc0, 0x09, 0xac, 0xe8, 0xc0, 0x09, 0xac, 0xe8, 0xc0, 0x09, 0xac, 0xe8,
	0x13, 0x40, 0x2d, 0xe9, 0x00, 0x00, 0xa0, 0xe3, 0x00, 0x10, 0xa0, 0xe3, 0xff, 0xff, 0xff, 0xeb,
	0x40, 0x10, 0x81, 0xe2, 0x01, 0x20, 0x80, 0xe0, 0x44, 0x2f, 0x82, 0xe2, 0x1c, 0x20, 0x84, 0xe5,
	0x18, 0x10, 0x84, 0xe5, 0x01, 0x00, 0xa0, 0xe3, 0x10, 0x00, 0x84, 0xe5, 0x13, 0x40, 0xbd, 0xe8,
	0x14, 0x00, 0x84, 0xe5, 0x00, 0x10, 0xa0, 0xe1, 0x0e, 0xf0, 0xa0, 0xe1, 0x10, 0x40, 0x2d, 0xe9,
	0x03, 0x00, 0x2d, 0xe9, 0x1d, 0x00, 0x00, 0xeb, 0x00, 0x40, 0xa0, 0xe1, 0x03, 0x00, 0xbd, 0xe8,
	0x1c, 0x30, 0x94, 0xe5, 0x03, 0x30, 0x4d, 0xe0, 0x14, 0x20, 0x94, 0xe5, 0x00, 0x20, 0x81, 0xe5,
	0x00, 0xe0, 0x82, 0xe0, 0x03, 0x00, 0x5e, 0xe1, 0x0a, 0x00, 0x00, 0x8a, 0x0e, 0x30, 0x93, 0xe0,
	0x63, 0x30, 0xa0, 0xe1, 0x07, 0x30, 0xc3, 0xe3, 0x40, 0x1d, 0x8e, 0xe2, 0x07, 0x10, 0x81, 0xe2,
	0x07, 0x10, 0xc1, 0xe3, 0x03, 0x00, 0x51, 0xe1, 0x03, 0x10, 0xa0, 0x81, 0x02, 0x00, 0x41, 0xe0,
	0x14, 0x10, 0x84, 0xe5, 0x10, 0x80, 0xbd, 0xe8, 0x00, 0x20, 0xa0, 0xe1, 0x00, 0x00, 0xa0, 0xe3,
	0xff, 0xff, 0xff, 0xeb, 0x10, 0x80, 0xbd, 0xe8, 0x18, 0x00, 0xa0, 0xe3, 0x08, 0x10, 0x9f, 0xe5,
	0x56, 0x34, 0x12, 0xef, 0x0e, 0xf0, 0xa0, 0xe1, 0x14, 0x00, 0x00, 0x00, 0x26, 0x00, 0x02, 0x00,
	0x00, 0x00, 0x9f, 0xe5, 0x0e, 0xf0, 0xa0, 0xe1, 0x04, 0x20, 0x01, 0x00, 0x0e, 0xf0, 0xa0, 0xe1,
	0x10, 0x40, 0x2d, 0xe9, 0xf9, 0xff, 0xff, 0xeb, 0x04, 0x00, 0x80, 0xe2, 0x10, 0x80, 0xbd, 0xe8,
	0x00, 0xf0, 0x90, 0xe5, 0x00, 0xf0, 0xa0, 0xe1, 0x10, 0x40, 0x2d, 0xe9, 0xf7, 0xff, 0xff, 0xeb,
	0x00, 0x10, 0xa0, 0xe3, 0x00, 0x10, 0x80, 0xe5, 0x10, 0x80, 0xbd, 0xe8, 0x00, 0x00, 0x00, 0x00,
	0x00, 0x00, 0x00, 0x00, 0x00, 0x00, 0x00, 0x00, 0x00, 0x00, 0x00, 0x00, 0x00, 0x00, 0x00, 0x00,
	0x00, 0x00, 0x00, 0x00, 0x00, 0x00, 0x00, 0x00, 0x00, 0x00, 0x00, 0x00, 0x00, 0x00, 0x00, 0x00,
	0x00, 0x00, 0x00, 0x00, 0x00, 0x00, 0x00, 0x00, 0x00, 0x00, 0x00, 0x00, 0x00, 0x00, 0x00, 0x00,
	0x00, 0x00, 0x00, 0x00, 0x00, 0x00, 0x00, 0x00, 0x00, 0x00, 0x00, 0x00, 0x00, 0x00, 0x00, 0x00,
	0x00, 0x00, 0x00, 0x00, 0x00, 0x00, 0x00, 0x00, 0x00, 0x00, 0x00, 0x00, 0x00, 0x00, 0x00, 0x00,
	0x00, 0x00, 0x00, 0x00, 0x00, 0x00, 0x00, 0x00, 0x00, 0x00, 0x00, 0x00, 0x00, 0x00, 0x00, 0x00,
	0x00, 0x20, 0x40, 0x00, 0x00, 0x20, 0x01, 0x00, 0x00, 0x00, 0x00, 0x00, 0x00, 0x20, 0x40, 0x00,
	0x64, 0x20, 0x01, 0x00, 0x00, 0x00, 0x00, 0x00, 0x00, 0x20, 0x40, 0x00, 0xf0, 0x7f, 0x01, 0x00,
	0x00, 0x00, 0x00, 0x00, 0x00, 0x00, 0x00, 0x00, 0x00, 0x00, 0x00, 0x00, 0x00, 0x00, 0x00, 0x00,
	0x00, 0x00, 0x00, 0xf0, 0x00, 0x00, 0x00, 0xf1, 0x00, 0x00, 0x00, 0x00, 0x00, 0x00, 0x00, 0xf0,
	0x00, 0x00, 0x40, 0xf4, 0x00, 0x00, 0x00, 0x00, 0x00, 0x00, 0x00, 0xf0, 0x00, 0x00, 0x90, 0xf4,
	0x00, 0x00, 0x00, 0x00, 0xd0, 0x03, 0x40, 0x00, 0x00, 0x00, 0x00, 0x00, 0x00, 0x04, 0x40, 0x00,
	0x00, 0x00, 0x00, 0x00, 0x80, 0x04, 0x40, 0x00, 0x00, 0x00, 0x00, 0x00, 0x1c, 0x0f, 0x40, 0x00,
	0x00, 0x00, 0x00, 0x00, 0x00, 0x10, 0x40, 0x00, 0x00, 0x00, 0x00, 0x00, 0x10, 0x10, 0x40, 0x00,
	0x00, 0x00, 0x00, 0x00, 0x8c, 0x12, 0x40, 0x00, 0x00, 0x00, 0x00, 0x00, 0x00, 0x20, 0x40, 0x00,
	0x00, 0x00, 0x00, 0x00, 0x00, 0x20, 0x01, 0x00, 0x64, 0x00, 0x00, 0x00, 0xff, 0xff, 0xff, 0xff,
	0xff, 0xff, 0xff, 0xff, 0xff, 0xff, 0xff, 0xff, 0xff, 0xff, 0xff, 0xff, 0xff, 0xff, 0xff, 0xff,
	0xff, 0xff, 0xff, 0xff, 0xff, 0xff, 0xff, 0xff, 0xff, 0xff, 0xff, 0xff, 0xff, 0xff, 0xff, 0xff,
	0xff, 0xff, 0xff, 0xff, 0xff, 0xff, 0xff, 0xff, 0xff, 0xff, 0xff, 0xff, 0xff, 0xff, 0xff, 0xff,
	0xff, 0xff, 0xff, 0xff, 0xff, 0xff, 0xff, 0xff, 0xff, 0xff, 0xff, 0xff, 0xff, 0xff, 0xff, 0xff,
	0xff, 0xff, 0xff, 0xff, 0xff, 0xff, 0xff, 0xff, 0xff, 0xff, 0xff, 0xff, 0xff, 0xff, 0xff, 0xff,
	0xff, 0xff, 0xff, 0xff, 0xff, 0xff, 0xff, 0xff, 0xff, 0xff, 0xff, 0xff, 0xff, 0xff, 0xff, 0xff,
	0xff, 0xff, 0xff, 0xff, 0xff, 0xff, 0xff, 0xff, 0xff, 0xff, 0xff, 0xff, 0xff, 0xff, 0xff, 0xff,
	0xff, 0xff, 0xff, 0xff, 0xff, 0xff, 0xff, 0xff, 0xff, 0xff, 0xff, 0xff, 0xff, 0xff, 0xff, 0xff,
	0xff, 0xff, 0xff, 0xff, 0xff, 0xff, 0xff, 0xff, 0xff, 0xff, 0xff, 0xff, 0xff, 0xff, 0xff, 0xff,
	0xff, 0xff, 0xff, 0xff, 0xff, 0xff, 0xff, 0xff, 0xff, 0xff, 0xff, 0xff, 0xff, 0xff, 0xff, 0xff,
	0xff, 0xff, 0xff, 0xff, 0xff, 0xff, 0xff, 0xff, 0xff, 0xff, 0xff, 0xff, 0xff, 0xff, 0xff, 0xff,
	0xff, 0xff, 0xff, 0xff, 0xff, 0xff, 0xff, 0xff, 0xff, 0xff, 0xff, 0xff, 0xff, 0xff, 0xff, 0xff,
	0xff, 0xff, 0xff, 0xff, 0xff, 0xff, 0xff, 0xff, 0xff, 0xff, 0xff, 0xff, 0xff, 0xff, 0xff, 0xff,
	0xff, 0xff, 0xff, 0xff, 0xff, 0xff, 0xff, 0xff, 0xff, 0xff, 0xff, 0xff, 0xff, 0xff, 0xff, 0xff,
	0xff, 0xff, 0xff, 0xff, 0xff, 0xff, 0xff, 0xff, 0xff, 0xff, 0xff, 0xff, 0xff, 0xff, 0xff, 0xff,
	0xf0, 0x47, 0x2d, 0xe9, 0x00, 0xa0, 0xa0, 0xe1, 0x00, 0x90, 0xa0, 0xe3, 0x00, 0x80, 0xa0, 0xe3,
	0x00, 0x00, 0xa0, 0xe1, 0x00, 0x00, 0xa0, 0xe1, 0x00, 0x50, 0xa0, 0xe3, 0x0a, 0x60, 0xa0, 0xe1,
	0x30, 0xfe, 0xff, 0xeb, 0x00, 0x90, 0xa0, 0xe1, 0x2e, 0xfe, 0xff, 0xeb, 0x00, 0x80, 0xa0, 0xe1,
	0x00, 0x70, 0xa0, 0xe3, 0x08, 0x04, 0x89, 0xe1, 0x07, 0x00, 0x50, 0xe1, 0x08, 0x00, 0x00, 0x9a,
	0x01, 0x00, 0x00, 0xea, 0x01, 0x70, 0x87, 0xe2, 0xf9, 0xff, 0xff, 0xea, 0x25, 0xfe, 0xff, 0xeb,
	0x00, 0x40, 0xa0, 0xe1, 0x04, 0x50, 0x25, 0xe0, 0x00, 0x40, 0xc6, 0xe5, 0x01, 0x60, 0x86, 0xe2,
	0xf7, 0xff, 0xff, 0xea, 0x1f, 0xfe, 0xff, 0xeb, 0x00, 0x40, 0xa0, 0xe1, 0x05, 0x00, 0x54, 0xe1,
	0x01, 0x00, 0x00, 0x1a, 0x01, 0x00, 0xa0, 0xe3, 0xf0, 0x87, 0xbd, 0xe8, 0x00, 0x00, 0xa0, 0xe3,
	0xfc, 0xff, 0xff, 0xea, 0xe4, 0x21, 0x9f, 0xe5, 0x00, 0x10, 0x92, 0xe5, 0x80, 0x0f, 0xa0, 0xe3,
	0x01, 0x00, 0xc0, 0xe1, 0x80, 0x3f, 0xc1, 0xe3, 0x03, 0x10, 0x80, 0xe0, 0x00, 0x10, 0x82, 0xe5,
	0x01, 0x00, 0xa0, 0xe3, 0x0e, 0xf0, 0xa0, 0xe1, 0x00, 0x00, 0xa0, 0xe3, 0xc0, 0x11, 0x9f, 0xe5,
	0x04, 0x30, 0x91, 0xe4, 0x03, 0x2b, 0xa0, 0xe1, 0xa2, 0x0f, 0xa0, 0xe1, 0x04, 0x30, 0x91, 0xe4,
	0x80, 0x2f, 0x03, 0xe2, 0x22, 0x04, 0x80, 0xe0, 0x04, 0x30, 0x91, 0xe4, 0x80, 0x2f, 0x03, 0xe2,
	0xa2, 0x03, 0x80, 0xe0, 0x04, 0x30, 0x91, 0xe4, 0x80, 0x2f, 0x03, 0xe2, 0x22, 0x03, 0x80, 0xe0,
	0x04, 0x30, 0x91, 0xe4, 0x80, 0x2f, 0x03, 0xe2, 0xa2, 0x02, 0x80, 0xe0, 0x04, 0x30, 0x91, 0xe4,
	0x80, 0x2f, 0x03, 0xe2, 0x22, 0x02, 0x80, 0xe0, 0x04, 0x30, 0x91, 0xe4, 0x80, 0x2f, 0x03, 0xe2,
	0xa2, 0x01, 0x80, 0xe0, 0x00, 0x20, 0x91, 0xe5, 0x80, 0x2f, 0x02, 0xe2, 0x22, 0x21, 0x80, 0xe0,
	0xff, 0x00, 0x02, 0xe2, 0x0e, 0xf0, 0xa0, 0xe1, 0x50, 0x11, 0x9f, 0xe5, 0x50, 0x0e, 0xa0, 0xe3,
	0x00, 0x00, 0x81, 0xe5, 0x01, 0x00, 0xa0, 0xe3, 0x0e, 0xf0, 0xa0, 0xe1, 0x44, 0x11, 0x9f, 0xe5,
	0x40, 0x0f, 0xa0, 0xe3, 0x00, 0x00, 0x81, 0xe5, 0xcc, 0x10, 0x81, 0xe2, 0x40, 0x0f, 0xa0, 0xe3,
	0x00, 0x00, 0x81, 0xe5, 0x40, 0x13, 0x81, 0xe0, 0x40, 0x0f, 0xa0, 0xe3, 0x00, 0x00, 0x81, 0xe5,
	0x40, 0x13, 0x81, 0xe1, 0x40, 0x0f, 0xa0, 0xe3, 0x00, 0x00, 0x81, 0xe5, 0x40, 0x13, 0x81, 0xe0,
	0x40, 0x0f, 0xa0, 0xe3, 0x00, 0x00, 0x81, 0xe5, 0x40, 0x13, 0x81, 0xe1, 0x40, 0x0f, 0xa0, 0xe3,
	0x00, 0x00, 0x81, 0xe5, 0x40, 0x13, 0x81, 0xe0, 0x40, 0x0f, 0xa0, 0xe3, 0x00, 0x00, 0x81, 0xe5,
	0x40, 0x13, 0x81, 0xe1, 0x40, 0x0f, 0xa0, 0xe3, 0x00, 0x00, 0x81, 0xe5, 0x40, 0x13, 0x81, 0xe0,
	0x40, 0x0f, 0xa0, 0xe3, 0x00, 0x00, 0x81, 0xe5, 0x01, 0x00, 0xa0, 0xe3, 0x0e, 0xf0, 0xa0, 0xe1,
	0xf8, 0x43, 0x2d, 0xe9, 0x00, 0x50, 0xa0, 0xe3, 0x00, 0x40, 0xa0, 0xe3, 0x00, 0x80, 0xa0, 0xe3,
	0x00, 0x60, 0xa0, 0xe3, 0x10, 0x6f, 0x11, 0xee, 0x40, 0x6d, 0x86, 0xe3, 0x10, 0x6f, 0x01, 0xee,
	0xd9, 0xff, 0xff, 0xeb, 0xb7, 0xff, 0xff, 0xeb, 0x00, 0x90, 0xa0, 0xe1, 0xad, 0x00, 0x59, 0xe3,
	0x01, 0x00, 0x00, 0x0a, 0x00, 0x00, 0xa0, 0xe1, 0xfe, 0xff, 0xff, 0xea, 0xcd, 0xff, 0xff, 0xeb,
	0xa7, 0xff, 0xff, 0xeb, 0xaf, 0xff, 0xff, 0xeb, 0x00, 0x50, 0xa0, 0xe1, 0xa4, 0xff, 0xff, 0xeb,
	0xac, 0xff, 0xff, 0xeb, 0x00, 0x04, 0x85, 0xe0, 0x00, 0x58, 0xa0, 0xe1, 0x25, 0x58, 0xa0, 0xe1,
	0x9f, 0xff, 0xff, 0xeb, 0xa7, 0xff, 0xff, 0xeb, 0x00, 0x40, 0xa0, 0xe1, 0x9c, 0xff, 0xff, 0xeb,
	0xa4, 0xff, 0xff, 0xeb, 0x00, 0x44, 0x84, 0xe0, 0x99, 0xff, 0xff, 0xeb, 0xa1, 0xff, 0xff, 0xeb,
	0x00, 0x48, 0x84, 0xe0, 0x96, 0xff, 0xff, 0xeb, 0x9e, 0xff, 0xff, 0xeb, 0x00, 0x4c, 0x84, 0xe0,
	0x93, 0xff, 0xff, 0xeb, 0x04, 0x70, 0xa0, 0xe1, 0x00, 0x00, 0xa0, 0xe1, 0x05, 0x00, 0x58, 0xe1,
	0x06, 0x00, 0x00, 0x2a, 0x97, 0xff, 0xff, 0xeb, 0x00, 0x00, 0xc7, 0xe5, 0x8c, 0xff, 0xff, 0xeb,
	0x01, 0x70, 0x87, 0xe2, 0x01, 0x00, 0x88, 0xe2, 0x40, 0x8b, 0xc0, 0xe3, 0xf6, 0xff, 0xff, 0xea,
	0x04, 0x00, 0xa0, 0xe1, 0xe2, 0xfe, 0xff, 0xeb, 0x00, 0x00, 0xa0, 0xe3, 0xf8, 0x83, 0xbd, 0xe8,
	0xec, 0x00, 0x30, 0xf4, 0xcc, 0x00, 0x30, 0xf4, 0x00, 0x00, 0x30, 0xf4, 0xff, 0xff, 0xff, 0xff,
	0xff, 0xff, 0xff, 0xff, 0xff, 0xff, 0xff, 0xff, 0xff, 0xff, 0xff, 0xff, 0xff, 0xff, 0xff, 0xff,
	0xff, 0xff, 0xff, 0xff, 0xff, 0xff, 0xff, 0xff, 0xff, 0xff, 0xff, 0xff, 0xff, 0xff, 0xff, 0xff,
	0xff, 0xff, 0xff, 0xff, 0xff, 0xff, 0xff, 0xff, 0xff, 0xff, 0xff, 0xff, 0xff, 0xff, 0xff, 0xff,
	0xff, 0xff, 0xff, 0xff, 0xff, 0xff, 0xff, 0xff, 0xff, 0xff, 0xff, 0xff, 0xff, 0xff, 0xff, 0xff,
	0xff, 0xff, 0xff, 0xff, 0xff, 0xff, 0xff, 0xff, 0xff, 0xff, 0xff, 0xff, 0xff, 0xff, 0xff, 0xff,
	0xff, 0xff, 0xff, 0xff, 0xff, 0xff, 0xff, 0xff, 0xff, 0xff, 0xff, 0xff, 0xff, 0xff, 0xff, 0xff,
	0xff, 0xff, 0xff, 0xff, 0xff, 0xff, 0xff, 0xff, 0xff, 0xff, 0xff, 0xff, 0xff, 0xff, 0xff, 0xff,
	0xff, 0xff, 0xff, 0xff, 0xff, 0xff, 0xff, 0xff, 0xff, 0xff, 0xff, 0xff, 0xff, 0xff, 0xff, 0xff,
	0xff, 0xff, 0xff, 0xff, 0xff, 0xff, 0xff, 0xff, 0xff, 0xff, 0xff, 0xff, 0xff, 0xff, 0xff, 0xff,
	0xff, 0xff, 0xff, 0xff, 0xff, 0xff, 0xff, 0xff, 0xff, 0xff, 0xff, 0xff, 0xff, 0xff, 0xff, 0xff,
	0xff, 0xff, 0xff, 0xff, 0xff, 0xff, 0xff, 0xff, 0xff, 0xff, 0xff, 0xff, 0xff, 0xff, 0xff, 0xff,
	0xff, 0xff, 0xff, 0xff, 0xff, 0xff, 0xff, 0xff, 0xff, 0xff, 0xff, 0xff, 0xff, 0xff, 0xff, 0xff,
	0xff, 0xff, 0xff, 0xff, 0xff, 0xff, 0xff, 0xff, 0xff, 0xff, 0xff, 0xff, 0xff, 0xff, 0xff, 0xff,
	0xff, 0xff, 0xff, 0xff, 0xff, 0xff, 0xff, 0xff, 0xff, 0xff, 0xff, 0xff, 0xff, 0xff, 0xff, 0xff,
	0xff, 0xff, 0xff, 0xff, 0xff, 0xff, 0xff, 0xff, 0xff, 0xff, 0xff, 0xff, 0xff, 0xff, 0xff, 0xff,
	0xff, 0xff, 0xff, 0xff, 0xff, 0xff, 0xff, 0xff, 0xff, 0xff, 0xff, 0xff, 0xff, 0xff, 0xff, 0xff,
	0xff, 0xff, 0xff, 0xff, 0xff, 0xff, 0xff, 0xff, 0xff, 0xff, 0xff, 0xff, 0xff, 0xff, 0xff, 0xff,
	0xff, 0xff, 0xff, 0xff, 0xff, 0xff, 0xff, 0xff, 0xff, 0xff, 0xff, 0xff, 0xff, 0xff, 0xff, 0xff,
	0xff, 0xff, 0xff, 0xff, 0xff, 0xff, 0xff, 0xff, 0xff, 0xff, 0xff, 0xff, 0xff, 0xff, 0xff, 0xff,
	0xff, 0xff, 0xff, 0xff, 0xff, 0xff, 0xff, 0xff, 0xff, 0xff, 0xff, 0xff, 0xff, 0xff, 0xff, 0xff,
	0xff, 0xff, 0xff, 0xff, 0xff, 0xff, 0xff, 0xff, 0xff, 0xff, 0xff, 0xff, 0xff, 0xff, 0xff, 0xff,
	0xff, 0xff, 0xff, 0xff, 0xff, 0xff, 0xff, 0xff, 0xff, 0xff, 0xff, 0xff, 0xff, 0xff, 0xff, 0xff,
	0xff, 0xff, 0xff, 0xff, 0xff, 0xff, 0xff, 0xff, 0xff, 0xff, 0xff, 0xff, 0xff, 0xff, 0xff, 0xff,
	0xff, 0xff, 0xff, 0xff, 0xff, 0xff, 0xff, 0xff, 0xff, 0xff, 0xff, 0xff, 0xff, 0xff, 0xff, 0xff,
	0xff, 0xff, 0xff, 0xff, 0xff, 0xff, 0xff, 0xff, 0xff, 0xff, 0xff, 0xff, 0xff, 0xff, 0xff, 0xff,
	0xff, 0xff, 0xff, 0xff, 0xff, 0xff, 0xff, 0xff, 0xff, 0xff, 0xff, 0xff, 0xff, 0xff, 0xff, 0xff,
	0xff, 0xff, 0xff, 0xff, 0xff, 0xff, 0xff, 0xff, 0xff, 0xff, 0xff, 0xff, 0xff, 0xff, 0xff, 0xff,
	0xff, 0xff, 0xff, 0xff, 0xff, 0xff, 0xff, 0xff, 0xff, 0xff, 0xff, 0xff, 0xff, 0xff, 0xff, 0xff,
	0xff, 0xff, 0xff, 0xff, 0xff, 0xff, 0xff, 0xff, 0xff, 0xff, 0xff, 0xff, 0xff, 0xff, 0xff, 0xff,
	0xff, 0xff, 0xff, 0xff, 0xff, 0xff, 0xff, 0xff, 0xff, 0xff, 0xff, 0xff, 0xff, 0xff, 0xff, 0xff,
	0xff, 0xff, 0xff, 0xff, 0xff, 0xff, 0xff, 0xff, 0xff, 0xff, 0xff, 0xff, 0xff, 0xff, 0xff, 0xff,
	0xff, 0xff, 0xff, 0xff, 0xff, 0xff, 0xff, 0xff, 0xff, 0xff, 0xff, 0xff, 0xff, 0xff, 0xff, 0xff,
	0xff, 0xff, 0xff, 0xff, 0xff, 0xff, 0xff, 0xff, 0xff, 0xff, 0xff, 0xff, 0xff, 0xff, 0xff, 0xff,
	0xff, 0xff, 0xff, 0xff, 0xff, 0xff, 0xff, 0xff, 0xff, 0xff, 0xff, 0xff, 0xff, 0xff, 0xff, 0xff,
	0xff, 0xff, 0xff, 0xff, 0xff, 0xff, 0xff, 0xff, 0xff, 0xff, 0xff, 0xff, 0xff, 0xff, 0xff, 0xff,
	0xff, 0xff, 0xff, 0xff, 0xff, 0xff, 0xff, 0xff, 0xff, 0xff, 0xff, 0xff, 0xff, 0xff, 0xff, 0xff,
	0xff, 0xff, 0xff, 0xff, 0xff, 0xff, 0xff, 0xff, 0xff, 0xff, 0xff, 0xff, 0xff, 0xff, 0xff, 0xff,
	0xff, 0xff, 0xff, 0xff, 0xff, 0xff, 0xff, 0xff, 0xff, 0xff, 0xff, 0xff, 0xff, 0xff, 0xff, 0xff,
	0xff, 0xff, 0xff, 0xff, 0xff, 0xff, 0xff, 0xff, 0xff, 0xff, 0xff, 0xff, 0xff, 0xff, 0xff, 0xff,
	0xff, 0xff, 0xff, 0xff, 0xff, 0xff, 0xff, 0xff, 0xff, 0xff, 0xff, 0xff, 0xff, 0xff, 0xff, 0xff,
	0xff, 0xff, 0xff, 0xff, 0xff, 0xff, 0xff, 0xff, 0xff, 0xff, 0xff, 0xff, 0xff, 0xff, 0xff, 0xff,
	0xff, 0xff, 0xff, 0xff, 0xff, 0xff, 0xff, 0xff, 0xff, 0xff, 0xff, 0xff, 0xff, 0xff, 0xff, 0xff,
	0xff, 0xff, 0xff, 0xff, 0xff, 0xff, 0xff, 0xff, 0xff, 0xff, 0xff, 0xff, 0xff, 0xff, 0xff, 0xff,
	0xff, 0xff, 0xff, 0xff, 0xff, 0xff, 0xff, 0xff, 0xff, 0xff, 0xff, 0xff, 0xff, 0xff, 0xff, 0xff,
	0xff, 0xff, 0xff, 0xff, 0xff, 0xff, 0xff, 0xff, 0xff, 0xff, 0xff, 0xff, 0xff, 0xff, 0xff, 0xff,
	0xff, 0xff, 0xff, 0xff, 0xff, 0xff, 0xff, 0xff, 0xff, 0xff, 0xff, 0xff, 0xff, 0xff, 0xff, 0xff,
	0xff, 0xff, 0xff, 0xff, 0xff, 0xff, 0xff, 0xff, 0xff, 0xff, 0xff, 0xff, 0xff, 0xff, 0xff, 0xff,
	0xff, 0xff, 0xff, 0xff, 0xff, 0xff, 0xff, 0xff, 0xff, 0xff, 0xff, 0xff, 0xff, 0xff, 0xff, 0xff,
	0xff, 0xff, 0xff, 0xff, 0xff, 0xff, 0xff, 0xff, 0xff, 0xff, 0xff, 0xff, 0xff, 0xff, 0xff, 0xff,
	0xff, 0xff, 0xff, 0xff, 0xff, 0xff, 0xff, 0xff, 0xff, 0xff, 0xff, 0xff, 0xff, 0xff, 0xff, 0xff,
	0xff, 0xff, 0xff, 0xff, 0xff, 0xff, 0xff, 0xff, 0xff, 0xff, 0xff, 0xff, 0xff, 0xff, 0xff, 0xff,
	0xff, 0xff, 0xff, 0xff, 0xff, 0xff, 0xff, 0xff, 0xff, 0xff, 0xff, 0xff, 0xff, 0xff, 0xff, 0xff,
	0xff, 0xff, 0xff, 0xff, 0xff, 0xff, 0xff, 0xff, 0xff, 0xff, 0xff, 0xff, 0xff, 0xff, 0xff, 0xff,
	0xff, 0xff, 0xff, 0xff, 0xff, 0xff, 0xff, 0xff, 0xff, 0xff, 0xff, 0xff, 0xff, 0xff, 0xff, 0xff,
	0xff, 0xff, 0xff, 0xff, 0xff, 0xff, 0xff, 0xff, 0xff, 0xff, 0xff, 0xff, 0xff, 0xff, 0xff, 0xff,
	0xff, 0xff, 0xff, 0xff, 0xff, 0xff, 0xff, 0xff, 0xff, 0xff, 0xff, 0xff, 0xff, 0xff, 0xff, 0xff,
	0xff, 0xff, 0xff, 0xff, 0xff, 0xff, 0xff, 0xff, 0xff, 0xff, 0xff, 0xff, 0xff, 0xff, 0xff, 0xff,
	0xff, 0xff, 0xff, 0xff, 0xff, 0xff, 0xff, 0xff, 0xff, 0xff, 0xff, 0xff, 0xff, 0xff, 0xff, 0xff,
	0xff, 0xff, 0xff, 0xff, 0xff, 0xff, 0xff, 0xff, 0xff, 0xff, 0xff, 0xff, 0xff, 0xff, 0xff, 0xff,
	0xff, 0xff, 0xff, 0xff, 0xff, 0xff, 0xff, 0xff, 0xff, 0xff, 0xff, 0xff, 0xff, 0xff, 0xff, 0xff,
	0xff, 0xff, 0xff, 0xff, 0xff, 0xff, 0xff, 0xff, 0xff, 0xff, 0xff, 0xff, 0xff, 0xff, 0xff, 0xff,
	0xff, 0xff, 0xff, 0xff, 0xff, 0xff, 0xff, 0xff, 0xff, 0xff, 0xff, 0xff, 0xff, 0xff, 0xff, 0xff,
	0xff, 0xff, 0xff, 0xff, 0xff, 0xff, 0xff, 0xff, 0xff, 0xff, 0xff, 0xff, 0xff, 0xff, 0xff, 0xff,
	0xff, 0xff, 0xff, 0xff, 0xff, 0xff, 0xff, 0xff, 0xff, 0xff, 0xff, 0xff, 0xff, 0xff, 0xff, 0xff,
	0xff, 0xff, 0xff, 0xff, 0xff, 0xff, 0xff, 0xff, 0xff, 0xff, 0xff, 0xff, 0xff, 0xff, 0xff, 0xff,
	0xff, 0xff, 0xff, 0xff, 0xff, 0xff, 0xff, 0xff, 0xff, 0xff, 0xff, 0xff, 0xff, 0xff, 0xff, 0xff,
	0xff, 0xff, 0xff, 0xff, 0xff, 0xff, 0xff, 0xff, 0xff, 0xff, 0xff, 0xff, 0xff, 0xff, 0xff, 0xff,
	0xff, 0xff, 0xff, 0xff, 0xff, 0xff, 0xff, 0xff, 0xff, 0xff, 0xff, 0xff, 0xff, 0xff, 0xff, 0xff,
	0xff, 0xff, 0xff, 0xff, 0xff, 0xff, 0xff, 0xff, 0xff, 0xff, 0xff, 0xff, 0xff, 0xff, 0xff, 0xff,
	0xff, 0xff, 0xff, 0xff, 0xff, 0xff, 0xff, 0xff, 0xff, 0xff, 0xff, 0xff, 0xff, 0xff, 0xff, 0xff,
	0xff, 0xff, 0xff, 0xff, 0xff, 0xff, 0xff, 0xff, 0xff, 0xff, 0xff, 0xff, 0xff, 0xff, 0xff, 0xff,
	0xff, 0xff, 0xff, 0xff, 0xff, 0xff, 0xff, 0xff, 0xff, 0xff, 0xff, 0xff, 0xff, 0xff, 0xff, 0xff,
	0xff, 0xff, 0xff, 0xff, 0xff, 0xff, 0xff, 0xff, 0xff, 0xff, 0xff, 0xff, 0xff, 0xff, 0xff, 0xff,
	0xff, 0xff, 0xff, 0xff, 0xff, 0xff, 0xff, 0xff, 0xff, 0xff, 0xff, 0xff, 0xff, 0xff, 0xff, 0xff,
	0xff, 0xff, 0xff, 0xff, 0xff, 0xff, 0xff, 0xff, 0xff, 0xff, 0xff, 0xff, 0xff, 0xff, 0xff, 0xff,
	0xff, 0xff, 0xff, 0xff, 0xff, 0xff, 0xff, 0xff, 0xff, 0xff, 0xff, 0xff, 0xff, 0xff, 0xff, 0xff,
	0xff, 0xff, 0xff, 0xff, 0xff, 0xff, 0xff, 0xff, 0xff, 0xff, 0xff, 0xff, 0xff, 0xff, 0xff, 0xff,
	0xff, 0xff, 0xff, 0xff, 0xff, 0xff, 0xff, 0xff, 0xff, 0xff, 0xff, 0xff, 0xff, 0xff, 0xff, 0xff,
	0xff, 0xff, 0xff, 0xff, 0xff, 0xff, 0xff, 0xff, 0xff, 0xff, 0xff, 0xff, 0xff, 0xff, 0xff, 0xff,
	0xff, 0xff, 0xff, 0xff, 0xff, 0xff, 0xff, 0xff, 0xff, 0xff, 0xff, 0xff, 0xff, 0xff, 0xff, 0xff,
	0xff, 0xff, 0xff, 0xff, 0xff, 0xff, 0xff, 0xff, 0xff, 0xff, 0xff, 0xff, 0xff, 0xff, 0xff, 0xff,
	0xff, 0xff, 0xff, 0xff, 0xff, 0xff, 0xff, 0xff, 0xff, 0xff, 0xff, 0xff, 0xff, 0xff, 0xff, 0xff,
	0xff, 0xff, 0xff, 0xff, 0xff, 0xff, 0xff, 0xff, 0xff, 0xff, 0xff, 0xff, 0xff, 0xff, 0xff, 0xff,
	0xff, 0xff, 0xff, 0xff, 0xff, 0xff, 0xff, 0xff, 0xff, 0xff, 0xff, 0xff, 0xff, 0xff, 0xff, 0xff,
	0xff, 0xff, 0xff, 0xff, 0xff, 0xff, 0xff, 0xff, 0xff, 0xff, 0xff, 0xff, 0xff, 0xff, 0xff, 0xff,
	0xff, 0xff, 0xff, 0xff, 0xff, 0xff, 0xff, 0xff, 0xff, 0xff, 0xff, 0xff, 0xff, 0xff, 0xff, 0xff,
	0xff, 0xff, 0xff, 0xff, 0xff, 0xff, 0xff, 0xff, 0xff, 0xff, 0xff, 0xff, 0xff, 0xff, 0xff, 0xff,
	0xff, 0xff, 0xff, 0xff, 0xff, 0xff, 0xff, 0xff, 0xff, 0xff, 0xff, 0xff, 0xff, 0xff, 0xff, 0xff,
	0xff, 0xff, 0xff, 0xff, 0xff, 0xff, 0xff, 0xff, 0xff, 0xff, 0xff, 0xff, 0xff, 0xff, 0xff, 0xff,
	0xff, 0xff, 0xff, 0xff, 0xff, 0xff, 0xff, 0xff, 0xff, 0xff, 0xff, 0xff, 0xff, 0xff, 0xff, 0xff,
	0xff, 0xff, 0xff, 0xff, 0xff, 0xff, 0xff, 0xff, 0xff, 0xff, 0xff, 0xff, 0xff, 0xff, 0xff, 0xff,
	0xff, 0xff, 0xff, 0xff, 0xff, 0xff, 0xff, 0xff, 0xff, 0xff, 0xff, 0xff, 0xff, 0xff, 0xff, 0xff,
	0xff, 0xff, 0xff, 0xff, 0xff, 0xff, 0xff, 0xff, 0xff, 0xff, 0xff, 0xff, 0xff, 0xff, 0xff, 0xff,
	0xff, 0xff, 0xff, 0xff, 0xff, 0xff, 0xff, 0xff, 0xff, 0xff, 0xff, 0xff, 0xff, 0xff, 0xff, 0xff,
	0xff, 0xff, 0xff, 0xff, 0xff, 0xff, 0xff, 0xff, 0xff, 0xff, 0xff, 0xff, 0xff, 0xff, 0xff, 0xff,
	0xff, 0xff, 0xff, 0xff, 0xff, 0xff, 0xff, 0xff, 0xff, 0xff, 0xff, 0xff, 0xff, 0xff, 0xff, 0xff,
	0xff, 0xff, 0xff, 0xff, 0xff, 0xff, 0xff, 0xff, 0xff, 0xff, 0xff, 0xff, 0xff, 0xff, 0xff, 0xff,
	0xff, 0xff, 0xff, 0xff, 0xff, 0xff, 0xff, 0xff, 0xff, 0xff, 0xff, 0xff, 0xff, 0xff, 0xff, 0xff,
	0xff, 0xff, 0xff, 0xff, 0xff, 0xff, 0xff, 0xff, 0xff, 0xff, 0xff, 0xff, 0xff, 0xff, 0xff, 0xff,
	0xff, 0xff, 0xff, 0xff, 0xff, 0xff, 0xff, 0xff, 0xff, 0xff, 0xff, 0xff, 0xff, 0xff, 0xff, 0xff,
	0xff, 0xff, 0xff, 0xff, 0xff, 0xff, 0xff, 0xff, 0xff, 0xff, 0xff, 0xff, 0xff, 0xff, 0xff, 0xff,
	0xff, 0xff, 0xff, 0xff, 0xff, 0xff, 0xff, 0xff, 0xff, 0xff, 0xff, 0xff, 0xff, 0xff, 0xff, 0xff,
	0xff, 0xff, 0xff, 0xff, 0xff, 0xff, 0xff, 0xff, 0xff, 0xff, 0xff, 0xff, 0xff, 0xff, 0xff, 0xff,
	0xff, 0xff, 0xff, 0xff, 0xff, 0xff, 0xff, 0xff, 0xff, 0xff, 0xff, 0xff, 0xff, 0xff, 0xff, 0xff,
	0xff, 0xff, 0xff, 0xff, 0xff, 0xff, 0xff, 0xff, 0xff, 0xff, 0xff, 0xff, 0xff, 0xff, 0xff, 0xff,
	0xff, 0xff, 0xff, 0xff, 0xff, 0xff, 0xff, 0xff, 0xff, 0xff, 0xff, 0xff, 0xff, 0xff, 0xff, 0xff,
	0xff, 0xff, 0xff, 0xff, 0xff, 0xff, 0xff, 0xff, 0xff, 0xff, 0xff, 0xff, 0xff, 0xff, 0xff, 0xff,
	0xff, 0xff, 0xff, 0xff, 0xff, 0xff, 0xff, 0xff, 0xff, 0xff, 0xff, 0xff, 0xff, 0xff, 0xff, 0xff,
	0xff, 0xff, 0xff, 0xff, 0xff, 0xff, 0xff, 0xff, 0xff, 0xff, 0xff, 0xff, 0xff, 0xff, 0xff, 0xff,
	0xff, 0xff, 0xff, 0xff, 0xff, 0xff, 0xff, 0xff, 0xff, 0xff, 0xff, 0xff, 0xff, 0xff, 0xff, 0xff,
	0xff, 0xff, 0xff, 0xff, 0xff, 0xff, 0xff, 0xff, 0xff, 0xff, 0xff, 0xff, 0xff, 0xff, 0xff, 0xff,
	0xff, 0xff, 0xff, 0xff, 0xff, 0xff, 0xff, 0xff, 0xff, 0xff, 0xff, 0xff, 0xff, 0xff, 0xff, 0xff,
	0xff, 0xff, 0xff, 0xff, 0xff, 0xff, 0xff, 0xff, 0xff, 0xff, 0xff, 0xff, 0xff, 0xff, 0xff, 0xff,
	0xff, 0xff, 0xff, 0xff, 0xff, 0xff, 0xff, 0xff, 0xff, 0xff, 0xff, 0xff, 0xff, 0xff, 0xff, 0xff,
	0xff, 0xff, 0xff, 0xff, 0xff, 0xff, 0xff, 0xff, 0xff, 0xff, 0xff, 0xff, 0xff, 0xff, 0xff, 0xff,
	0xff, 0xff, 0xff, 0xff, 0xff, 0xff, 0xff, 0xff, 0xff, 0xff, 0xff, 0xff, 0xff, 0xff, 0xff, 0xff,
	0xff, 0xff, 0xff, 0xff, 0xff, 0xff, 0xff, 0xff, 0xff, 0xff, 0xff, 0xff, 0xff, 0xff, 0xff, 0xff,
	0xff, 0xff, 0xff, 0xff, 0xff, 0xff, 0xff, 0xff, 0xff, 0xff, 0xff, 0xff, 0xff, 0xff, 0xff, 0xff,
	0xff, 0xff, 0xff, 0xff, 0xff, 0xff, 0xff, 0xff, 0xff, 0xff, 0xff, 0xff, 0xff, 0xff, 0xff, 0xff,
	0xff, 0xff, 0xff, 0xff, 0xff, 0xff, 0xff, 0xff, 0xff, 0xff, 0xff, 0xff, 0xff, 0xff, 0xff, 0xff,
	0xff, 0xff, 0xff, 0xff, 0xff, 0xff, 0xff, 0xff, 0xff, 0xff, 0xff, 0xff, 0xff, 0xff, 0xff, 0xff,
	0xff, 0xff, 0xff, 0xff, 0xff, 0xff, 0xff, 0xff, 0xff, 0xff, 0xff, 0xff, 0xff, 0xff, 0xff, 0xff,
	0xff, 0xff, 0xff, 0xff, 0xff, 0xff, 0xff, 0xff, 0xff, 0xff, 0xff, 0xff, 0xff, 0xff, 0xff, 0xff,
	0xff, 0xff, 0xff, 0xff, 0xff, 0xff, 0xff, 0xff, 0xff, 0xff, 0xff, 0xff, 0xff, 0xff, 0xff, 0xff,
	0xff, 0xff, 0xff, 0xff, 0xff, 0xff, 0xff, 0xff, 0xff, 0xff, 0xff, 0xff, 0xff, 0xff, 0xff, 0xff,
	0xff, 0xff, 0xff, 0xff, 0xff, 0xff, 0xff, 0xff, 0xff, 0xff, 0xff, 0xff, 0xff, 0xff, 0xff, 0xff,
	0xff, 0xff, 0xff, 0xff, 0xff, 0xff, 0xff, 0xff, 0xff, 0xff, 0xff, 0xff, 0xff, 0xff, 0xff, 0xff,
	0xff, 0xff, 0xff, 0xff, 0xff, 0xff, 0xff, 0xff, 0xff, 0xff, 0xff, 0xff, 0xff, 0xff, 0xff, 0xff,
	0xff, 0xff, 0xff, 0xff, 0xff, 0xff, 0xff, 0xff, 0xff, 0xff, 0xff, 0xff, 0xff, 0xff, 0xff, 0xff,
	0xff, 0xff, 0xff, 0xff, 0xff, 0xff, 0xff, 0xff, 0xff, 0xff, 0xff, 0xff, 0xff, 0xff, 0xff, 0xff,
	0xff, 0xff, 0xff, 0xff, 0xff, 0xff, 0xff, 0xff, 0xff, 0xff, 0xff, 0xff, 0xff, 0xff, 0xff, 0xff,
	0xff, 0xff, 0xff, 0xff, 0xff, 0xff, 0xff, 0xff, 0xff, 0xff, 0xff, 0xff, 0xff, 0xff, 0xff, 0xff,
	0xff, 0xff, 0xff, 0xff, 0xff, 0xff, 0xff, 0xff, 0xff, 0xff, 0xff, 0xff, 0xff, 0xff, 0xff, 0xff,
	0xff, 0xff, 0xff, 0xff, 0xff, 0xff, 0xff, 0xff, 0xff, 0xff, 0xff, 0xff, 0xff, 0xff, 0xff, 0xff,
	0xff, 0xff, 0xff, 0xff, 0xff, 0xff, 0xff, 0xff, 0xff, 0xff, 0xff, 0xff, 0xff, 0xff, 0xff, 0xff,
	0xff, 0xff, 0xff, 0xff, 0xff, 0xff, 0xff, 0xff, 0xff, 0xff, 0xff, 0xff, 0xff, 0xff, 0xff, 0xff,
	0xff, 0xff, 0xff, 0xff, 0xff, 0xff, 0xff, 0xff, 0xff, 0xff, 0xff, 0xff, 0xff, 0xff, 0xff, 0xff,
	0xff, 0xff, 0xff, 0xff, 0xff, 0xff, 0xff, 0xff, 0xff, 0xff, 0xff, 0xff, 0xff, 0xff, 0xff, 0xff,
	0xff, 0xff, 0xff, 0xff, 0xff, 0xff, 0xff, 0xff, 0xff, 0xff, 0xff, 0xff, 0xff, 0xff, 0xff, 0xff,
	0xff, 0xff, 0xff, 0xff, 0xff, 0xff, 0xff, 0xff, 0xff, 0xff, 0xff, 0xff, 0xff, 0xff, 0xff, 0xff,
	0xff, 0xff, 0xff, 0xff, 0xff, 0xff, 0xff, 0xff, 0xff, 0xff, 0xff, 0xff, 0xff, 0xff, 0xff, 0xff,
	0xff, 0xff, 0xff, 0xff, 0xff, 0xff, 0xff, 0xff, 0xff, 0xff, 0xff, 0xff, 0xff, 0xff, 0xff, 0xff,
	0xff, 0xff, 0xff, 0xff, 0xff, 0xff, 0xff, 0xff, 0xff, 0xff, 0xff, 0xff, 0xff, 0xff, 0xff, 0xff,
	0xff, 0xff, 0xff, 0xff, 0xff, 0xff, 0xff, 0xff, 0xff, 0xff, 0xff, 0xff, 0xff, 0xff, 0xff, 0xff,
	0xff, 0xff, 0xff, 0xff, 0xff, 0xff, 0xff, 0xff, 0xff, 0xff, 0xff, 0xff, 0xff, 0xff, 0xff, 0xff,
	0xff, 0xff, 0xff, 0xff, 0xff, 0xff, 0xff, 0xff, 0xff, 0xff, 0xff, 0xff, 0xff, 0xff, 0xff, 0xff,
	0xff, 0xff, 0xff, 0xff, 0xff, 0xff, 0xff, 0xff, 0xff, 0xff, 0xff, 0xff, 0xff, 0xff, 0xff, 0xff,
	0xff, 0xff, 0xff, 0xff, 0xff, 0xff, 0xff, 0xff, 0xff, 0xff, 0xff, 0xff, 0xff, 0xff, 0xff, 0xff,
	0xff, 0xff, 0xff, 0xff, 0xff, 0xff, 0xff, 0xff, 0xff, 0xff, 0xff, 0xff, 0xff, 0xff, 0xff, 0xff,
	0xff, 0xff, 0xff, 0xff, 0xff, 0xff, 0xff, 0xff, 0xff, 0xff, 0xff, 0xff, 0xff, 0xff, 0xff, 0xff,
	0xff, 0xff, 0xff, 0xff, 0xff, 0xff, 0xff, 0xff, 0xff, 0xff, 0xff, 0xff, 0xff, 0xff, 0xff, 0xff,
	0xff, 0xff, 0xff, 0xff, 0xff, 0xff, 0xff, 0xff, 0xff, 0xff, 0xff, 0xff, 0xff, 0xff, 0xff, 0xff,
	0xff, 0xff, 0xff, 0xff, 0xff, 0xff, 0xff, 0xff, 0xff, 0xff, 0xff, 0xff, 0xff, 0xff, 0xff, 0xff,
	0xff, 0xff, 0xff, 0xff, 0xff, 0xff, 0xff, 0xff, 0xff, 0xff, 0xff, 0xff, 0xff, 0xff, 0xff, 0xff,
	0xff, 0xff, 0xff, 0xff, 0xff, 0xff, 0xff, 0xff, 0xff, 0xff, 0xff, 0xff, 0xff, 0xff, 0xff, 0xff,
	0xff, 0xff, 0xff, 0xff, 0xff, 0xff, 0xff, 0xff, 0xff, 0xff, 0xff, 0xff, 0xff, 0xff, 0xff, 0xff,
	0xff, 0xff, 0xff, 0xff, 0xff, 0xff, 0xff, 0xff, 0xff, 0xff, 0xff, 0xff, 0xff, 0xff, 0xff, 0xff,
	0xff, 0xff, 0xff, 0xff, 0xff, 0xff, 0xff, 0xff, 0xff, 0xff, 0xff, 0xff, 0xff, 0xff, 0xff, 0xff,
	0xff, 0xff, 0xff, 0xff, 0xff, 0xff, 0xff, 0xff, 0xff, 0xff, 0xff, 0xff, 0xff, 0xff, 0xff, 0xff,
	0xff, 0xff, 0xff, 0xff, 0xff, 0xff, 0xff, 0xff, 0xff, 0xff, 0xff, 0xff, 0xff, 0xff, 0xff, 0xff,
	0xff, 0xff, 0xff, 0xff, 0xff, 0xff, 0xff, 0xff, 0xff, 0xff, 0xff, 0xff, 0xff, 0xff, 0xff, 0xff,
	0xff, 0xff, 0xff, 0xff, 0xff, 0xff, 0xff, 0xff, 0xff, 0xff, 0xff, 0xff, 0xff, 0xff, 0xff, 0xff,
	0xff, 0xff, 0xff, 0xff, 0xff, 0xff, 0xff, 0xff, 0xff, 0xff, 0xff, 0xff, 0xff, 0xff, 0xff, 0xff,
	0xff, 0xff, 0xff, 0xff, 0xff, 0xff, 0xff, 0xff, 0xff, 0xff, 0xff, 0xff, 0xff, 0xff, 0xff, 0xff,
	0xff, 0xff, 0xff, 0xff, 0xff, 0xff, 0xff, 0xff, 0xff, 0xff, 0xff, 0xff, 0xff, 0xff, 0xff, 0xff,
	0xff, 0xff, 0xff, 0xff, 0xff, 0xff, 0xff, 0xff, 0xff, 0xff, 0xff, 0xff, 0xff, 0xff, 0xff, 0xff,
	0xff, 0xff, 0xff, 0xff, 0xff, 0xff, 0xff, 0xff, 0xff, 0xff, 0xff, 0xff, 0xff, 0xff, 0xff, 0xff,
	0xff, 0xff, 0xff, 0xff, 0xff, 0xff, 0xff, 0xff, 0xff, 0xff, 0xff, 0xff, 0xff, 0xff, 0xff, 0xff,
	0xff, 0xff, 0xff, 0xff, 0xff, 0xff, 0xff, 0xff, 0xff, 0xff, 0xff, 0xff, 0xff, 0xff, 0xff, 0xff,
	0xff, 0xff, 0xff, 0xff, 0xff, 0xff, 0xff, 0xff, 0xff, 0xff, 0xff, 0xff, 0xff, 0xff, 0xff, 0xff,
	0xff, 0xff, 0xff, 0xff, 0xff, 0xff, 0xff, 0xff, 0xff, 0xff, 0xff, 0xff, 0xff, 0xff, 0xff, 0xff,
	0xff, 0xff, 0xff, 0xff, 0xff, 0xff, 0xff, 0xff, 0xff, 0xff, 0xff, 0xff, 0xff, 0xff, 0xff, 0xff,
	0xff, 0xff, 0xff, 0xff, 0xff, 0xff, 0xff, 0xff, 0xff, 0xff, 0xff, 0xff, 0xff, 0xff, 0xff, 0xff,
	0xff, 0xff, 0xff, 0xff, 0xff, 0xff, 0xff, 0xff, 0xff, 0xff, 0xff, 0xff, 0xff, 0xff, 0xff, 0xff,
	0xff, 0xff, 0xff, 0xff, 0xff, 0xff, 0xff, 0xff, 0xff, 0xff, 0xff, 0xff, 0xff, 0xff, 0xff, 0xff,
	0xff, 0xff, 0xff, 0xff, 0xff, 0xff, 0xff, 0xff, 0xff, 0xff, 0xff, 0xff, 0xff, 0xff, 0xff, 0xff,
	0xff, 0xff, 0xff, 0xff, 0xff, 0xff, 0xff, 0xff, 0xff, 0xff, 0xff, 0xff, 0xff, 0xff, 0xff, 0xff,
	0xff, 0xff, 0xff, 0xff, 0xff, 0xff, 0xff, 0xff, 0xff, 0xff, 0xff, 0xff, 0xff, 0xff, 0xff, 0xff,
	0xff, 0xff, 0xff, 0xff, 0xff, 0xff, 0xff, 0xff, 0xff, 0xff, 0xff, 0xff, 0xff, 0xff, 0xff, 0xff,
	0xff, 0xff, 0xff, 0xff, 0xff, 0xff, 0xff, 0xff, 0xff, 0xff, 0xff, 0xff, 0xff, 0xff, 0xff, 0xff,
	0xff, 0xff, 0xff, 0xff, 0xff, 0xff, 0xff, 0xff, 0xff, 0xff, 0xff, 0xff, 0xff, 0xff, 0xff, 0xff,
	0xff, 0xff, 0xff, 0xff, 0xff, 0xff, 0xff, 0xff, 0xff, 0xff, 0xff, 0xff, 0xff, 0xff, 0xff, 0xff,
	0xff, 0xff, 0xff, 0xff, 0xff, 0xff, 0xff, 0xff, 0xff, 0xff, 0xff, 0xff, 0xff, 0xff, 0xff, 0xff,
	0xff, 0xff, 0xff, 0xff, 0xff, 0xff, 0xff, 0xff, 0xff, 0xff, 0xff, 0xff, 0xff, 0xff, 0xff, 0xff,
	0xff, 0xff, 0xff, 0xff, 0xff, 0xff, 0xff, 0xff, 0xff, 0xff, 0xff, 0xff, 0xff, 0xff, 0xff, 0xff,
	0xff, 0xff, 0xff, 0xff, 0xff, 0xff, 0xff, 0xff, 0xff, 0xff, 0xff, 0xff, 0xff, 0xff, 0xff, 0xff,
	0xff, 0xff, 0xff, 0xff, 0xff, 0xff, 0xff, 0xff, 0xff, 0xff, 0xff, 0xff, 0xff, 0xff, 0xff, 0xff,
	0xff, 0xff, 0xff, 0xff, 0xff, 0xff, 0xff, 0xff, 0xff, 0xff, 0xff, 0xff, 0xff, 0xff, 0xff, 0xff,
	0xff, 0xff, 0xff, 0xff, 0xff, 0xff, 0xff, 0xff, 0xff, 0xff, 0xff, 0xff, 0xff, 0xff, 0xff, 0xff,
	0xff, 0xff, 0xff, 0xff, 0xff, 0xff, 0xff, 0xff, 0xff, 0xff, 0xff, 0xff, 0xff, 0xff, 0xff, 0xff,
	0xff, 0xff, 0xff, 0xff, 0xff, 0xff, 0xff, 0xff, 0xff, 0xff, 0xff, 0xff, 0xff, 0xff, 0xff, 0xff,
	0xff, 0xff, 0xff, 0xff, 0xff, 0xff, 0xff, 0xff, 0xff, 0xff, 0xff, 0xff, 0xff, 0xff, 0xff, 0xff,
	0xff, 0xff, 0xff, 0xff, 0xff, 0xff, 0xff, 0xff, 0xff, 0xff, 0xff, 0xff, 0xff, 0xff, 0xff, 0xff,
	0xff, 0xff, 0xff, 0xff, 0xff, 0xff, 0xff, 0xff, 0xff, 0xff, 0xff, 0xff, 0xff, 0xff, 0xff, 0xff,
	0xff, 0xff, 0xff, 0xff, 0xff, 0xff, 0xff, 0xff, 0xff, 0xff, 0xff, 0xff, 0xff, 0xff, 0xff, 0xff,
	0xff, 0xff, 0xff, 0xff, 0xff, 0xff, 0xff, 0xff, 0xff, 0xff, 0xff, 0xff, 0xff, 0xff, 0xff, 0xff,
	0xff, 0xff, 0xff, 0xff, 0xff, 0xff, 0xff, 0xff, 0xff, 0xff, 0xff, 0xff, 0xff, 0xff, 0xff, 0xff,
	0xff, 0xff, 0xff, 0xff, 0xff, 0xff, 0xff, 0xff, 0xff, 0xff, 0xff, 0xff, 0xff, 0xff, 0xff, 0xff,
	0xff, 0xff, 0xff, 0xff, 0xff, 0xff, 0xff, 0xff, 0xff, 0xff, 0xff, 0xff, 0xff, 0xff, 0xff, 0xff,
	0xff, 0xff, 0xff, 0xff, 0xff, 0xff, 0xff, 0xff, 0xff, 0xff, 0xff, 0xff, 0xff, 0xff, 0xff, 0xff,
	0xff, 0xff, 0xff, 0xff, 0xff, 0xff, 0xff, 0xff, 0xff, 0xff, 0xff, 0xff, 0xff, 0xff, 0xff, 0xff,
	0xff, 0xff, 0xff, 0xff, 0xff, 0xff, 0xff, 0xff, 0xff, 0xff, 0xff, 0xff, 0xff, 0xff, 0xff, 0xff,
	0xff, 0xff, 0xff, 0xff, 0xff, 0xff, 0xff, 0xff, 0xff, 0xff, 0xff, 0xff, 0xff, 0xff, 0xff, 0xff,
	0xff, 0xff, 0xff, 0xff, 0xff, 0xff, 0xff, 0xff, 0xff, 0xff, 0xff, 0xff, 0xff, 0xff, 0xff, 0xff,
	0xff, 0xff, 0xff, 0xff, 0xff, 0xff, 0xff, 0xff, 0xff, 0xff, 0xff, 0xff, 0xff, 0xff, 0xff, 0xff,
	0xff, 0xff, 0xff, 0xff, 0xff, 0xff, 0xff, 0xff, 0xff, 0xff, 0xff, 0xff, 0xff, 0xff, 0xff, 0xff,
	0xff, 0xff, 0xff, 0xff, 0xff, 0xff, 0xff, 0xff, 0xff, 0xff, 0xff, 0xff, 0xff, 0xff, 0xff, 0xff,
	0xff, 0xff, 0xff, 0xff, 0xff, 0xff, 0xff, 0xff, 0xff, 0xff, 0xff, 0xff, 0xff, 0xff, 0xff, 0xff,
	0xff, 0xff, 0xff, 0xff, 0xff, 0xff, 0xff, 0xff, 0xff, 0xff, 0xff, 0xff, 0xff, 0xff, 0xff, 0xff,
	0xff, 0xff, 0xff, 0xff, 0xff, 0xff, 0xff, 0xff, 0xff, 0xff, 0xff, 0xff, 0xff, 0xff, 0xff, 0xff,
	0xff, 0xff, 0xff, 0xff, 0xff, 0xff, 0xff, 0xff, 0xff, 0xff, 0xff, 0xff, 0xff, 0xff, 0xff, 0xff,
	0xff, 0xff, 0xff, 0xff, 0xff, 0xff, 0xff, 0xff, 0xff, 0xff, 0xff, 0xff, 0xff, 0xff, 0xff, 0xff,
	0xff, 0xff, 0xff, 0xff, 0xff, 0xff, 0xff, 0xff, 0xff, 0xff, 0xff, 0xff, 0xff, 0xff, 0xff, 0xff,
	0xff, 0xff, 0xff, 0xff, 0xff, 0xff, 0xff, 0xff, 0xff, 0xff, 0xff, 0xff, 0xff, 0xff, 0xff, 0xff,
	0xff, 0xff, 0xff, 0xff, 0xff, 0xff, 0xff, 0xff, 0xff, 0xff, 0xff, 0xff, 0xff, 0xff, 0xff, 0xff
};

static const uint8_t pmb8876_brom_r0[] = {
	0x18, 0xf0, 0x9f, 0xe5, 0x18, 0xf0, 0x9f, 0xe5, 0x18, 0xf0, 0x9f, 0xe5,
	0x18, 0xf0, 0x9f, 0xe5, 0x18, 0xf0, 0x9f, 0xe5, 0x00, 0x00, 0xa0, 0xe1,
	0x14, 0xf0, 0x9f, 0xe5, 0x14, 0xf0, 0x9f, 0xe5, 0x54, 0x00, 0x40, 0x00,
	0x3c, 0x00, 0x40, 0x00, 0x40, 0x00, 0x40, 0x00, 0x44, 0x00, 0x40, 0x00,
	0x48, 0x00, 0x40, 0x00, 0x4c, 0x00, 0x40, 0x00, 0x50, 0x00, 0x40, 0x00,
	0xfe, 0xff, 0xff, 0xea, 0xfe, 0xff, 0xff, 0xea, 0xfe, 0xff, 0xff, 0xea,
	0xfe, 0xff, 0xff, 0xea, 0xfe, 0xff, 0xff, 0xea, 0xfe, 0xff, 0xff, 0xea,
	0x1c, 0x00, 0x9f, 0xe5, 0xd3, 0xf0, 0x21, 0xe3, 0x00, 0xd0, 0xa0, 0xe1,
	0x14, 0x20, 0x9f, 0xe5, 0x00, 0x10, 0x92, 0xe5, 0x70, 0x0a, 0x01, 0xe2,
	0x80, 0x0b, 0x50, 0xe3, 0x9f, 0x00, 0x00, 0x0a, 0x01, 0x01, 0x00, 0xea,
	0xf0, 0x7f, 0x01, 0x00, 0x10, 0x00, 0x40, 0xf4, 0x00, 0x10, 0xa0, 0xe1,
	0xd8, 0x00, 0x9f, 0xe5, 0x90, 0x01, 0x03, 0xe0, 0x40, 0x0b, 0xa0, 0xe3,
	0x23, 0x07, 0x40, 0xe0, 0x00, 0x28, 0xa0, 0xe1, 0x22, 0x28, 0xa0, 0xe1,
	0xc4, 0x00, 0x9f, 0xe5, 0xc4, 0x30, 0x9f, 0xe5, 0x24, 0x00, 0x83, 0xe5,
	0xf3, 0x00, 0xa0, 0xe3, 0x02, 0x08, 0x80, 0xe1, 0xb4, 0x30, 0x9f, 0xe5,
	0x24, 0x00, 0x83, 0xe5, 0x01, 0x00, 0xa0, 0xe3, 0x0e, 0xf0, 0xa0, 0xe1,
	0x10, 0x1f, 0x11, 0xee, 0x40, 0x1d, 0xc1, 0xe3, 0x04, 0x10, 0xc1, 0xe3,
	0x10, 0x1f, 0x01, 0xee, 0x10, 0x1f, 0x1f, 0xee, 0x40, 0x1b, 0x81, 0xe3,
	0x10, 0x1f, 0x0f, 0xee, 0x01, 0x00, 0xa0, 0xe3, 0x0e, 0xf0, 0xa0, 0xe1,
	0x10, 0x40, 0x2d, 0xe9, 0x7c, 0x00, 0x9f, 0xe5, 0x10, 0x40, 0x90, 0xe5,
	0x40, 0x05, 0x14, 0xe3, 0x06, 0x00, 0x00, 0x0a, 0xf0, 0xff, 0xff, 0xeb,
	0x02, 0x00, 0xa0, 0xe3, 0x68, 0x10, 0x9f, 0xe5, 0x00, 0x00, 0xc1, 0xe5,
	0x64, 0x00, 0x9f, 0xe5, 0xdb, 0xff, 0xff, 0xeb, 0x18, 0x00, 0x00, 0xeb,
	0x40, 0x04, 0x14, 0xe3, 0x06, 0x00, 0x00, 0x0a, 0xe7, 0xff, 0xff, 0xeb,
	0x01, 0x00, 0xa0, 0xe3, 0x44, 0x10, 0x9f, 0xe5, 0x00, 0x00, 0xc1, 0xe5,
	0x40, 0x00, 0x9f, 0xe5, 0xd2, 0xff, 0xff, 0xeb, 0x0f, 0x00, 0x00, 0xeb,
	0x80, 0x04, 0x14, 0xe3, 0x06, 0x00, 0x00, 0x0a, 0xde, 0xff, 0xff, 0xeb,
	0x28, 0x00, 0x9f, 0xe5, 0xcc, 0xff, 0xff, 0xeb, 0x00, 0x00, 0xa0, 0xe3,
	0x18, 0x10, 0x9f, 0xe5, 0x00, 0x00, 0xc1, 0xe5, 0x2f, 0x01, 0x00, 0xeb,
	0x00, 0x00, 0xa0, 0xe1, 0xfe, 0xff, 0xff, 0xea, 0x90, 0x65, 0x00, 0x00,
	0xf0, 0x00, 0xfc, 0xff, 0x00, 0x00, 0x40, 0xf4, 0x08, 0x20, 0x01, 0x00,
	0xb8, 0x0b, 0x00, 0x00, 0xf8, 0x40, 0x2d, 0xe9, 0x90, 0x00, 0x9f, 0xe5,
	0x78, 0x70, 0x90, 0xe5, 0x01, 0x00, 0x17, 0xe3, 0x01, 0x00, 0x00, 0x0a,
	0x00, 0x00, 0xa0, 0xe1, 0xfe, 0xff, 0xff, 0xea, 0x78, 0x00, 0x9f, 0xe5,
	0x78, 0x00, 0x90, 0xe5, 0x01, 0x00, 0x80, 0xe3, 0x6c, 0x10, 0x9f, 0xe5,
	0x78, 0x00, 0x81, 0xe5, 0x33, 0x04, 0x00, 0xeb, 0x64, 0x00, 0x9f, 0xe5,
	0x71, 0x04, 0x00, 0xeb, 0x00, 0x60, 0xa0, 0xe1, 0x5c, 0x00, 0x9f, 0xe5,
	0x6e, 0x04, 0x00, 0xeb, 0x00, 0x50, 0xa0, 0xe1, 0x03, 0x00, 0x16, 0xe3,
	0x0e, 0x00, 0x00, 0x1a, 0x4c, 0x00, 0x9f, 0xe5, 0x00, 0x00, 0x55, 0xe1,
	0x0b, 0x00, 0x00, 0x1a, 0x08, 0x04, 0x00, 0xeb, 0x00, 0x40, 0xa0, 0xe1,
	0x04, 0x00, 0x54, 0xe3, 0x01, 0x00, 0x00, 0x0a, 0x05, 0x00, 0x54, 0xe3,
	0x02, 0x00, 0x00, 0x1a, 0x2c, 0x00, 0x9f, 0xe5, 0x30, 0x03, 0x00, 0xeb,
	0x03, 0x00, 0x00, 0xea, 0x14, 0x00, 0x9f, 0xe5, 0x2d, 0x03, 0x00, 0xeb,
	0x00, 0x00, 0x00, 0xea, 0x03, 0x01, 0x00, 0xeb, 0x00, 0x00, 0xa0, 0xe3,
	0xf8, 0x80, 0xbd, 0xe8, 0x00, 0x00, 0x40, 0xf4, 0x38, 0x00, 0x00, 0xa0,
	0x3c, 0x00, 0x00, 0xa0, 0x43, 0x4a, 0x4b, 0x54, 0x38, 0x30, 0x01, 0x00,
	0x90, 0x21, 0x9f, 0xe5, 0x00, 0x10, 0xa0, 0xe3, 0x00, 0x10, 0x92, 0xe5,
	0x80, 0x0f, 0xa0, 0xe3, 0x01, 0x00, 0xc0, 0xe1, 0x80, 0x3f, 0xc1, 0xe3,
	0x03, 0x10, 0x80, 0xe0, 0x00, 0x10, 0x82, 0xe5, 0x01, 0x00, 0xa0, 0xe3,
	0x0e, 0xf0, 0xa0, 0xe1, 0x6c, 0x01, 0x9f, 0xe5, 0x80, 0x00, 0x90, 0xe5,
	0xff, 0x00, 0x00, 0xe2, 0x0e, 0xf0, 0xa0, 0xe1, 0x58, 0x11, 0x9f, 0xe5,
	0x50, 0x0e, 0xa0, 0xe3, 0x00, 0x00, 0x81, 0xe5, 0x01, 0x00, 0xa0, 0xe3,
	0x0e, 0xf0, 0xa0, 0xe1, 0x4c, 0x11, 0x9f, 0xe5, 0x40, 0x0f, 0xa0, 0xe3,
	0x00, 0x00, 0x81, 0xe5, 0xcc, 0x10, 0x81, 0xe2, 0x40, 0x0f, 0xa0, 0xe3,
	0x00, 0x00, 0x81, 0xe5, 0x40, 0x13, 0x81, 0xe0, 0x40, 0x0f, 0xa0, 0xe3,
	0x00, 0x00, 0x81, 0xe5, 0x40, 0x13, 0x81, 0xe1, 0x40, 0x0f, 0xa0, 0xe3,
	0x00, 0x00, 0x81, 0xe5, 0x40, 0x13, 0x81, 0xe0, 0x40, 0x0f, 0xa0, 0xe3,
	0x00, 0x00, 0x81, 0xe5, 0x34, 0x10, 0x41, 0xe2, 0x40, 0x0f, 0xa0, 0xe3,
	0x00, 0x00, 0x81, 0xe5, 0x40, 0x13, 0xc1, 0xe1, 0x40, 0x0f, 0xa0, 0xe3,
	0x00, 0x00, 0x81, 0xe5, 0x40, 0x13, 0x41, 0xe0, 0x40, 0x0f, 0xa0, 0xe3,
	0x00, 0x00, 0x81, 0xe5, 0x0c, 0x10, 0x81, 0xe2, 0x40, 0x0f, 0xa0, 0xe3,
	0x00, 0x00, 0x81, 0xe5, 0xbd, 0x16, 0x40, 0xe2, 0x40, 0x0f, 0xa0, 0xe3,
	0x00, 0x00, 0x81, 0xe5, 0x01, 0x00, 0xa0, 0xe3, 0x0e, 0xf0, 0xa0, 0xe1,
	0xf0, 0x41, 0x2d, 0xe9, 0x00, 0x50, 0xa0, 0xe3, 0x00, 0x40, 0xa0, 0xe3,
	0x00, 0x80, 0xa0, 0xe3, 0x00, 0x60, 0xa0, 0xe3, 0x10, 0x6f, 0x11, 0xee,
	0x40, 0x6d, 0x86, 0xe3, 0x10, 0x6f, 0x01, 0xee, 0xd6, 0xff, 0xff, 0xeb,
	0xcc, 0xff, 0xff, 0xeb, 0xad, 0x00, 0x50, 0xe3, 0x01, 0x00, 0x00, 0x0a,
	0x00, 0x00, 0xa0, 0xe1, 0xfe, 0xff, 0xff, 0xea, 0xcb, 0xff, 0xff, 0xeb,
	0xbc, 0xff, 0xff, 0xeb, 0xc5, 0xff, 0xff, 0xeb, 0x00, 0x50, 0xa0, 0xe1,
	0xb9, 0xff, 0xff, 0xeb, 0xc2, 0xff, 0xff, 0xeb, 0x00, 0x04, 0x85, 0xe0,
	0x00, 0x58, 0xa0, 0xe1, 0x25, 0x58, 0xa0, 0xe1, 0xb4, 0xff, 0xff, 0xeb,
	0xbd, 0xff, 0xff, 0xeb, 0x00, 0x40, 0xa0, 0xe1, 0xb1, 0xff, 0xff, 0xeb,
	0xba, 0xff, 0xff, 0xeb, 0x00, 0x44, 0x84, 0xe0, 0xae, 0xff, 0xff, 0xeb,
	0xb7, 0xff, 0xff, 0xeb, 0x00, 0x48, 0x84, 0xe0, 0xab, 0xff, 0xff, 0xeb,
	0xb4, 0xff, 0xff, 0xeb, 0x00, 0x4c, 0x84, 0xe0, 0xa8, 0xff, 0xff, 0xeb,
	0x04, 0x70, 0xa0, 0xe1, 0x00, 0x00, 0xa0, 0xe1, 0x05, 0x00, 0x58, 0xe1,
	0x06, 0x00, 0x00, 0x2a, 0xad, 0xff, 0xff, 0xeb, 0x00, 0x00, 0xc7, 0xe5,
	0xa1, 0xff, 0xff, 0xeb, 0x01, 0x70, 0x87, 0xe2, 0x01, 0x00, 0x88, 0xe2,
	0x40, 0x8b, 0xc0, 0xe3, 0xf6, 0xff, 0xff, 0xea, 0x04, 0x00, 0xa0, 0xe1,
	0xc1, 0x02, 0x00, 0xeb, 0x00, 0x00, 0xa0, 0xe3, 0xf0, 0x81, 0xbd, 0xe8,
	0xdc, 0x00, 0x30, 0xf4, 0x00, 0x00, 0x40, 0xf4, 0x00, 0x00, 0x30, 0xf4,
	0x00, 0x00, 0x00, 0x00, 0x00, 0x00, 0x00, 0x00, 0x00, 0x00, 0x00, 0x00,
	0x00, 0x00, 0x00, 0x00, 0x00, 0x00, 0x00, 0x00, 0x00, 0x00, 0x00, 0x00,
	0x00, 0x00, 0x00, 0x00, 0x00, 0x00, 0x00, 0x00, 0x00, 0x00, 0x00, 0x00,
	0x00, 0x00, 0x00, 0x00, 0x00, 0x00, 0x00, 0x00, 0x00, 0x00, 0x00, 0x00,
	0x00, 0x00, 0x00, 0x00, 0x01, 0x00, 0x10, 0xc0, 0xff, 0xff, 0xff, 0xff,
	0xff, 0xff, 0xff, 0xff, 0xff, 0xff, 0xff, 0xff, 0xff, 0xff, 0xff, 0xff,
	0xff, 0xff, 0xff, 0xff, 0xff, 0xff, 0xff, 0xff, 0xff, 0xff, 0xff, 0xff,
	0xff, 0xff, 0xff, 0xff, 0xff, 0xff, 0xff, 0xff, 0xff, 0xff, 0xff, 0xff,
	0xff, 0xff, 0xff, 0xff, 0xff, 0xff, 0xff, 0xff, 0xff, 0xff, 0xff, 0xff,
	0xff, 0xff, 0xff, 0xff, 0xff, 0xff, 0xff, 0xff, 0xff, 0xff, 0xff, 0xff,
	0xff, 0xff, 0xff, 0xff, 0xff, 0xff, 0xff, 0xff, 0xff, 0xff, 0xff, 0xff,
	0xff, 0xff, 0xff, 0xff, 0xff, 0xff, 0xff, 0xff, 0xff, 0xff, 0xff, 0xff,
	0xff, 0xff, 0xff, 0xff, 0xff, 0xff, 0xff, 0xff, 0xff, 0xff, 0xff, 0xff,
	0xff, 0xff, 0xff, 0xff, 0xff, 0xff, 0xff, 0xff, 0xff, 0xff, 0xff, 0xff,
	0xff, 0xff, 0xff, 0xff, 0xff, 0xff, 0xff, 0xff, 0xff, 0xff, 0xff, 0xff,
	0x90, 0x80, 0x8f, 0xe2, 0x0f, 0x00, 0x98, 0xe8, 0x08, 0x00, 0x80, 0xe0,
	0x08, 0x10, 0x81, 0xe0, 0x08, 0x20, 0x82, 0xe0, 0x08, 0x30, 0x83, 0xe0,
	0x01, 0xb0, 0x40, 0xe2, 0x01, 0xc0, 0x42, 0xe2, 0x01, 0x00, 0x50, 0xe1,
	0x0e, 0x00, 0x00, 0x0a, 0x70, 0x00, 0xb0, 0xe8, 0x05, 0x00, 0x54, 0xe1,
	0xfa, 0xff, 0xff, 0x0a, 0x01, 0x00, 0x14, 0xe3, 0x0b, 0x40, 0x84, 0x10,
	0x01, 0x00, 0x15, 0xe3, 0x0b, 0x50, 0x85, 0x10, 0x02, 0x00, 0x15, 0xe3,
	0x09, 0x50, 0x85, 0x10, 0x03, 0x50, 0xc5, 0xe3, 0x04, 0x60, 0x56, 0xe2,
	0x04, 0x70, 0x94, 0x24, 0x04, 0x70, 0x85, 0x24, 0xfb, 0xff, 0xff, 0x8a,
	0xee, 0xff, 0xff, 0xea, 0x03, 0x00, 0x52, 0xe1, 0xd7, 0x01, 0x00, 0x0b,
	0x00, 0x70, 0xa0, 0xe3, 0x30, 0x00, 0xb2, 0xe8, 0x01, 0x00, 0x14, 0xe3,
	0x0c, 0x40, 0x84, 0x10, 0x02, 0x00, 0x14, 0xe3, 0x09, 0x40, 0x84, 0x10,
	0x03, 0x40, 0xc4, 0xe3, 0x04, 0x50, 0x55, 0xe2, 0x04, 0x70, 0x84, 0x24,
	0xfc, 0xff, 0xff, 0x8a, 0xf2, 0xff, 0xff, 0xea, 0xc4, 0x09, 0x00, 0x00,
	0x6c, 0x0a, 0x00, 0x00, 0x6c, 0x0a, 0x00, 0x00, 0xa4, 0x0a, 0x00, 0x00,
	0x38, 0x40, 0x2d, 0xe9, 0x52, 0x03, 0x00, 0xeb, 0xe0, 0x01, 0x9f, 0xe5,
	0x90, 0x03, 0x00, 0xeb, 0x00, 0x40, 0xa0, 0xe1, 0x01, 0x00, 0x74, 0xe3,
	0x13, 0x00, 0x00, 0x1a, 0xd0, 0x01, 0x9f, 0xe5, 0x8b, 0x03, 0x00, 0xeb,
	0x01, 0x00, 0x70, 0xe3, 0x01, 0x00, 0x00, 0x0a, 0x00, 0x00, 0xe0, 0xe3,
	0x38, 0x80, 0xbd, 0xe8, 0xbc, 0x01, 0x9f, 0xe5, 0x85, 0x03, 0x00, 0xeb,
	0x01, 0x00, 0x70, 0xe3, 0x01, 0x00, 0x00, 0x0a, 0x00, 0x00, 0xe0, 0xe3,
	0xf8, 0xff, 0xff, 0xea, 0xa8, 0x01, 0x9f, 0xe5, 0x7f, 0x03, 0x00, 0xeb,
	0x01, 0x00, 0x70, 0xe3, 0x01, 0x00, 0x00, 0x0a, 0x00, 0x00, 0xe0, 0xe3,
	0xf2, 0xff, 0xff, 0xea, 0x00, 0x00, 0xa0, 0xe3, 0xf0, 0xff, 0xff, 0xea,
	0x8c, 0x01, 0x9f, 0xe5, 0x77, 0x03, 0x00, 0xeb, 0x00, 0x50, 0xa0, 0xe1,
	0x03, 0x00, 0x14, 0xe3, 0x02, 0x00, 0x00, 0x1a, 0x05, 0x00, 0xe0, 0xe1,
	0x00, 0x00, 0x54, 0xe1, 0x01, 0x00, 0x00, 0x0a, 0x00, 0x00, 0xe0, 0xe3,
	0xe6, 0xff, 0xff, 0xea, 0x01, 0x00, 0xa0, 0xe3, 0xe4, 0xff, 0xff, 0xea,
	0x60, 0x01, 0x9f, 0xe5, 0x00, 0x10, 0x90, 0xe5, 0x5c, 0x01, 0x9f, 0xe5,
	0x00, 0x00, 0x90, 0xe5, 0x00, 0x10, 0x21, 0xe0, 0x54, 0x01, 0x9f, 0xe5,
	0x00, 0x00, 0x90, 0xe5, 0x00, 0x10, 0x81, 0xe1, 0x4c, 0x01, 0x9f, 0xe5,
	0x00, 0x00, 0x90, 0xe5, 0x00, 0x10, 0x01, 0xe0, 0x44, 0x01, 0x9f, 0xe5,
	0x00, 0x00, 0x90, 0xe5, 0x00, 0x10, 0x21, 0xe0, 0x3c, 0x01, 0x9f, 0xe5,
	0x00, 0x00, 0x90, 0xe5, 0x00, 0x10, 0x01, 0xe0, 0x34, 0x01, 0x9f, 0xe5,
	0x00, 0x00, 0x90, 0xe5, 0x00, 0x10, 0x81, 0xe1, 0x01, 0x00, 0xa0, 0xe3,
	0x0e, 0xf0, 0xa0, 0xe1, 0x38, 0x40, 0x2d, 0xe9, 0x49, 0x00, 0x00, 0xeb,
	0xa3, 0x00, 0x00, 0xeb, 0x51, 0x00, 0x00, 0xeb, 0x00, 0x00, 0x50, 0xe3,
	0x01, 0x00, 0x00, 0x1a, 0xb9, 0x00, 0x00, 0xeb, 0xce, 0xfe, 0xff, 0xeb,
	0xb7, 0x00, 0x00, 0xeb, 0x68, 0x00, 0x00, 0xeb, 0x00, 0x50, 0xa0, 0xe1,
	0x01, 0x00, 0x55, 0xe3, 0x00, 0x00, 0x00, 0x1a, 0xf1, 0xff, 0xff, 0xeb,
	0xda, 0xff, 0xff, 0xeb, 0xb0, 0x00, 0xa0, 0xe3, 0x71, 0x00, 0x00, 0xeb,
	0x00, 0x00, 0xa0, 0xe1, 0x82, 0x00, 0x00, 0xeb, 0x30, 0x00, 0x50, 0xe3,
	0xfc, 0xff, 0xff, 0x1a, 0x00, 0x00, 0xa0, 0xe1, 0x80, 0x0d, 0xa0, 0xe3,
	0x64, 0x02, 0x00, 0xeb, 0x00, 0x00, 0x50, 0xe3, 0x02, 0x00, 0x00, 0x1a,
	0x1b, 0x00, 0xa0, 0xe3, 0x66, 0x00, 0x00, 0xeb, 0xf8, 0xff, 0xff, 0xea,
	0xb1, 0x00, 0xa0, 0xe3, 0x63, 0x00, 0x00, 0xeb, 0x5d, 0x03, 0x00, 0xeb,
	0x00, 0x00, 0x50, 0xe3, 0x02, 0x00, 0x00, 0x0a, 0x80, 0x0d, 0xa0, 0xe3,
	0x04, 0x02, 0x00, 0xeb, 0x17, 0x00, 0x00, 0xea, 0x9c, 0xff, 0xff, 0xeb,
	0x01, 0x00, 0x70, 0xe3, 0x04, 0x00, 0x00, 0x0a, 0x00, 0x00, 0x50, 0xe3,
	0x04, 0x00, 0x00, 0x0a, 0x01, 0x00, 0x50, 0xe3, 0x10, 0x00, 0x00, 0x1a,
	0x04, 0x00, 0x00, 0xea, 0x00, 0x00, 0xa0, 0xe1, 0xfe, 0xff, 0xff, 0xea,
	0x80, 0x0d, 0xa0, 0xe3, 0xf7, 0x01, 0x00, 0xeb, 0x00, 0x00, 0xa0, 0xe1,
	0xc5, 0x02, 0x00, 0xeb, 0x00, 0x40, 0xa0, 0xe1, 0x04, 0x00, 0x54, 0xe3,
	0x01, 0x00, 0x00, 0x0a, 0x05, 0x00, 0x54, 0xe3, 0x02, 0x00, 0x00, 0x1a,
	0x44, 0x00, 0x9f, 0xe5, 0xed, 0x01, 0x00, 0xeb, 0x01, 0x00, 0x00, 0xea,
	0x08, 0x00, 0x9f, 0xe5, 0xea, 0x01, 0x00, 0xeb, 0x01, 0x00, 0xa0, 0xe3,
	0x38, 0x80, 0xbd, 0xe8, 0x30, 0x00, 0x00, 0xa0, 0xa0, 0xa5, 0x00, 0xa0,
	0x58, 0x5c, 0x01, 0xa0, 0x70, 0x73, 0x01, 0xa0, 0x34, 0x00, 0x00, 0xa0,
	0x5c, 0x04, 0x40, 0x00, 0x3c, 0x04, 0x40, 0x00, 0x18, 0x04, 0x40, 0x00,
	0x50, 0x04, 0x40, 0x00, 0x0c, 0x04, 0x40, 0x00, 0x04, 0x04, 0x40, 0x00,
	0x78, 0x04, 0x40, 0x00, 0x30, 0x30, 0x01, 0x00, 0x08, 0x40, 0x2d, 0xe9,
	0x00, 0x00, 0xa0, 0xe3, 0x98, 0x00, 0x00, 0xeb, 0x25, 0x03, 0x00, 0xeb,
	0x00, 0x00, 0x50, 0xe3, 0x01, 0x00, 0x00, 0x0a, 0x01, 0x00, 0xa0, 0xe3,
	0x93, 0x00, 0x00, 0xeb, 0x01, 0x00, 0xa0, 0xe3, 0x08, 0x80, 0xbd, 0xe8,
	0x08, 0x40, 0x2d, 0xe9, 0x00, 0x00, 0xa0, 0xe1, 0x7e, 0x00, 0x00, 0xeb,
	0x00, 0x00, 0x50, 0xe3, 0x15, 0x00, 0x00, 0x1a, 0x00, 0x00, 0xa0, 0xe3,
	0xb7, 0x00, 0x00, 0xeb, 0x00, 0x00, 0x50, 0xe3, 0x04, 0x00, 0x00, 0x0a,
	0x00, 0x00, 0xa0, 0xe3, 0x10, 0x11, 0x9f, 0xe5, 0x00, 0x00, 0xc1, 0xe5,
	0x01, 0x00, 0xa0, 0xe3, 0x08, 0x80, 0xbd, 0xe8, 0x10, 0x03, 0x00, 0xeb,
	0x00, 0x00, 0x50, 0xe3, 0x08, 0x00, 0x00, 0x0a, 0x01, 0x00, 0xa0, 0xe3,
	0xab, 0x00, 0x00, 0xeb, 0x00, 0x00, 0x50, 0xe3, 0x04, 0x00, 0x00, 0x0a,
	0x01, 0x00, 0xa0, 0xe3, 0xe0, 0x10, 0x9f, 0xe5, 0x00, 0x00, 0xc1, 0xe5,
	0x01, 0x00, 0xa0, 0xe3, 0xf2, 0xff, 0xff, 0xea, 0xe6, 0xff, 0xff, 0xea,
	0x00, 0x00, 0xa0, 0xe3, 0xef, 0xff, 0xff, 0xea, 0x08, 0x40, 0x2d, 0xe9,
	0xc0, 0x00, 0x9f, 0xe5, 0x00, 0x00, 0xd0, 0xe5, 0x00, 0x00, 0x50, 0xe3,
	0x02, 0x00, 0x00, 0x0a, 0x01, 0x00, 0x50, 0xe3, 0x06, 0x00, 0x00, 0x1a,
	0x02, 0x00, 0x00, 0xea, 0x00, 0x00, 0xa0, 0xe3, 0xca, 0x00, 0x00, 0xeb,
	0x08, 0x80, 0xbd, 0xe8, 0x01, 0x00, 0xa0, 0xe3, 0xc7, 0x00, 0x00, 0xeb,
	0xfb, 0xff, 0xff, 0xea, 0x00, 0x00, 0xa0, 0xe1, 0xfe, 0xff, 0xff, 0xea,
	0x10, 0x40, 0x2d, 0xe9, 0x00, 0x40, 0xa0, 0xe1, 0x7c, 0x00, 0x9f, 0xe5,
	0x00, 0x00, 0xd0, 0xe5, 0x00, 0x00, 0x50, 0xe3, 0x02, 0x00, 0x00, 0x0a,
	0x01, 0x00, 0x50, 0xe3, 0x08, 0x00, 0x00, 0x1a, 0x03, 0x00, 0x00, 0xea,
	0x04, 0x10, 0xa0, 0xe1, 0x00, 0x00, 0xa0, 0xe3, 0xd3, 0x00, 0x00, 0xeb,
	0x10, 0x80, 0xbd, 0xe8, 0x04, 0x10, 0xa0, 0xe1, 0x01, 0x00, 0xa0, 0xe3,
	0xcf, 0x00, 0x00, 0xeb, 0xfa, 0xff, 0xff, 0xea, 0x00, 0x00, 0xa0, 0xe1,
	0xfe, 0xff, 0xff, 0xea, 0x08, 0x40, 0x2d, 0xe9, 0x34, 0x00, 0x9f, 0xe5,
	0x00, 0x00, 0xd0, 0xe5, 0x00, 0x00, 0x50, 0xe3, 0x02, 0x00, 0x00, 0x0a,
	0x01, 0x00, 0x50, 0xe3, 0x06, 0x00, 0x00, 0x1a, 0x02, 0x00, 0x00, 0xea,
	0x00, 0x00, 0xa0, 0xe3, 0x95, 0x00, 0x00, 0xeb, 0x08, 0x80, 0xbd, 0xe8,
	0x01, 0x00, 0xa0, 0xe3, 0x92, 0x00, 0x00, 0xeb, 0xfb, 0xff, 0xff, 0xea,
	0x00, 0x00, 0xa0, 0xe1, 0xfe, 0xff, 0xff, 0xea, 0x09, 0x20, 0x01, 0x00,
	0xf0, 0x10, 0x9f, 0xe5, 0x40, 0x0f, 0xa0, 0xe3, 0xec, 0x20, 0x9f, 0xe5,
	0x00, 0x00, 0x82, 0xe5, 0xe8, 0x00, 0x9f, 0xe5, 0xe0, 0x20, 0x9f, 0xe5,
	0x10, 0x00, 0x82, 0xe5, 0xd8, 0x00, 0x9f, 0xe5, 0x14, 0x00, 0x90, 0xe5,
	0xc0, 0x0f, 0xc0, 0xe3, 0x80, 0x0f, 0x80, 0xe3, 0xc8, 0x20, 0x9f, 0xe5,
	0x14, 0x00, 0x82, 0xe5, 0xc0, 0x00, 0x9f, 0xe5, 0xdc, 0x00, 0x90, 0xe5,
	0x0f, 0x00, 0xc0, 0xe3, 0x0c, 0x00, 0x80, 0xe3, 0xb0, 0x20, 0x9f, 0xe5,
	0xdc, 0x00, 0x82, 0xe5, 0xa8, 0x00, 0x9f, 0xe5, 0x38, 0x10, 0x80, 0xe5,
	0x07, 0x00, 0xa0, 0xe3, 0x9c, 0x20, 0x9f, 0xe5, 0x60, 0x00, 0x82, 0xe5,
	0x01, 0x00, 0xa0, 0xe3, 0x0e, 0xf0, 0xa0, 0xe1, 0x00, 0x00, 0xa0, 0xe3,
	0x88, 0x10, 0x9f, 0xe5, 0x60, 0x00, 0x81, 0xe5, 0x00, 0x00, 0xa0, 0xe3,
	0x7c, 0x10, 0x9f, 0xe5, 0x10, 0x00, 0x81, 0xe5, 0x00, 0x00, 0xa0, 0xe3,
	0x70, 0x10, 0x9f, 0xe5, 0x14, 0x00, 0x81, 0xe5, 0x00, 0x00, 0xa0, 0xe3,
	0x64, 0x10, 0x9f, 0xe5, 0xdc, 0x00, 0x81, 0xe5, 0x00, 0x00, 0xa0, 0xe3,
	0x58, 0x10, 0x9f, 0xe5, 0x40, 0x00, 0x81, 0xe5, 0x00, 0x00, 0xa0, 0xe3,
	0x4c, 0x10, 0x9f, 0xe5, 0x38, 0x00, 0x81, 0xe5, 0x01, 0x00, 0xa0, 0xe3,
	0x40, 0x10, 0x9f, 0xe5, 0x00, 0x00, 0x81, 0xe5, 0x01, 0x00, 0xa0, 0xe3,
	0x0e, 0xf0, 0xa0, 0xe1, 0x30, 0x00, 0x9f, 0xe5, 0xfc, 0x00, 0x90, 0xe5,
	0x00, 0x09, 0xb0, 0xe1, 0x06, 0x00, 0x00, 0x5a, 0x20, 0x00, 0x9f, 0xe5,
	0xfc, 0x00, 0x90, 0xe5, 0x40, 0x0c, 0x80, 0xe3, 0x14, 0x10, 0x9f, 0xe5,
	0xfc, 0x00, 0x81, 0xe5, 0x01, 0x00, 0xa0, 0xe3, 0x0e, 0xf0, 0xa0, 0xe1,
	0x00, 0x00, 0xa0, 0xe3, 0xfc, 0xff, 0xff, 0xea, 0x80, 0x64, 0xd0, 0x00,
	0x00, 0x00, 0x90, 0xf4, 0x3c, 0x00, 0x03, 0x00, 0x00, 0x30, 0xa0, 0xe1,
	0x00, 0x00, 0x53, 0xe3, 0x0b, 0x00, 0x00, 0x1a, 0x30, 0x02, 0x9f, 0xe5,
	0x00, 0x20, 0x90, 0xe5, 0x2c, 0x12, 0x9f, 0xe5, 0x40, 0x0f, 0xa0, 0xe3,
	0x00, 0x00, 0x81, 0xe5, 0x4c, 0x10, 0x81, 0xe2, 0x01, 0x00, 0xa0, 0xe3,
	0x00, 0x00, 0x81, 0xe5, 0x00, 0x11, 0x81, 0xe0, 0x10, 0x00, 0xa0, 0xe3,
	0x00, 0x00, 0x81, 0xe5, 0x0a, 0x00, 0x00, 0xea, 0x08, 0x02, 0x9f, 0xe5,
	0x00, 0x20, 0x90, 0xe5, 0xfc, 0x11, 0x9f, 0xe5, 0x40, 0x0f, 0xa0, 0xe3,
	0x00, 0x00, 0x81, 0xe5, 0x60, 0x10, 0x81, 0xe2, 0x01, 0x00, 0xa0, 0xe3,
	0x00, 0x00, 0x81, 0xe5, 0x00, 0x11, 0x81, 0xe1, 0x10, 0x00, 0xa0, 0xe3,
	0x00, 0x00, 0x81, 0xe5, 0x42, 0x0f, 0xa0, 0xe3, 0x00, 0x00, 0x82, 0xe5,
	0x18, 0x00, 0x92, 0xe5, 0xa0, 0x04, 0xa0, 0xe1, 0x80, 0x04, 0xa0, 0xe1,
	0x76, 0x0f, 0x80, 0xe3, 0x18, 0x00, 0x82, 0xe5, 0x14, 0x00, 0x92, 0xe5,
	0xa0, 0x06, 0xa0, 0xe1, 0x80, 0x06, 0xa0, 0xe1, 0x0c, 0x00, 0x80, 0xe3,
	0x14, 0x00, 0x82, 0xe5, 0xb0, 0x01, 0x9f, 0xe5, 0x10, 0x00, 0x82, 0xe5,
	0x50, 0x00, 0x92, 0xe5, 0x20, 0x00, 0x80, 0xe3, 0x50, 0x00, 0x82, 0xe5,
	0x01, 0x00, 0xa0, 0xe3, 0x0e, 0xf0, 0xa0, 0xe1, 0x00, 0x20, 0xa0, 0xe1,
	0x00, 0x00, 0x52, 0xe3, 0x02, 0x00, 0x00, 0x1a, 0x7c, 0x01, 0x9f, 0xe5,
	0x00, 0x10, 0x90, 0xe5, 0x01, 0x00, 0x00, 0xea, 0x78, 0x01, 0x9f, 0xe5,
	0x00, 0x10, 0x90, 0xe5, 0x68, 0x00, 0x91, 0xe5, 0x80, 0x0e, 0xb0, 0xe1,
	0x13, 0x00, 0x00, 0x5a, 0x70, 0x00, 0x91, 0xe5, 0x04, 0x00, 0x80, 0xe3,
	0x70, 0x00, 0x81, 0xe5, 0x60, 0x01, 0x9f, 0xe5, 0x01, 0x00, 0xd0, 0xe5,
	0x58, 0x31, 0x9f, 0xe5, 0x00, 0x00, 0xc3, 0xe5, 0x50, 0x31, 0x9f, 0xe5,
	0x24, 0x00, 0x91, 0xe5, 0x01, 0x00, 0xc3, 0xe5, 0x44, 0x01, 0x9f, 0xe5,
	0x00, 0x00, 0xd0, 0xe5, 0x41, 0x00, 0x50, 0xe3, 0x05, 0x00, 0x00, 0x1a,
	0x34, 0x01, 0x9f, 0xe5, 0x01, 0x00, 0xd0, 0xe5, 0x54, 0x00, 0x50, 0xe3,
	0x01, 0x00, 0x00, 0x1a, 0x01, 0x00, 0xa0, 0xe3, 0x0e, 0xf0, 0xa0, 0xe1,
	0x00, 0x00, 0xa0, 0xe3, 0xfc, 0xff, 0xff, 0xea, 0x00, 0x20, 0xa0, 0xe1,
	0x00, 0x00, 0x52, 0xe3, 0x02, 0x00, 0x00, 0x1a, 0xf8, 0x30, 0x9f, 0xe5,
	0x00, 0x10, 0x93, 0xe5, 0x01, 0x00, 0x00, 0xea, 0xf4, 0x30, 0x9f, 0xe5,
	0x00, 0x10, 0x93, 0xe5, 0x00, 0x00, 0xa0, 0xe1, 0x68, 0x30, 0x91, 0xe5,
	0x83, 0x3e, 0xb0, 0xe1, 0xfc, 0xff, 0xff, 0x5a, 0x70, 0x30, 0x91, 0xe5,
	0x04, 0x30, 0x83, 0xe3, 0x70, 0x30, 0x81, 0xe5, 0x24, 0x30, 0x91, 0xe5,
	0xff, 0x00, 0x03, 0xe2, 0x0e, 0xf0, 0xa0, 0xe1, 0x38, 0x40, 0x2d, 0xe9,
	0x00, 0x50, 0xa0, 0xe1, 0x00, 0x00, 0xa0, 0xe3, 0x00, 0x00, 0x8d, 0xe5,
	0x00, 0x40, 0xa0, 0xe3, 0x0a, 0x00, 0x54, 0xe3, 0x11, 0x00, 0x00, 0x2a,
	0x02, 0x00, 0x00, 0xea, 0x01, 0x00, 0x84, 0xe2, 0xff, 0x40, 0x00, 0xe2,
	0xf9, 0xff, 0xff, 0xea, 0x01, 0x00, 0xdd, 0xe5, 0x00, 0x00, 0xcd, 0xe5,
	0x05, 0x00, 0xa0, 0xe1, 0xde, 0xff, 0xff, 0xeb, 0x01, 0x00, 0xcd, 0xe5,
	0x00, 0x00, 0xdd, 0xe5, 0x41, 0x00, 0x50, 0xe3, 0x04, 0x00, 0x00, 0x1a,
	0x01, 0x00, 0xdd, 0xe5, 0x54, 0x00, 0x50, 0xe3, 0x01, 0x00, 0x00, 0x1a,
	0x00, 0x00, 0xa0, 0xe3, 0x38, 0x80, 0xbd, 0xe8, 0xee, 0xff, 0xff, 0xea,
	0x01, 0x00, 0xa0, 0xe3, 0xfb, 0xff, 0xff, 0xea, 0x00, 0x20, 0xa0, 0xe1,
	0x00, 0x00, 0x52, 0xe3, 0x02, 0x00, 0x00, 0x1a, 0x44, 0x00, 0x9f, 0xe5,
	0x00, 0x30, 0x90, 0xe5, 0x01, 0x00, 0x00, 0xea, 0x40, 0x00, 0x9f, 0xe5,
	0x00, 0x30, 0x90, 0xe5, 0x20, 0x00, 0x93, 0xe5, 0xa0, 0x04, 0xa0, 0xe1,
	0x80, 0x04, 0xa0, 0xe1, 0x01, 0x00, 0x80, 0xe1, 0x20, 0x00, 0x83, 0xe5,
	0x00, 0x00, 0xa0, 0xe1, 0x68, 0x00, 0x93, 0xe5, 0x00, 0x0f, 0xb0, 0xe1,
	0xfc, 0xff, 0xff, 0x5a, 0x70, 0x00, 0x93, 0xe5, 0x02, 0x00, 0x80, 0xe3,
	0x70, 0x00, 0x83, 0xe5, 0x01, 0x00, 0xa0, 0xe3, 0x0e, 0xf0, 0xa0, 0xe1,
	0x00, 0x20, 0x01, 0x00, 0x00, 0x00, 0x30, 0xf4, 0x04, 0x20, 0x01, 0x00,
	0x11, 0x88, 0x00, 0x00, 0x0c, 0x20, 0x01, 0x00, 0x3f, 0x40, 0x2d, 0xe9,
	0x00, 0xe0, 0xa0, 0xe1, 0x01, 0xc0, 0xa0, 0xe1, 0x02, 0x40, 0xa0, 0xe1,
	0x03, 0x50, 0xa0, 0xe1, 0x10, 0x00, 0x9f, 0xe5, 0x00, 0x00, 0x8d, 0xe5,
	0x04, 0xc0, 0x8d, 0xe5, 0x0f, 0x00, 0x9d, 0xe8, 0x10, 0xd0, 0x8d, 0xe2,
	0x30, 0x80, 0xbd, 0xe8, 0x70, 0x20, 0x01, 0x00, 0x0e, 0xf0, 0xa0, 0xe1,
	0x0e, 0xf0, 0xa0, 0xe1, 0x4d, 0x00, 0x00, 0xeb, 0x0d, 0x00, 0x00, 0xeb,
	0x22, 0xfd, 0xff, 0xeb, 0x05, 0x00, 0x00, 0xea, 0x01, 0x40, 0x2d, 0xe9,
	0x42, 0x00, 0x00, 0xeb, 0x01, 0x40, 0xbd, 0xe8, 0x00, 0x00, 0x00, 0xea,
	0x00, 0x00, 0xe0, 0xe3, 0x83, 0x00, 0x00, 0xea, 0x10, 0x40, 0x2d, 0xe9,
	0x00, 0x40, 0xa0, 0xe1, 0xff, 0xff, 0xff, 0xeb, 0x04, 0x00, 0xa0, 0xe1,
	0x10, 0x40, 0xbd, 0xe8, 0xf3, 0xff, 0xff, 0xea, 0xf0, 0x40, 0x2d, 0xe9,
	0x0c, 0xd0, 0x4d, 0xe2, 0x01, 0x50, 0xa0, 0xe1, 0x00, 0x40, 0xa0, 0xe1,
	0x88, 0x00, 0x00, 0xeb, 0x00, 0x00, 0xa0, 0xe3, 0x00, 0x40, 0x8d, 0xe5,
	0x04, 0x50, 0x8d, 0xe5, 0xff, 0xff, 0xff, 0xeb, 0x08, 0x00, 0x8d, 0xe5,
	0xc8, 0x00, 0x9f, 0xe5, 0x0d, 0x10, 0xa0, 0xe1, 0x00, 0x00, 0x8f, 0xe0,
	0xff, 0xff, 0xff, 0xeb, 0x00, 0x50, 0xa0, 0xe1, 0x01, 0x60, 0xa0, 0xe1,
	0x03, 0x00, 0x9d, 0xe8, 0xff, 0xff, 0xff, 0xeb, 0xff, 0xff, 0xff, 0xeb,
	0xff, 0xff, 0xff, 0xeb, 0x00, 0x10, 0xa0, 0xe3, 0x00, 0x00, 0xa0, 0xe3,
	0xff, 0xff, 0xff, 0xeb, 0x00, 0x70, 0xa0, 0xe1, 0x6a, 0x00, 0x00, 0xeb,
	0x00, 0x40, 0xa0, 0xe1, 0x20, 0x70, 0x80, 0xe5, 0x00, 0x00, 0xa0, 0xe3,
	0x00, 0x10, 0xa0, 0xe3, 0xff, 0xff, 0xff, 0xeb, 0x01, 0x10, 0x80, 0xe2,
	0x24, 0x10, 0x84, 0xe5, 0x00, 0x10, 0xa0, 0xe3, 0x00, 0x00, 0xa0, 0xe3,
	0xff, 0xff, 0xff, 0xeb, 0x28, 0x00, 0x84, 0xe5, 0x00, 0x00, 0xa0, 0xe3,
	0x00, 0x10, 0xa0, 0xe3, 0xff, 0xff, 0xff, 0xeb, 0x2c, 0x00, 0x84, 0xe5,
	0x00, 0x00, 0xa0, 0xe3, 0x00, 0x10, 0xa0, 0xe3, 0xff, 0xff, 0xff, 0xeb,
	0x30, 0x00, 0x84, 0xe5, 0xff, 0xff, 0xff, 0xeb, 0xff, 0xff, 0xff, 0xeb,
	0xff, 0xff, 0xff, 0xeb, 0xff, 0xff, 0xff, 0xeb, 0xff, 0xff, 0xff, 0xeb,
	0xff, 0xff, 0xff, 0xeb, 0xff, 0xff, 0xff, 0xeb, 0xff, 0xff, 0xff, 0xeb,
	0x05, 0x00, 0xa0, 0xe1, 0x06, 0x10, 0xa0, 0xe1, 0x0c, 0xd0, 0x8d, 0xe2,
	0xf0, 0x00, 0xbd, 0xe8, 0x04, 0xf0, 0x9d, 0xe4, 0x08, 0x40, 0x2d, 0xe9,
	0xff, 0xff, 0xff, 0xeb, 0xff, 0xff, 0xff, 0xeb, 0xff, 0xff, 0xff, 0xeb,
	0x08, 0x80, 0xbd, 0xe8, 0xc0, 0x00, 0x00, 0x00, 0x0e, 0x50, 0xa0, 0xe1,
	0x42, 0x00, 0x00, 0xeb, 0x05, 0xe0, 0xa0, 0xe1, 0x00, 0x40, 0xa0, 0xe1,
	0x0d, 0x10, 0xa0, 0xe1, 0x0a, 0x30, 0xa0, 0xe1, 0x07, 0x00, 0xc0, 0xe3,
	0x60, 0xd0, 0x80, 0xe2, 0x10, 0x40, 0x2d, 0xe9, 0x98, 0xff, 0xff, 0xeb,
	0x10, 0x40, 0xbd, 0xe8, 0x07, 0xd0, 0xc1, 0xe3, 0x00, 0x60, 0xa0, 0xe3,
	0x00, 0x70, 0xa0, 0xe3, 0x00, 0x80, 0xa0, 0xe3, 0x00, 0xb0, 0xa0, 0xe3,
	0x04, 0xc0, 0xa0, 0xe1, 0xc0, 0x09, 0xac, 0xe8, 0xc0, 0x09, 0xac, 0xe8,
	0xc0, 0x09, 0xac, 0xe8, 0xc0, 0x09, 0xac, 0xe8, 0x13, 0x40, 0x2d, 0xe9,
	0x00, 0x00, 0xa0, 0xe3, 0x00, 0x10, 0xa0, 0xe3, 0xff, 0xff, 0xff, 0xeb,
	0x40, 0x10, 0x81, 0xe2, 0x01, 0x20, 0x80, 0xe0, 0x44, 0x2f, 0x82, 0xe2,
	0x1c, 0x20, 0x84, 0xe5, 0x18, 0x10, 0x84, 0xe5, 0x01, 0x00, 0xa0, 0xe3,
	0x10, 0x00, 0x84, 0xe5, 0x13, 0x40, 0xbd, 0xe8, 0x14, 0x00, 0x84, 0xe5,
	0x00, 0x10, 0xa0, 0xe1, 0x0e, 0xf0, 0xa0, 0xe1, 0x10, 0x40, 0x2d, 0xe9,
	0x03, 0x00, 0x2d, 0xe9, 0x1d, 0x00, 0x00, 0xeb, 0x00, 0x40, 0xa0, 0xe1,
	0x03, 0x00, 0xbd, 0xe8, 0x1c, 0x30, 0x94, 0xe5, 0x03, 0x30, 0x4d, 0xe0,
	0x14, 0x20, 0x94, 0xe5, 0x00, 0x20, 0x81, 0xe5, 0x00, 0xe0, 0x82, 0xe0,
	0x03, 0x00, 0x5e, 0xe1, 0x0a, 0x00, 0x00, 0x8a, 0x0e, 0x30, 0x93, 0xe0,
	0x63, 0x30, 0xa0, 0xe1, 0x07, 0x30, 0xc3, 0xe3, 0x40, 0x1d, 0x8e, 0xe2,
	0x07, 0x10, 0x81, 0xe2, 0x07, 0x10, 0xc1, 0xe3, 0x03, 0x00, 0x51, 0xe1,
	0x03, 0x10, 0xa0, 0x81, 0x02, 0x00, 0x41, 0xe0, 0x14, 0x10, 0x84, 0xe5,
	0x10, 0x80, 0xbd, 0xe8, 0x00, 0x20, 0xa0, 0xe1, 0x00, 0x00, 0xa0, 0xe3,
	0xff, 0xff, 0xff, 0xeb, 0x10, 0x80, 0xbd, 0xe8, 0x18, 0x00, 0xa0, 0xe3,
	0x08, 0x10, 0x9f, 0xe5, 0x56, 0x34, 0x12, 0xef, 0x0e, 0xf0, 0xa0, 0xe1,
	0x14, 0x00, 0x00, 0x00, 0x26, 0x00, 0x02, 0x00, 0x00, 0x00, 0x9f, 0xe5,
	0x0e, 0xf0, 0xa0, 0xe1, 0x10, 0x20, 0x01, 0x00, 0x0e, 0xf0, 0xa0, 0xe1,
	0x10, 0x40, 0x2d, 0xe9, 0xf9, 0xff, 0xff, 0xeb, 0x04, 0x00, 0x80, 0xe2,
	0x10, 0x80, 0xbd, 0xe8, 0x00, 0xf0, 0x90, 0xe5, 0x00, 0xf0, 0xa0, 0xe1,
	0x10, 0x40, 0x2d, 0xe9, 0xf7, 0xff, 0xff, 0xeb, 0x00, 0x10, 0xa0, 0xe3,
	0x00, 0x10, 0x80, 0xe5, 0x10, 0x80, 0xbd, 0xe8, 0x00, 0x00, 0x00, 0x00,
	0x00, 0x00, 0x00, 0x00, 0x00, 0x00, 0x00, 0x00, 0x00, 0x00, 0x00, 0x00,
	0x00, 0x00, 0x00, 0x00, 0x00, 0x00, 0x00, 0x00, 0x00, 0x00, 0x00, 0x00,
	0x00, 0x00, 0x00, 0x00, 0x00, 0x00, 0x00, 0x00, 0x00, 0x00, 0x00, 0x00,
	0x00, 0x00, 0x00, 0x00, 0x00, 0x00, 0x00, 0x00, 0x00, 0x00, 0x00, 0x00,
	0x00, 0x00, 0x00, 0x00, 0x00, 0x00, 0x00, 0x00, 0x00, 0x00, 0x00, 0x00,
	0x00, 0x00, 0x00, 0x00, 0x00, 0x00, 0x00, 0x00, 0x00, 0x00, 0x00, 0x00,
	0xf8, 0x1f, 0x40, 0x00, 0x00, 0x20, 0x01, 0x00, 0x08, 0x00, 0x00, 0x00,
	0x00, 0x20, 0x40, 0x00, 0x70, 0x20, 0x01, 0x00, 0x00, 0x00, 0x00, 0x00,
	0x00, 0x20, 0x40, 0x00, 0xf0, 0x7f, 0x01, 0x00, 0x00, 0x00, 0x00, 0x00,
	0x00, 0x00, 0x00, 0x00, 0x00, 0x00, 0x00, 0x00, 0x00, 0x00, 0x00, 0x00,
	0x00, 0x00, 0x00, 0xf0, 0x00, 0x00, 0x00, 0xf1, 0x00, 0x00, 0x00, 0x00,
	0x00, 0x00, 0x00, 0xf0, 0x00, 0x00, 0x80, 0xf1, 0x00, 0x00, 0x00, 0x00,
	0x00, 0x00, 0x00, 0xf0, 0x00, 0x00, 0x40, 0xf4, 0x00, 0x00, 0x00, 0x00,
	0x00, 0x00, 0x00, 0xf0, 0x00, 0x00, 0x90, 0xf4, 0x00, 0x00, 0x00, 0x00,
	0xcc, 0x03, 0x40, 0x00, 0x00, 0x00, 0x00, 0x00, 0x80, 0x04, 0x40, 0x00,
	0x00, 0x00, 0x00, 0x00, 0xbc, 0x0f, 0x40, 0x00, 0x00, 0x00, 0x00, 0x00,
	0x10, 0x10, 0x40, 0x00, 0x00, 0x00, 0x00, 0x00, 0x58, 0x14, 0x40, 0x00,
	0x00, 0x00, 0x00, 0x00, 0xf8, 0x1f, 0x40, 0x00, 0x00, 0x00, 0x00, 0x00,
	0x08, 0x20, 0x01, 0x00, 0x68, 0x00, 0x00, 0x00, 0x00, 0x00, 0x00, 0x00,
	0x00, 0x00, 0x00, 0x00, 0x00, 0x00, 0x00, 0x00, 0x00, 0x00, 0x00, 0x00,
	0x00, 0x00, 0x00, 0x00, 0x00, 0x00, 0x00, 0x00, 0x00, 0x00, 0x00, 0x00,
	0x00, 0x00, 0x00, 0x00, 0x00, 0x00, 0x00, 0x00, 0x00, 0x00, 0x00, 0x00,
	0x00, 0x00, 0x00, 0x00, 0x00, 0x00, 0x00, 0x00, 0x00, 0x00, 0x00, 0x00,
	0x00, 0x00, 0x00, 0x00, 0x00, 0x00, 0x00, 0x00, 0x00, 0x00, 0x00, 0x00,
	0x00, 0x00, 0x00, 0x00, 0xff, 0xff, 0xff, 0xff, 0xff, 0xff, 0xff, 0xff,
	0xff, 0xff, 0xff, 0xff, 0xff, 0xff, 0xff, 0xff, 0xf0, 0x47, 0x2d, 0xe9,
	0x00, 0xa0, 0xa0, 0xe1, 0x00, 0x90, 0xa0, 0xe3, 0x00, 0x80, 0xa0, 0xe3,
	0x00, 0x00, 0xa0, 0xe1, 0x00, 0x00, 0xa0, 0xe1, 0x00, 0x50, 0xa0, 0xe3,
	0x0a, 0x60, 0xa0, 0xe1, 0x0f, 0xfe, 0xff, 0xeb, 0x00, 0x90, 0xa0, 0xe1,
	0x0d, 0xfe, 0xff, 0xeb, 0x00, 0x80, 0xa0, 0xe1, 0x00, 0x70, 0xa0, 0xe3,
	0x08, 0x04, 0x89, 0xe1, 0x07, 0x00, 0x50, 0xe1, 0x08, 0x00, 0x00, 0x9a,
	0x01, 0x00, 0x00, 0xea, 0x01, 0x70, 0x87, 0xe2, 0xf9, 0xff, 0xff, 0xea,
	0x04, 0xfe, 0xff, 0xeb, 0x00, 0x40, 0xa0, 0xe1, 0x04, 0x50, 0x25, 0xe0,
	0x00, 0x40, 0xc6, 0xe5, 0x01, 0x60, 0x86, 0xe2, 0xf7, 0xff, 0xff, 0xea,
	0xfe, 0xfd, 0xff, 0xeb, 0x00, 0x40, 0xa0, 0xe1, 0x05, 0x00, 0x54, 0xe1,
	0x01, 0x00, 0x00, 0x1a, 0x01, 0x00, 0xa0, 0xe3, 0xf0, 0x87, 0xbd, 0xe8,
	0x00, 0x00, 0xa0, 0xe3, 0xfc, 0xff, 0xff, 0xea, 0x4c, 0x2b, 0xa0, 0xe3,
	0x00, 0x30, 0xa0, 0xe3, 0x00, 0x00, 0xa0, 0xe3, 0x18, 0xc3, 0x9f, 0xe5,
	0x00, 0x00, 0xcc, 0xe5, 0x00, 0x00, 0xa0, 0xe3, 0x40, 0xcb, 0x4c, 0xe2,
	0x00, 0x00, 0xcc, 0xe5, 0x00, 0x00, 0xa0, 0xe3, 0x00, 0xc0, 0xcc, 0xe1,
	0x00, 0x00, 0xcc, 0xe5, 0x00, 0x00, 0xa0, 0xe3, 0x00, 0xc0, 0xcc, 0xe1,
	0x00, 0x00, 0xcc, 0xe5, 0x00, 0x00, 0xa0, 0xe3, 0x00, 0xc0, 0xcc, 0xe1,
	0x00, 0x00, 0xcc, 0xe5, 0x30, 0x00, 0xa0, 0xe3, 0x00, 0xc6, 0x2c, 0xe0,
	0x00, 0x00, 0xcc, 0xe5, 0x00, 0x00, 0xa0, 0xe1, 0x40, 0x00, 0x13, 0xe3,
	0x06, 0x00, 0x00, 0x1a, 0x70, 0x00, 0xa0, 0xe3, 0xc4, 0xc2, 0x9f, 0xe5,
	0x00, 0x00, 0xcc, 0xe5, 0xa0, 0x04, 0xa0, 0xe3, 0xb0, 0x00, 0xd0, 0xe1,
	0xff, 0x30, 0x00, 0xe2, 0xf6, 0xff, 0xff, 0xea, 0x00, 0x00, 0xa0, 0xe3,
	0xa8, 0xc2, 0x9f, 0xe5, 0x00, 0x00, 0xcc, 0xe5, 0x00, 0x10, 0xa0, 0xe3,
	0x40, 0x0f, 0x51, 0xe3, 0x07, 0x00, 0x00, 0x2a, 0x02, 0x00, 0x00, 0xea,
	0x01, 0x00, 0x81, 0xe2, 0x40, 0x1b, 0xc0, 0xe3, 0xf9, 0xff, 0xff, 0xea,
	0xa0, 0x04, 0xa0, 0xe3, 0xb0, 0x00, 0xd0, 0xe1, 0xb2, 0x00, 0xc2, 0xe0,
	0xf8, 0xff, 0xff, 0xea, 0x01, 0x00, 0xa0, 0xe3, 0x0e, 0xf0, 0xa0, 0xe1,
	0x4c, 0x2b, 0xa0, 0xe3, 0x00, 0x30, 0xa0, 0xe3, 0x00, 0x00, 0xa0, 0xe3,
	0x60, 0xc2, 0x9f, 0xe5, 0x00, 0x00, 0xcc, 0xe5, 0x00, 0x00, 0xa0, 0xe3,
	0x40, 0xcb, 0x4c, 0xe2, 0x00, 0x00, 0xcc, 0xe5, 0x00, 0x00, 0xa0, 0xe3,
	0x00, 0xc0, 0xcc, 0xe1, 0x00, 0x00, 0xcc, 0xe5, 0x00, 0x00, 0xa0, 0xe3,
	0x00, 0xc0, 0xcc, 0xe1, 0x00, 0x00, 0xcc, 0xe5, 0x00, 0x00, 0xa0, 0xe3,
	0x00, 0xc0, 0xcc, 0xe1, 0x00, 0x00, 0xcc, 0xe5, 0x30, 0x00, 0xa0, 0xe3,
	0x00, 0xc6, 0x2c, 0xe0, 0x00, 0x00, 0xcc, 0xe5, 0x00, 0x00, 0xa0, 0xe1,
	0x40, 0x00, 0x13, 0xe3, 0x05, 0x00, 0x00, 0x1a, 0x70, 0x00, 0xa0, 0xe3,
	0x0c, 0xc2, 0x9f, 0xe5, 0x00, 0x00, 0xcc, 0xe5, 0xa0, 0x04, 0xa0, 0xe3,
	0x00, 0x30, 0xd0, 0xe5, 0xf7, 0xff, 0xff, 0xea, 0x00, 0x00, 0xa0, 0xe3,
	0xf4, 0xc1, 0x9f, 0xe5, 0x00, 0x00, 0xcc, 0xe5, 0x00, 0x10, 0xa0, 0xe3,
	0x80, 0x0f, 0x51, 0xe3, 0x07, 0x00, 0x00, 0x2a, 0x02, 0x00, 0x00, 0xea,
	0x01, 0x00, 0x81, 0xe2, 0x40, 0x1b, 0xc0, 0xe3, 0xf9, 0xff, 0xff, 0xea,
	0xa0, 0x04, 0xa0, 0xe3, 0x00, 0x00, 0xd0, 0xe5, 0x01, 0x00, 0xc2, 0xe4,
	0xf8, 0xff, 0xff, 0xea, 0x01, 0x00, 0xa0, 0xe3, 0x0e, 0xf0, 0xa0, 0xe1,
	0xbc, 0x01, 0x9f, 0xe5, 0x00, 0x00, 0xd0, 0xe5, 0x00, 0x00, 0x50, 0xe3,
	0x17, 0x00, 0x00, 0x1a, 0xb0, 0x01, 0x9f, 0xe5, 0x00, 0x00, 0xd0, 0xe5,
	0x01, 0x00, 0x50, 0xe3, 0x0a, 0x00, 0x00, 0x1a, 0xa4, 0x01, 0x9f, 0xe5,
	0x14, 0x00, 0x90, 0xe5, 0x80, 0x03, 0xb0, 0xe1, 0x06, 0x00, 0x00, 0x5a,
	0x94, 0x01, 0x9f, 0xe5, 0x14, 0x00, 0x90, 0xe5, 0x80, 0x06, 0xa0, 0xe1,
	0xa0, 0x0e, 0xa0, 0xe1, 0x88, 0x11, 0x9f, 0xe5, 0x00, 0x00, 0xc1, 0xe5,
	0x05, 0x00, 0x00, 0xea, 0x78, 0x01, 0x9f, 0xe5, 0x10, 0x00, 0x90, 0xe5,
	0x80, 0x06, 0xa0, 0xe1, 0xa0, 0x0e, 0xa0, 0xe1, 0x6c, 0x11, 0x9f, 0xe5,
	0x00, 0x00, 0xc1, 0xe5, 0x01, 0x00, 0xa0, 0xe3, 0x54, 0x11, 0x9f, 0xe5,
	0x00, 0x00, 0xc1, 0xe5, 0x58, 0x01, 0x9f, 0xe5, 0x00, 0x00, 0xd0, 0xe5,
	0x0e, 0xf0, 0xa0, 0xe1, 0x04, 0xe0, 0x2d, 0xe5, 0xde, 0xff, 0xff, 0xeb,
	0x05, 0x00, 0x50, 0xe3, 0x00, 0xf1, 0x8f, 0x90, 0x36, 0x00, 0x00, 0xea,
	0x04, 0x00, 0x00, 0xea, 0x0a, 0x00, 0x00, 0xea, 0x33, 0x00, 0x00, 0xea,
	0x0f, 0x00, 0x00, 0xea, 0x15, 0x00, 0x00, 0xea, 0x22, 0x00, 0x00, 0xea,
	0x24, 0x01, 0x9f, 0xe5, 0x24, 0x11, 0x9f, 0xe5, 0x80, 0x00, 0x81, 0xe5,
	0x20, 0x01, 0x9f, 0xe5, 0x18, 0x11, 0x9f, 0xe5, 0xc0, 0x00, 0x81, 0xe5,
	0x2b, 0x00, 0x00, 0xea, 0x08, 0x01, 0x9f, 0xe5, 0x08, 0x11, 0x9f, 0xe5,
	0x80, 0x00, 0x81, 0xe5, 0x08, 0x01, 0x9f, 0xe5, 0xfc, 0x10, 0x9f, 0xe5,
	0xc0, 0x00, 0x81, 0xe5, 0x24, 0x00, 0x00, 0xea, 0xec, 0x00, 0x9f, 0xe5,
	0xec, 0x10, 0x9f, 0xe5, 0x80, 0x00, 0x81, 0xe5, 0xf0, 0x00, 0x9f, 0xe5,
	0xe0, 0x10, 0x9f, 0xe5, 0xc0, 0x00, 0x81, 0xe5, 0x1d, 0x00, 0x00, 0xea,
	0xd0, 0x00, 0x9f, 0xe5, 0xd0, 0x10, 0x9f, 0xe5, 0x80, 0x00, 0x81, 0xe5,
	0xd8, 0x00, 0x9f, 0xe5, 0xc4, 0x10, 0x9f, 0xe5, 0xc0, 0x00, 0x81, 0xe5,
	0xd0, 0x00, 0x9f, 0xe5, 0xb8, 0x10, 0x9f, 0xe5, 0x00, 0x01, 0x81, 0xe5,
	0xc8, 0x00, 0x9f, 0xe5, 0xac, 0x10, 0x9f, 0xe5, 0x20, 0x00, 0x81, 0xe5,
	0x86, 0xff, 0xff, 0xeb, 0x0f, 0x00, 0x00, 0xea, 0x98, 0x00, 0x9f, 0xe5,
	0x98, 0x10, 0x9f, 0xe5, 0x80, 0x00, 0x81, 0xe5, 0xa0, 0x00, 0x9f, 0xe5,
	0x8c, 0x10, 0x9f, 0xe5, 0xc0, 0x00, 0x81, 0xe5, 0x98, 0x00, 0x9f, 0xe5,
	0x80, 0x10, 0x9f, 0xe5, 0x00, 0x01, 0x81, 0xe5, 0x90, 0x00, 0x9f, 0xe5,
	0x74, 0x10, 0x9f, 0xe5, 0x20, 0x00, 0x81, 0xe5, 0x4a, 0xff, 0xff, 0xeb,
	0x01, 0x00, 0x00, 0xea, 0x00, 0x00, 0xa0, 0xe3, 0x04, 0xf0, 0x9d, 0xe4,
	0x01, 0x00, 0xa0, 0xe3, 0xfc, 0xff, 0xff, 0xea, 0x30, 0x40, 0x2d, 0xe9,
	0x00, 0x20, 0xa0, 0xe1, 0x9d, 0xff, 0xff, 0xeb, 0x00, 0x30, 0xa0, 0xe1,
	0x04, 0x00, 0x53, 0xe3, 0x01, 0x00, 0x00, 0x0a, 0x05, 0x00, 0x53, 0xe3,
	0x04, 0x00, 0x00, 0x1a, 0x82, 0x0b, 0xa0, 0xe1, 0xa0, 0x0b, 0xa0, 0xe1,
	0x4c, 0x5b, 0x80, 0xe2, 0x00, 0x00, 0x95, 0xe5, 0x30, 0x80, 0xbd, 0xe8,
	0x02, 0x40, 0xa0, 0xe1, 0x04, 0x20, 0xa0, 0xe1, 0x00, 0x00, 0x94, 0xe5,
	0xfa, 0xff, 0xff, 0xea, 0x00, 0x00, 0x02, 0xa0, 0x0b, 0x20, 0x01, 0x00,
	0x08, 0x20, 0x01, 0x00, 0x00, 0x00, 0x40, 0xf4, 0x0a, 0x20, 0x01, 0x00,
	0x11, 0x00, 0x00, 0xa0, 0x00, 0x00, 0x00, 0xf0, 0x00, 0x06, 0x50, 0x80,
	0x00, 0x02, 0x50, 0x90, 0x00, 0x02, 0x90, 0x90, 0x10, 0x45, 0x60, 0x00,
	0x02, 0xc7, 0xd2, 0xd6, 0x50, 0x03, 0x10, 0x02, 0x58, 0x00, 0x9f, 0xe5,
	0x74, 0x00, 0x90, 0xe5, 0x40, 0x05, 0x10, 0xe3, 0x01, 0x00, 0x00, 0x0a,
	0x01, 0x00, 0xa0, 0xe3, 0x0e, 0xf0, 0xa0, 0xe1, 0x00, 0x00, 0xa0, 0xe3,
	0xfc, 0xff, 0xff, 0xea, 0x38, 0x00, 0x9f, 0xe5, 0x74, 0x00, 0x90, 0xe5,
	0x80, 0x05, 0x10, 0xe3, 0x01, 0x00, 0x00, 0x0a, 0x01, 0x00, 0xa0, 0xe3,
	0x0e, 0xf0, 0xa0, 0xe1, 0x00, 0x00, 0xa0, 0xe3, 0xfc, 0xff, 0xff, 0xea,
	0x18, 0x00, 0x9f, 0xe5, 0x74, 0x00, 0x90, 0xe5, 0x40, 0x04, 0x10, 0xe3,
	0x01, 0x00, 0x00, 0x0a, 0x01, 0x00, 0xa0, 0xe3, 0x0e, 0xf0, 0xa0, 0xe1,
	0x00, 0x00, 0xa0, 0xe3, 0xfc, 0xff, 0xff, 0xea, 0x00, 0x00, 0x40, 0xf4,
	0xff, 0xff, 0xff, 0xff, 0xff, 0xff, 0xff, 0xff, 0xff, 0xff, 0xff, 0xff,
	0xff, 0xff, 0xff, 0xff, 0xff, 0xff, 0xff, 0xff, 0xff, 0xff, 0xff, 0xff,
	0xff, 0xff, 0xff, 0xff, 0xff, 0xff, 0xff, 0xff, 0xff, 0xff, 0xff, 0xff,
	0xff, 0xff, 0xff, 0xff, 0xff, 0xff, 0xff, 0xff, 0xff, 0xff, 0xff, 0xff,
	0xff, 0xff, 0xff, 0xff, 0xff, 0xff, 0xff, 0xff, 0xff, 0xff, 0xff, 0xff,
	0xff, 0xff, 0xff, 0xff, 0xff, 0xff, 0xff, 0xff, 0xff, 0xff, 0xff, 0xff,
	0xff, 0xff, 0xff, 0xff, 0xff, 0xff, 0xff, 0xff, 0xff, 0xff, 0xff, 0xff,
	0xff, 0xff, 0xff, 0xff, 0xff, 0xff, 0xff, 0xff, 0xff, 0xff, 0xff, 0xff,
	0xff, 0xff, 0xff, 0xff, 0xff, 0xff, 0xff, 0xff, 0xff, 0xff, 0xff, 0xff,
	0xff, 0xff, 0xff, 0xff, 0xff, 0xff, 0xff, 0xff, 0xff, 0xff, 0xff, 0xff,
	0xff, 0xff, 0xff, 0xff, 0xff, 0xff, 0xff, 0xff, 0xff, 0xff, 0xff, 0xff,
	0xff, 0xff, 0xff, 0xff, 0xff, 0xff, 0xff, 0xff, 0xff, 0xff, 0xff, 0xff,
	0xff, 0xff, 0xff, 0xff, 0xff, 0xff, 0xff, 0xff, 0xff, 0xff, 0xff, 0xff,
	0xff, 0xff, 0xff, 0xff, 0xff, 0xff, 0xff, 0xff, 0xff, 0xff, 0xff, 0xff,
	0xff, 0xff, 0xff, 0xff, 0xff, 0xff, 0xff, 0xff, 0xff, 0xff, 0xff, 0xff,
	0xff, 0xff, 0xff, 0xff, 0xff, 0xff, 0xff, 0xff, 0xff, 0xff, 0xff, 0xff,
	0xff, 0xff, 0xff, 0xff, 0xff, 0xff, 0xff, 0xff, 0xff, 0xff, 0xff, 0xff,
	0xff, 0xff, 0xff, 0xff, 0xff, 0xff, 0xff, 0xff, 0xff, 0xff, 0xff, 0xff,
	0xff, 0xff, 0xff, 0xff, 0xff, 0xff, 0xff, 0xff, 0xff, 0xff, 0xff, 0xff,
	0xff, 0xff, 0xff, 0xff, 0xff, 0xff, 0xff, 0xff, 0xff, 0xff, 0xff, 0xff,
	0xff, 0xff, 0xff, 0xff, 0xff, 0xff, 0xff, 0xff, 0xff, 0xff, 0xff, 0xff,
	0xff, 0xff, 0xff, 0xff, 0xff, 0xff, 0xff, 0xff, 0xff, 0xff, 0xff, 0xff,
	0xff, 0xff, 0xff, 0xff, 0xff, 0xff, 0xff, 0xff, 0xff, 0xff, 0xff, 0xff,
	0xff, 0xff, 0xff, 0xff, 0xff, 0xff, 0xff, 0xff, 0xff, 0xff, 0xff, 0xff,
	0xff, 0xff, 0xff, 0xff, 0xff, 0xff, 0xff, 0xff, 0xff, 0xff, 0xff, 0xff,
	0xff, 0xff, 0xff, 0xff, 0xff, 0xff, 0xff, 0xff, 0xff, 0xff, 0xff, 0xff,
	0xff, 0xff, 0xff, 0xff, 0xff, 0xff, 0xff, 0xff, 0xff, 0xff, 0xff, 0xff,
	0xff, 0xff, 0xff, 0xff, 0xff, 0xff, 0xff, 0xff, 0xff, 0xff, 0xff, 0xff,
	0xff, 0xff, 0xff, 0xff, 0xff, 0xff, 0xff, 0xff, 0xff, 0xff, 0xff, 0xff,
	0xff, 0xff, 0xff, 0xff, 0xff, 0xff, 0xff, 0xff, 0xff, 0xff, 0xff, 0xff,
	0xff, 0xff, 0xff, 0xff, 0xff, 0xff, 0xff, 0xff, 0xff, 0xff, 0xff, 0xff,
	0xff, 0xff, 0xff, 0xff, 0xff, 0xff, 0xff, 0xff, 0xff, 0xff, 0xff, 0xff,
	0xff, 0xff, 0xff, 0xff, 0xff, 0xff, 0xff, 0xff, 0xff, 0xff, 0xff, 0xff,
	0xff, 0xff, 0xff, 0xff, 0xff, 0xff, 0xff, 0xff, 0xff, 0xff, 0xff, 0xff,
	0xff, 0xff, 0xff, 0xff, 0xff, 0xff, 0xff, 0xff, 0xff, 0xff, 0xff, 0xff,
	0xff, 0xff, 0xff, 0xff, 0xff, 0xff, 0xff, 0xff, 0xff, 0xff, 0xff, 0xff,
	0xff, 0xff, 0xff, 0xff, 0xff, 0xff, 0xff, 0xff, 0xff, 0xff, 0xff, 0xff,
	0xff, 0xff, 0xff, 0xff, 0xff, 0xff, 0xff, 0xff, 0xff, 0xff, 0xff, 0xff,
	0xff, 0xff, 0xff, 0xff, 0xff, 0xff, 0xff, 0xff, 0xff, 0xff, 0xff, 0xff,
	0xff, 0xff, 0xff, 0xff, 0xff, 0xff, 0xff, 0xff, 0xff, 0xff, 0xff, 0xff,
	0xff, 0xff, 0xff, 0xff, 0xff, 0xff, 0xff, 0xff, 0xff, 0xff, 0xff, 0xff,
	0xff, 0xff, 0xff, 0xff, 0xff, 0xff, 0xff, 0xff, 0xff, 0xff, 0xff, 0xff,
	0xff, 0xff, 0xff, 0xff, 0xff, 0xff, 0xff, 0xff, 0xff, 0xff, 0xff, 0xff,
	0xff, 0xff, 0xff, 0xff, 0xff, 0xff, 0xff, 0xff, 0xff, 0xff, 0xff, 0xff,
	0xff, 0xff, 0xff, 0xff, 0xff, 0xff, 0xff, 0xff, 0xff, 0xff, 0xff, 0xff,
	0xff, 0xff, 0xff, 0xff, 0xff, 0xff, 0xff, 0xff, 0xff, 0xff, 0xff, 0xff,
	0xff, 0xff, 0xff, 0xff, 0xff, 0xff, 0xff, 0xff, 0xff, 0xff, 0xff, 0xff,
	0xff, 0xff, 0xff, 0xff, 0xff, 0xff, 0xff, 0xff, 0xff, 0xff, 0xff, 0xff,
	0xff, 0xff, 0xff, 0xff, 0xff, 0xff, 0xff, 0xff, 0xff, 0xff, 0xff, 0xff,
	0xff, 0xff, 0xff, 0xff, 0xff, 0xff, 0xff, 0xff, 0xff, 0xff, 0xff, 0xff,
	0xff, 0xff, 0xff, 0xff, 0xff, 0xff, 0xff, 0xff, 0xff, 0xff, 0xff, 0xff,
	0xff, 0xff, 0xff, 0xff, 0xff, 0xff, 0xff, 0xff, 0xff, 0xff, 0xff, 0xff,
	0xff, 0xff, 0xff, 0xff, 0xff, 0xff, 0xff, 0xff, 0xff, 0xff, 0xff, 0xff,
	0xff, 0xff, 0xff, 0xff, 0xff, 0xff, 0xff, 0xff, 0xff, 0xff, 0xff, 0xff,
	0xff, 0xff, 0xff, 0xff, 0xff, 0xff, 0xff, 0xff, 0xff, 0xff, 0xff, 0xff,
	0xff, 0xff, 0xff, 0xff, 0xff, 0xff, 0xff, 0xff, 0xff, 0xff, 0xff, 0xff,
	0xff, 0xff, 0xff, 0xff, 0xff, 0xff, 0xff, 0xff, 0xff, 0xff, 0xff, 0xff,
	0xff, 0xff, 0xff, 0xff, 0xff, 0xff, 0xff, 0xff, 0xff, 0xff, 0xff, 0xff,
	0xff, 0xff, 0xff, 0xff, 0xff, 0xff, 0xff, 0xff, 0xff, 0xff, 0xff, 0xff,
	0xff, 0xff, 0xff, 0xff, 0xff, 0xff, 0xff, 0xff, 0xff, 0xff, 0xff, 0xff,
	0xff, 0xff, 0xff, 0xff, 0xff, 0xff, 0xff, 0xff, 0xff, 0xff, 0xff, 0xff,
	0xff, 0xff, 0xff, 0xff, 0xff, 0xff, 0xff, 0xff, 0xff, 0xff, 0xff, 0xff,
	0xff, 0xff, 0xff, 0xff, 0xff, 0xff, 0xff, 0xff, 0xff, 0xff, 0xff, 0xff,
	0xff, 0xff, 0xff, 0xff, 0xff, 0xff, 0xff, 0xff, 0xff, 0xff, 0xff, 0xff,
	0xff, 0xff, 0xff, 0xff, 0xff, 0xff, 0xff, 0xff, 0xff, 0xff, 0xff, 0xff,
	0xff, 0xff, 0xff, 0xff, 0xff, 0xff, 0xff, 0xff, 0xff, 0xff, 0xff, 0xff,
	0xff, 0xff, 0xff, 0xff, 0xff, 0xff, 0xff, 0xff, 0xff, 0xff, 0xff, 0xff,
	0xff, 0xff, 0xff, 0xff, 0xff, 0xff, 0xff, 0xff, 0xff, 0xff, 0xff, 0xff,
	0xff, 0xff, 0xff, 0xff, 0xff, 0xff, 0xff, 0xff, 0xff, 0xff, 0xff, 0xff,
	0xff, 0xff, 0xff, 0xff, 0xff, 0xff, 0xff, 0xff, 0xff, 0xff, 0xff, 0xff,
	0xff, 0xff, 0xff, 0xff, 0xff, 0xff, 0xff, 0xff, 0xff, 0xff, 0xff, 0xff,
	0xff, 0xff, 0xff, 0xff, 0xff, 0xff, 0xff, 0xff, 0xff, 0xff, 0xff, 0xff,
	0xff, 0xff, 0xff, 0xff, 0xff, 0xff, 0xff, 0xff, 0xff, 0xff, 0xff, 0xff,
	0xff, 0xff, 0xff, 0xff, 0xff, 0xff, 0xff, 0xff, 0xff, 0xff, 0xff, 0xff,
	0xff, 0xff, 0xff, 0xff, 0xff, 0xff, 0xff, 0xff, 0xff, 0xff, 0xff, 0xff,
	0xff, 0xff, 0xff, 0xff, 0xff, 0xff, 0xff, 0xff, 0xff, 0xff, 0xff, 0xff,
	0xff, 0xff, 0xff, 0xff, 0xff, 0xff, 0xff, 0xff, 0xff, 0xff, 0xff, 0xff,
	0xff, 0xff, 0xff, 0xff, 0xff, 0xff, 0xff, 0xff, 0xff, 0xff, 0xff, 0xff,
	0xff, 0xff, 0xff, 0xff, 0xff, 0xff, 0xff, 0xff, 0xff, 0xff, 0xff, 0xff,
	0xff, 0xff, 0xff, 0xff, 0xff, 0xff, 0xff, 0xff, 0xff, 0xff, 0xff, 0xff,
	0xff, 0xff, 0xff, 0xff, 0xff, 0xff, 0xff, 0xff, 0xff, 0xff, 0xff, 0xff,
	0xff, 0xff, 0xff, 0xff, 0xff, 0xff, 0xff, 0xff, 0xff, 0xff, 0xff, 0xff,
	0xff, 0xff, 0xff, 0xff, 0xff, 0xff, 0xff, 0xff, 0xff, 0xff, 0xff, 0xff,
	0xff, 0xff, 0xff, 0xff, 0xff, 0xff, 0xff, 0xff, 0xff, 0xff, 0xff, 0xff,
	0xff, 0xff, 0xff, 0xff, 0xff, 0xff, 0xff, 0xff, 0xff, 0xff, 0xff, 0xff,
	0xff, 0xff, 0xff, 0xff, 0xff, 0xff, 0xff, 0xff, 0xff, 0xff, 0xff, 0xff,
	0xff, 0xff, 0xff, 0xff, 0xff, 0xff, 0xff, 0xff, 0xff, 0xff, 0xff, 0xff,
	0xff, 0xff, 0xff, 0xff, 0xff, 0xff, 0xff, 0xff, 0xff, 0xff, 0xff, 0xff,
	0xff, 0xff, 0xff, 0xff, 0xff, 0xff, 0xff, 0xff, 0xff, 0xff, 0xff, 0xff,
	0xff, 0xff, 0xff, 0xff, 0xff, 0xff, 0xff, 0xff, 0xff, 0xff, 0xff, 0xff,
	0xff, 0xff, 0xff, 0xff, 0xff, 0xff, 0xff, 0xff, 0xff, 0xff, 0xff, 0xff,
	0xff, 0xff, 0xff, 0xff, 0xff, 0xff, 0xff, 0xff, 0xff, 0xff, 0xff, 0xff,
	0xff, 0xff, 0xff, 0xff, 0xff, 0xff, 0xff, 0xff, 0xff, 0xff, 0xff, 0xff,
	0xff, 0xff, 0xff, 0xff, 0xff, 0xff, 0xff, 0xff, 0xff, 0xff, 0xff, 0xff,
	0xff, 0xff, 0xff, 0xff, 0xff, 0xff, 0xff, 0xff, 0xff, 0xff, 0xff, 0xff,
	0xff, 0xff, 0xff, 0xff, 0xff, 0xff, 0xff, 0xff, 0xff, 0xff, 0xff, 0xff,
	0xff, 0xff, 0xff, 0xff, 0xff, 0xff, 0xff, 0xff, 0xff, 0xff, 0xff, 0xff,
	0xff, 0xff, 0xff, 0xff, 0xff, 0xff, 0xff, 0xff, 0xff, 0xff, 0xff, 0xff,
	0xff, 0xff, 0xff, 0xff, 0xff, 0xff, 0xff, 0xff, 0xff, 0xff, 0xff, 0xff,
	0xff, 0xff, 0xff, 0xff, 0xff, 0xff, 0xff, 0xff, 0xff, 0xff, 0xff, 0xff,
	0xff, 0xff, 0xff, 0xff, 0xff, 0xff, 0xff, 0xff, 0xff, 0xff, 0xff, 0xff,
	0xff, 0xff, 0xff, 0xff, 0xff, 0xff, 0xff, 0xff, 0xff, 0xff, 0xff, 0xff,
	0xff, 0xff, 0xff, 0xff, 0xff, 0xff, 0xff, 0xff, 0xff, 0xff, 0xff, 0xff,
	0xff, 0xff, 0xff, 0xff, 0xff, 0xff, 0xff, 0xff, 0xff, 0xff, 0xff, 0xff,
	0xff, 0xff, 0xff, 0xff, 0xff, 0xff, 0xff, 0xff, 0xff, 0xff, 0xff, 0xff,
	0xff, 0xff, 0xff, 0xff, 0xff, 0xff, 0xff, 0xff, 0xff, 0xff, 0xff, 0xff,
	0xff, 0xff, 0xff, 0xff, 0xff, 0xff, 0xff, 0xff, 0xff, 0xff, 0xff, 0xff,
	0xff, 0xff, 0xff, 0xff, 0xff, 0xff, 0xff, 0xff, 0xff, 0xff, 0xff, 0xff,
	0xff, 0xff, 0xff, 0xff, 0xff, 0xff, 0xff, 0xff, 0xff, 0xff, 0xff, 0xff,
	0xff, 0xff, 0xff, 0xff, 0xff, 0xff, 0xff, 0xff, 0xff, 0xff, 0xff, 0xff,
	0xff, 0xff, 0xff, 0xff, 0xff, 0xff, 0xff, 0xff, 0xff, 0xff, 0xff, 0xff,
	0xff, 0xff, 0xff, 0xff, 0xff, 0xff, 0xff, 0xff, 0xff, 0xff, 0xff, 0xff,
	0xff, 0xff, 0xff, 0xff, 0xff, 0xff, 0xff, 0xff, 0xff, 0xff, 0xff, 0xff,
	0xff, 0xff, 0xff, 0xff, 0xff, 0xff, 0xff, 0xff, 0xff, 0xff, 0xff, 0xff,
	0xff, 0xff, 0xff, 0xff, 0xff, 0xff, 0xff, 0xff, 0xff, 0xff, 0xff, 0xff,
	0xff, 0xff, 0xff, 0xff, 0xff, 0xff, 0xff, 0xff, 0xff, 0xff, 0xff, 0xff,
	0xff, 0xff, 0xff, 0xff, 0xff, 0xff, 0xff, 0xff, 0xff, 0xff, 0xff, 0xff,
	0xff, 0xff, 0xff, 0xff, 0xff, 0xff, 0xff, 0xff, 0xff, 0xff, 0xff, 0xff,
	0xff, 0xff, 0xff, 0xff, 0xff, 0xff, 0xff, 0xff, 0xff, 0xff, 0xff, 0xff,
	0xff, 0xff, 0xff, 0xff, 0xff, 0xff, 0xff, 0xff, 0xff, 0xff, 0xff, 0xff,
	0xff, 0xff, 0xff, 0xff, 0xff, 0xff, 0xff, 0xff, 0xff, 0xff, 0xff, 0xff,
	0xff, 0xff, 0xff, 0xff, 0xff, 0xff, 0xff, 0xff, 0xff, 0xff, 0xff, 0xff,
	0xff, 0xff, 0xff, 0xff, 0xff, 0xff, 0xff, 0xff, 0xff, 0xff, 0xff, 0xff,
	0xff, 0xff, 0xff, 0xff, 0xff, 0xff, 0xff, 0xff, 0xff, 0xff, 0xff, 0xff,
	0xff, 0xff, 0xff, 0xff, 0xff, 0xff, 0xff, 0xff, 0xff, 0xff, 0xff, 0xff,
	0xff, 0xff, 0xff, 0xff, 0xff, 0xff, 0xff, 0xff, 0xff, 0xff, 0xff, 0xff,
	0xff, 0xff, 0xff, 0xff, 0xff, 0xff, 0xff, 0xff, 0xff, 0xff, 0xff, 0xff,
	0xff, 0xff, 0xff, 0xff, 0xff, 0xff, 0xff, 0xff, 0xff, 0xff, 0xff, 0xff,
	0xff, 0xff, 0xff, 0xff, 0xff, 0xff, 0xff, 0xff, 0xff, 0xff, 0xff, 0xff,
	0xff, 0xff, 0xff, 0xff, 0xff, 0xff, 0xff, 0xff, 0xff, 0xff, 0xff, 0xff,
	0xff, 0xff, 0xff, 0xff, 0xff, 0xff, 0xff, 0xff, 0xff, 0xff, 0xff, 0xff,
	0xff, 0xff, 0xff, 0xff, 0xff, 0xff, 0xff, 0xff, 0xff, 0xff, 0xff, 0xff,
	0xff, 0xff, 0xff, 0xff, 0xff, 0xff, 0xff, 0xff, 0xff, 0xff, 0xff, 0xff,
	0xff, 0xff, 0xff, 0xff, 0xff, 0xff, 0xff, 0xff, 0xff, 0xff, 0xff, 0xff,
	0xff, 0xff, 0xff, 0xff, 0xff, 0xff, 0xff, 0xff, 0xff, 0xff, 0xff, 0xff,
	0xff, 0xff, 0xff, 0xff, 0xff, 0xff, 0xff, 0xff, 0xff, 0xff, 0xff, 0xff,
	0xff, 0xff, 0xff, 0xff, 0xff, 0xff, 0xff, 0xff, 0xff, 0xff, 0xff, 0xff,
	0xff, 0xff, 0xff, 0xff, 0xff, 0xff, 0xff, 0xff, 0xff, 0xff, 0xff, 0xff,
	0xff, 0xff, 0xff, 0xff, 0xff, 0xff, 0xff, 0xff, 0xff, 0xff, 0xff, 0xff,
	0xff, 0xff, 0xff, 0xff, 0xff, 0xff, 0xff, 0xff, 0xff, 0xff, 0xff, 0xff,
	0xff, 0xff, 0xff, 0xff, 0xff, 0xff, 0xff, 0xff, 0xff, 0xff, 0xff, 0xff,
	0xff, 0xff, 0xff, 0xff, 0xff, 0xff, 0xff, 0xff, 0xff, 0xff, 0xff, 0xff,
	0xff, 0xff, 0xff, 0xff, 0xff, 0xff, 0xff, 0xff, 0xff, 0xff, 0xff, 0xff,
	0xff, 0xff, 0xff, 0xff, 0xff, 0xff, 0xff, 0xff, 0xff, 0xff, 0xff, 0xff,
	0xff, 0xff, 0xff, 0xff, 0xff, 0xff, 0xff, 0xff, 0xff, 0xff, 0xff, 0xff,
	0xff, 0xff, 0xff, 0xff, 0xff, 0xff, 0xff, 0xff, 0xff, 0xff, 0xff, 0xff,
	0xff, 0xff, 0xff, 0xff, 0xff, 0xff, 0xff, 0xff, 0xff, 0xff, 0xff, 0xff,
	0xff, 0xff, 0xff, 0xff, 0xff, 0xff, 0xff, 0xff, 0xff, 0xff, 0xff, 0xff,
	0xff, 0xff, 0xff, 0xff, 0xff, 0xff, 0xff, 0xff, 0xff, 0xff, 0xff, 0xff,
	0xff, 0xff, 0xff, 0xff, 0xff, 0xff, 0xff, 0xff, 0xff, 0xff, 0xff, 0xff,
	0xff, 0xff, 0xff, 0xff, 0xff, 0xff, 0xff, 0xff, 0xff, 0xff, 0xff, 0xff,
	0xff, 0xff, 0xff, 0xff, 0xff, 0xff, 0xff, 0xff, 0xff, 0xff, 0xff, 0xff,
	0xff, 0xff, 0xff, 0xff, 0xff, 0xff, 0xff, 0xff, 0xff, 0xff, 0xff, 0xff,
	0xff, 0xff, 0xff, 0xff, 0xff, 0xff, 0xff, 0xff, 0xff, 0xff, 0xff, 0xff,
	0xff, 0xff, 0xff, 0xff, 0xff, 0xff, 0xff, 0xff, 0xff, 0xff, 0xff, 0xff,
	0xff, 0xff, 0xff, 0xff, 0xff, 0xff, 0xff, 0xff, 0xff, 0xff, 0xff, 0xff,
	0xff, 0xff, 0xff, 0xff, 0xff, 0xff, 0xff, 0xff, 0xff, 0xff, 0xff, 0xff,
	0xff, 0xff, 0xff, 0xff, 0xff, 0xff, 0xff, 0xff, 0xff, 0xff, 0xff, 0xff,
	0xff, 0xff, 0xff, 0xff, 0xff, 0xff, 0xff, 0xff, 0xff, 0xff, 0xff, 0xff,
	0xff, 0xff, 0xff, 0xff, 0xff, 0xff, 0xff, 0xff, 0xff, 0xff, 0xff, 0xff,
	0xff, 0xff, 0xff, 0xff, 0xff, 0xff, 0xff, 0xff, 0xff, 0xff, 0xff, 0xff,
	0xff, 0xff, 0xff, 0xff, 0xff, 0xff, 0xff, 0xff, 0xff, 0xff, 0xff, 0xff,
	0xff, 0xff, 0xff, 0xff, 0xff, 0xff, 0xff, 0xff, 0xff, 0xff, 0xff, 0xff,
	0xff, 0xff, 0xff, 0xff, 0xff, 0xff, 0xff, 0xff, 0xff, 0xff, 0xff, 0xff,
	0xff, 0xff, 0xff, 0xff, 0xff, 0xff, 0xff, 0xff, 0xff, 0xff, 0xff, 0xff,
	0xff, 0xff, 0xff, 0xff, 0xff, 0xff, 0xff, 0xff, 0xff, 0xff, 0xff, 0xff,
	0xff, 0xff, 0xff, 0xff, 0xff, 0xff, 0xff, 0xff, 0xff, 0xff, 0xff, 0xff,
	0xff, 0xff, 0xff, 0xff, 0xff, 0xff, 0xff, 0xff, 0xff, 0xff, 0xff, 0xff,
	0xff, 0xff, 0xff, 0xff, 0xff, 0xff, 0xff, 0xff, 0xff, 0xff, 0xff, 0xff,
	0xff, 0xff, 0xff, 0xff, 0xff, 0xff, 0xff, 0xff, 0xff, 0xff, 0xff, 0xff,
	0xff, 0xff, 0xff, 0xff, 0xff, 0xff, 0xff, 0xff, 0xff, 0xff, 0xff, 0xff,
	0xff, 0xff, 0xff, 0xff, 0xff, 0xff, 0xff, 0xff, 0xff, 0xff, 0xff, 0xff,
	0xff, 0xff, 0xff, 0xff, 0xff, 0xff, 0xff, 0xff, 0xff, 0xff, 0xff, 0xff,
	0xff, 0xff, 0xff, 0xff, 0xff, 0xff, 0xff, 0xff, 0xff, 0xff, 0xff, 0xff,
	0xff, 0xff, 0xff, 0xff, 0xff, 0xff, 0xff, 0xff, 0xff, 0xff, 0xff, 0xff,
	0xff, 0xff, 0xff, 0xff, 0xff, 0xff, 0xff, 0xff, 0xff, 0xff, 0xff, 0xff,
	0xff, 0xff, 0xff, 0xff, 0xff, 0xff, 0xff, 0xff, 0xff, 0xff, 0xff, 0xff,
	0xff, 0xff, 0xff, 0xff, 0xff, 0xff, 0xff, 0xff, 0xff, 0xff, 0xff, 0xff,
	0xff, 0xff, 0xff, 0xff, 0xff, 0xff, 0xff, 0xff, 0xff, 0xff, 0xff, 0xff,
	0xff, 0xff, 0xff, 0xff, 0xff, 0xff, 0xff, 0xff, 0xff, 0xff, 0xff, 0xff,
	0xff, 0xff, 0xff, 0xff, 0xff, 0xff, 0xff, 0xff, 0xff, 0xff, 0xff, 0xff,
	0xff, 0xff, 0xff, 0xff, 0xff, 0xff, 0xff, 0xff, 0xff, 0xff, 0xff, 0xff,
	0xff, 0xff, 0xff, 0xff, 0xff, 0xff, 0xff, 0xff, 0xff, 0xff, 0xff, 0xff,
	0xff, 0xff, 0xff, 0xff, 0xff, 0xff, 0xff, 0xff, 0xff, 0xff, 0xff, 0xff,
	0xff, 0xff, 0xff, 0xff, 0xff, 0xff, 0xff, 0xff, 0xff, 0xff, 0xff, 0xff,
	0xff, 0xff, 0xff, 0xff, 0xff, 0xff, 0xff, 0xff, 0xff, 0xff, 0xff, 0xff,
	0xff, 0xff, 0xff, 0xff, 0xff, 0xff, 0xff, 0xff, 0xff, 0xff, 0xff, 0xff,
	0xff, 0xff, 0xff, 0xff, 0xff, 0xff, 0xff, 0xff, 0xff, 0xff, 0xff, 0xff,
	0xff, 0xff, 0xff, 0xff, 0xff, 0xff, 0xff, 0xff, 0xff, 0xff, 0xff, 0xff,
	0xff, 0xff, 0xff, 0xff, 0xff, 0xff, 0xff, 0xff, 0xff, 0xff, 0xff, 0xff,
	0xff, 0xff, 0xff, 0xff, 0xff, 0xff, 0xff, 0xff, 0xff, 0xff, 0xff, 0xff,
	0xff, 0xff, 0xff, 0xff, 0xff, 0xff, 0xff, 0xff, 0xff, 0xff, 0xff, 0xff,
	0xff, 0xff, 0xff, 0xff, 0xff, 0xff, 0xff, 0xff, 0xff, 0xff, 0xff, 0xff,
	0xff, 0xff, 0xff, 0xff, 0xff, 0xff, 0xff, 0xff, 0xff, 0xff, 0xff, 0xff,
	0xff, 0xff, 0xff, 0xff, 0xff, 0xff, 0xff, 0xff, 0xff, 0xff, 0xff, 0xff,
	0xff, 0xff, 0xff, 0xff, 0xff, 0xff, 0xff, 0xff, 0xff, 0xff, 0xff, 0xff,
	0xff, 0xff, 0xff, 0xff, 0xff, 0xff, 0xff, 0xff, 0xff, 0xff, 0xff, 0xff,
	0xff, 0xff, 0xff, 0xff, 0xff, 0xff, 0xff, 0xff, 0xff, 0xff, 0xff, 0xff,
	0xff, 0xff, 0xff, 0xff, 0xff, 0xff, 0xff, 0xff, 0xff, 0xff, 0xff, 0xff,
	0xff, 0xff, 0xff, 0xff, 0xff, 0xff, 0xff, 0xff, 0xff, 0xff, 0xff, 0xff,
	0xff, 0xff, 0xff, 0xff, 0xff, 0xff, 0xff, 0xff, 0xff, 0xff, 0xff, 0xff,
	0xff, 0xff, 0xff, 0xff, 0xff, 0xff, 0xff, 0xff, 0xff, 0xff, 0xff, 0xff,
	0xff, 0xff, 0xff, 0xff, 0xff, 0xff, 0xff, 0xff, 0xff, 0xff, 0xff, 0xff,
	0xff, 0xff, 0xff, 0xff, 0xff, 0xff, 0xff, 0xff, 0xff, 0xff, 0xff, 0xff,
	0xff, 0xff, 0xff, 0xff, 0xff, 0xff, 0xff, 0xff, 0xff, 0xff, 0xff, 0xff,
	0xff, 0xff, 0xff, 0xff, 0xff, 0xff, 0xff, 0xff, 0xff, 0xff, 0xff, 0xff,
	0xff, 0xff, 0xff, 0xff, 0xff, 0xff, 0xff, 0xff, 0xff, 0xff, 0xff, 0xff,
	0xff, 0xff, 0xff, 0xff, 0xff, 0xff, 0xff, 0xff, 0xff, 0xff, 0xff, 0xff,
	0xff, 0xff, 0xff, 0xff, 0xff, 0xff, 0xff, 0xff, 0xff, 0xff, 0xff, 0xff,
	0xff, 0xff, 0xff, 0xff, 0xff, 0xff, 0xff, 0xff, 0xff, 0xff, 0xff, 0xff,
	0xff, 0xff, 0xff, 0xff, 0xff, 0xff, 0xff, 0xff, 0xff, 0xff, 0xff, 0xff,
	0xff, 0xff, 0xff, 0xff, 0xff, 0xff, 0xff, 0xff, 0xff, 0xff, 0xff, 0xff,
	0xff, 0xff, 0xff, 0xff, 0xff, 0xff, 0xff, 0xff, 0xff, 0xff, 0xff, 0xff,
	0xff, 0xff, 0xff, 0xff, 0xff, 0xff, 0xff, 0xff, 0xff, 0xff, 0xff, 0xff,
	0xff, 0xff, 0xff, 0xff, 0xff, 0xff, 0xff, 0xff, 0xff, 0xff, 0xff, 0xff,
	0xff, 0xff, 0xff, 0xff, 0xff, 0xff, 0xff, 0xff, 0xff, 0xff, 0xff, 0xff,
	0xff, 0xff, 0xff, 0xff, 0xff, 0xff, 0xff, 0xff, 0xff, 0xff, 0xff, 0xff,
	0xff, 0xff, 0xff, 0xff, 0xff, 0xff, 0xff, 0xff, 0xff, 0xff, 0xff, 0xff,
	0xff, 0xff, 0xff, 0xff, 0xff, 0xff, 0xff, 0xff, 0xff, 0xff, 0xff, 0xff,
	0xff, 0xff, 0xff, 0xff, 0xff, 0xff, 0xff, 0xff, 0xff, 0xff, 0xff, 0xff,
	0xff, 0xff, 0xff, 0xff, 0xff, 0xff, 0xff, 0xff, 0xff, 0xff, 0xff, 0xff,
	0xff, 0xff, 0xff, 0xff, 0xff, 0xff, 0xff, 0xff, 0xff, 0xff, 0xff, 0xff,
	0xff, 0xff, 0xff, 0xff, 0xff, 0xff, 0xff, 0xff, 0xff, 0xff, 0xff, 0xff,
	0xff, 0xff, 0xff, 0xff, 0xff, 0xff, 0xff, 0xff, 0xff, 0xff, 0xff, 0xff,
	0xff, 0xff, 0xff, 0xff, 0xff, 0xff, 0xff, 0xff, 0xff, 0xff, 0xff, 0xff,
	0xff, 0xff, 0xff, 0xff, 0xff, 0xff, 0xff, 0xff, 0xff, 0xff, 0xff, 0xff,
	0xff, 0xff, 0xff, 0xff, 0xff, 0xff, 0xff, 0xff, 0xff, 0xff, 0xff, 0xff,
	0xff, 0xff, 0xff, 0xff, 0xff, 0xff, 0xff, 0xff, 0xff, 0xff, 0xff, 0xff,
	0xff, 0xff, 0xff, 0xff, 0xff, 0xff, 0xff, 0xff, 0xff, 0xff, 0xff, 0xff,
	0xff, 0xff, 0xff, 0xff, 0xff, 0xff, 0xff, 0xff, 0xff, 0xff, 0xff, 0xff,
	0xff, 0xff, 0xff, 0xff, 0xff, 0xff, 0xff, 0xff, 0xff, 0xff, 0xff, 0xff,
	0xff, 0xff, 0xff, 0xff, 0xff, 0xff, 0xff, 0xff, 0xff, 0xff, 0xff, 0xff,
	0xff, 0xff, 0xff, 0xff, 0xff, 0xff, 0xff, 0xff, 0xff, 0xff, 0xff, 0xff,
	0xff, 0xff, 0xff, 0xff, 0xff, 0xff, 0xff, 0xff, 0xff, 0xff, 0xff, 0xff,
	0xff, 0xff, 0xff, 0xff, 0xff, 0xff, 0xff, 0xff, 0xff, 0xff, 0xff, 0xff,
	0xff, 0xff, 0xff, 0xff, 0xff, 0xff, 0xff, 0xff, 0xff, 0xff, 0xff, 0xff,
	0xff, 0xff, 0xff, 0xff, 0xff, 0xff, 0xff, 0xff, 0xff, 0xff, 0xff, 0xff,
	0xff, 0xff, 0xff, 0xff, 0xff, 0xff, 0xff, 0xff, 0xff, 0xff, 0xff, 0xff,
	0xff, 0xff, 0xff, 0xff, 0xff, 0xff, 0xff, 0xff, 0xff, 0xff, 0xff, 0xff,
	0xff, 0xff, 0xff, 0xff, 0xff, 0xff, 0xff, 0xff, 0xff, 0xff, 0xff, 0xff,
	0xff, 0xff, 0xff, 0xff, 0xff, 0xff, 0xff, 0xff, 0xff, 0xff, 0xff, 0xff,
	0xff, 0xff, 0xff, 0xff, 0xff, 0xff, 0xff, 0xff, 0xff, 0xff, 0xff, 0xff,
	0xff, 0xff, 0xff, 0xff, 0xff, 0xff, 0xff, 0xff, 0xff, 0xff, 0xff, 0xff,
	0xff, 0xff, 0xff, 0xff, 0xff, 0xff, 0xff, 0xff, 0xff, 0xff, 0xff, 0xff,
	0xff, 0xff, 0xff, 0xff, 0xff, 0xff, 0xff, 0xff, 0xff, 0xff, 0xff, 0xff,
	0xff, 0xff, 0xff, 0xff, 0xff, 0xff, 0xff, 0xff, 0xff, 0xff, 0xff, 0xff,
	0xff, 0xff, 0xff, 0xff, 0xff, 0xff, 0xff, 0xff, 0xff, 0xff, 0xff, 0xff,
	0xff, 0xff, 0xff, 0xff, 0xff, 0xff, 0xff, 0xff, 0xff, 0xff, 0xff, 0xff,
	0x00, 0x00, 0x00, 0xf1, 0x00, 0x00, 0x80, 0xf1
};

static const uint8_t pmb8876_brom_r16[] = {
	0x18, 0xf0, 0x9f, 0xe5, 0x18, 0xf0, 0x9f, 0xe5, 0x18, 0xf0, 0x9f, 0xe5, 0x18, 0xf0, 0x9f, 0xe5,
	0x18, 0xf0, 0x9f, 0xe5, 0x00, 0x00, 0xa0, 0xe1, 0x14, 0xf0, 0x9f, 0xe5, 0x14, 0xf0, 0x9f, 0xe5,
	0x54, 0x00, 0x40, 0x00, 0x3c, 0x00, 0x40, 0x00, 0x40, 0x00, 0x40, 0x00, 0x44, 0x00, 0x40, 0x00,
	0x48, 0x00, 0x40, 0x00, 0x4c, 0x00, 0x40, 0x00, 0x50, 0x00, 0x40, 0x00, 0xfe, 0xff, 0xff, 0xea,
	0xfe, 0xff, 0xff, 0xea, 0xfe, 0xff, 0xff, 0xea, 0xfe, 0xff, 0xff, 0xea, 0xfe, 0xff, 0xff, 0xea,
	0xfe, 0xff, 0xff, 0xea, 0x1c, 0x00, 0x9f, 0xe5, 0xd3, 0xf0, 0x21, 0xe3, 0x00, 0xd0, 0xa0, 0xe1,
	0x14, 0x20, 0x9f, 0xe5, 0x00, 0x10, 0x92, 0xe5, 0x70, 0x0a, 0x01, 0xe2, 0x80, 0x0b, 0x50, 0xe3,
	0x9f, 0x00, 0x00, 0x0a, 0xe5, 0x03, 0x00, 0xea, 0xf0, 0x7f, 0x01, 0x00, 0x10, 0x00, 0x40, 0xf4,
	0x00, 0x10, 0xa0, 0xe1, 0xd8, 0x00, 0x9f, 0xe5, 0x90, 0x01, 0x03, 0xe0, 0x40, 0x0b, 0xa0, 0xe3,
	0x23, 0x07, 0x40, 0xe0, 0x00, 0x28, 0xa0, 0xe1, 0x22, 0x28, 0xa0, 0xe1, 0xc4, 0x00, 0x9f, 0xe5,
	0xc4, 0x30, 0x9f, 0xe5, 0x24, 0x00, 0x83, 0xe5, 0xf3, 0x00, 0xa0, 0xe3, 0x02, 0x08, 0x80, 0xe1,
	0xb4, 0x30, 0x9f, 0xe5, 0x24, 0x00, 0x83, 0xe5, 0x01, 0x00, 0xa0, 0xe3, 0x0e, 0xf0, 0xa0, 0xe1,
	0x10, 0x1f, 0x11, 0xee, 0x40, 0x1d, 0xc1, 0xe3, 0x04, 0x10, 0xc1, 0xe3, 0x10, 0x1f, 0x01, 0xee,
	0x10, 0x1f, 0x1f, 0xee, 0x40, 0x1b, 0x81, 0xe3, 0x10, 0x1f, 0x0f, 0xee, 0x01, 0x00, 0xa0, 0xe3,
	0x0e, 0xf0, 0xa0, 0xe1, 0x10, 0x40, 0x2d, 0xe9, 0x7c, 0x00, 0x9f, 0xe5, 0x10, 0x40, 0x90, 0xe5,
	0x40, 0x05, 0x14, 0xe3, 0x06, 0x00, 0x00, 0x0a, 0xf0, 0xff, 0xff, 0xeb, 0x02, 0x00, 0xa0, 0xe3,
	0x68, 0x10, 0x9f, 0xe5, 0x00, 0x00, 0xc1, 0xe5, 0x64, 0x00, 0x9f, 0xe5, 0xdb, 0xff, 0xff, 0xeb,
	0x18, 0x00, 0x00, 0xeb, 0x40, 0x04, 0x14, 0xe3, 0x06, 0x00, 0x00, 0x0a, 0xe7, 0xff, 0xff, 0xeb,
	0x01, 0x00, 0xa0, 0xe3, 0x44, 0x10, 0x9f, 0xe5, 0x00, 0x00, 0xc1, 0xe5, 0x40, 0x00, 0x9f, 0xe5,
	0xd2, 0xff, 0xff, 0xeb, 0x0f, 0x00, 0x00, 0xeb, 0x80, 0x04, 0x14, 0xe3, 0x06, 0x00, 0x00, 0x0a,
	0xde, 0xff, 0xff, 0xeb, 0x28, 0x00, 0x9f, 0xe5, 0xcc, 0xff, 0xff, 0xeb, 0x00, 0x00, 0xa0, 0xe3,
	0x18, 0x10, 0x9f, 0xe5, 0x00, 0x00, 0xc1, 0xe5, 0x05, 0x01, 0x00, 0xeb, 0x00, 0x00, 0xa0, 0xe1,
	0xfe, 0xff, 0xff, 0xea, 0x90, 0x65, 0x00, 0x00, 0xf0, 0x00, 0xfc, 0xff, 0x00, 0x00, 0x40, 0xf4,
	0xd0, 0x70, 0x01, 0x00, 0xb8, 0x0b, 0x00, 0x00, 0xf8, 0x40, 0x2d, 0xe9, 0x90, 0x00, 0x9f, 0xe5,
	0x78, 0x70, 0x90, 0xe5, 0x01, 0x00, 0x17, 0xe3, 0x01, 0x00, 0x00, 0x0a, 0x00, 0x00, 0xa0, 0xe1,
	0xfe, 0xff, 0xff, 0xea, 0x78, 0x00, 0x9f, 0xe5, 0x78, 0x00, 0x90, 0xe5, 0x01, 0x00, 0x80, 0xe3,
	0x6c, 0x10, 0x9f, 0xe5, 0x78, 0x00, 0x81, 0xe5, 0x5a, 0x02, 0x00, 0xeb, 0x64, 0x00, 0x9f, 0xe5,
	0x98, 0x02, 0x00, 0xeb, 0x00, 0x60, 0xa0, 0xe1, 0x5c, 0x00, 0x9f, 0xe5, 0x95, 0x02, 0x00, 0xeb,
	0x00, 0x50, 0xa0, 0xe1, 0x03, 0x00, 0x16, 0xe3, 0x0e, 0x00, 0x00, 0x1a, 0x4c, 0x00, 0x9f, 0xe5,
	0x00, 0x00, 0x55, 0xe1, 0x0b, 0x00, 0x00, 0x1a, 0x2f, 0x02, 0x00, 0xeb, 0x00, 0x40, 0xa0, 0xe1,
	0x04, 0x00, 0x54, 0xe3, 0x01, 0x00, 0x00, 0x0a, 0x05, 0x00, 0x54, 0xe3, 0x02, 0x00, 0x00, 0x1a,
	0x2c, 0x00, 0x9f, 0xe5, 0x30, 0x03, 0x00, 0xeb, 0x03, 0x00, 0x00, 0xea, 0x14, 0x00, 0x9f, 0xe5,
	0x2d, 0x03, 0x00, 0xeb, 0x00, 0x00, 0x00, 0xea, 0xd9, 0x00, 0x00, 0xeb, 0x00, 0x00, 0xa0, 0xe3,
	0xf8, 0x80, 0xbd, 0xe8, 0x00, 0x00, 0x40, 0xf4, 0x38, 0x00, 0x00, 0xa0, 0x3c, 0x00, 0x00, 0xa0,
	0x43, 0x4a, 0x4b, 0x54, 0x38, 0x30, 0x01, 0x00, 0x90, 0x21, 0x9f, 0xe5, 0x00, 0x10, 0xa0, 0xe3,
	0x00, 0x10, 0x92, 0xe5, 0x80, 0x0f, 0xa0, 0xe3, 0x01, 0x00, 0xc0, 0xe1, 0x80, 0x3f, 0xc1, 0xe3,
	0x03, 0x10, 0x80, 0xe0, 0x00, 0x10, 0x82, 0xe5, 0x01, 0x00, 0xa0, 0xe3, 0x0e, 0xf0, 0xa0, 0xe1,
	0x6c, 0x01, 0x9f, 0xe5, 0x80, 0x00, 0x90, 0xe5, 0xff, 0x00, 0x00, 0xe2, 0x0e, 0xf0, 0xa0, 0xe1,
	0x58, 0x11, 0x9f, 0xe5, 0x50, 0x0e, 0xa0, 0xe3, 0x00, 0x00, 0x81, 0xe5, 0x01, 0x00, 0xa0, 0xe3,
	0x0e, 0xf0, 0xa0, 0xe1, 0x4c, 0x11, 0x9f, 0xe5, 0x40, 0x0f, 0xa0, 0xe3, 0x00, 0x00, 0x81, 0xe5,
	0xcc, 0x10, 0x81, 0xe2, 0x40, 0x0f, 0xa0, 0xe3, 0x00, 0x00, 0x81, 0xe5, 0x40, 0x13, 0x81, 0xe0,
	0x40, 0x0f, 0xa0, 0xe3, 0x00, 0x00, 0x81, 0xe5, 0x40, 0x13, 0x81, 0xe1, 0x40, 0x0f, 0xa0, 0xe3,
	0x00, 0x00, 0x81, 0xe5, 0x40, 0x13, 0x81, 0xe0, 0x40, 0x0f, 0xa0, 0xe3, 0x00, 0x00, 0x81, 0xe5,
	0x34, 0x10, 0x41, 0xe2, 0x40, 0x0f, 0xa0, 0xe3, 0x00, 0x00, 0x81, 0xe5, 0x40, 0x13, 0xc1, 0xe1,
	0x40, 0x0f, 0xa0, 0xe3, 0x00, 0x00, 0x81, 0xe5, 0x40, 0x13, 0x41, 0xe0, 0x40, 0x0f, 0xa0, 0xe3,
	0x00, 0x00, 0x81, 0xe5, 0x0c, 0x10, 0x81, 0xe2, 0x40, 0x0f, 0xa0, 0xe3, 0x00, 0x00, 0x81, 0xe5,
	0xbd, 0x16, 0x40, 0xe2, 0x40, 0x0f, 0xa0, 0xe3, 0x00, 0x00, 0x81, 0xe5, 0x01, 0x00, 0xa0, 0xe3,
	0x0e, 0xf0, 0xa0, 0xe1, 0xf0, 0x41, 0x2d, 0xe9, 0x00, 0x50, 0xa0, 0xe3, 0x00, 0x40, 0xa0, 0xe3,
	0x00, 0x80, 0xa0, 0xe3, 0x00, 0x60, 0xa0, 0xe3, 0x10, 0x6f, 0x11, 0xee, 0x40, 0x6d, 0x86, 0xe3,
	0x10, 0x6f, 0x01, 0xee, 0xd6, 0xff, 0xff, 0xeb, 0xcc, 0xff, 0xff, 0xeb, 0xad, 0x00, 0x50, 0xe3,
	0x01, 0x00, 0x00, 0x0a, 0x00, 0x00, 0xa0, 0xe1, 0xfe, 0xff, 0xff, 0xea, 0xcb, 0xff, 0xff, 0xeb,
	0xbc, 0xff, 0xff, 0xeb, 0xc5, 0xff, 0xff, 0xeb, 0x00, 0x50, 0xa0, 0xe1, 0xb9, 0xff, 0xff, 0xeb,
	0xc2, 0xff, 0xff, 0xeb, 0x00, 0x04, 0x85, 0xe0, 0x00, 0x58, 0xa0, 0xe1, 0x25, 0x58, 0xa0, 0xe1,
	0xb4, 0xff, 0xff, 0xeb, 0xbd, 0xff, 0xff, 0xeb, 0x00, 0x40, 0xa0, 0xe1, 0xb1, 0xff, 0xff, 0xeb,
	0xba, 0xff, 0xff, 0xeb, 0x00, 0x44, 0x84, 0xe0, 0xae, 0xff, 0xff, 0xeb, 0xb7, 0xff, 0xff, 0xeb,
	0x00, 0x48, 0x84, 0xe0, 0xab, 0xff, 0xff, 0xeb, 0xb4, 0xff, 0xff, 0xeb, 0x00, 0x4c, 0x84, 0xe0,
	0xa8, 0xff, 0xff, 0xeb, 0x04, 0x70, 0xa0, 0xe1, 0x00, 0x00, 0xa0, 0xe1, 0x05, 0x00, 0x58, 0xe1,
	0x06, 0x00, 0x00, 0x2a, 0xad, 0xff, 0xff, 0xeb, 0x00, 0x00, 0xc7, 0xe5, 0xa1, 0xff, 0xff, 0xeb,
	0x01, 0x70, 0x87, 0xe2, 0x01, 0x00, 0x88, 0xe2, 0x40, 0x8b, 0xc0, 0xe3, 0xf6, 0xff, 0xff, 0xea,
	0x04, 0x00, 0xa0, 0xe1, 0xc1, 0x02, 0x00, 0xeb, 0x00, 0x00, 0xa0, 0xe3, 0xf0, 0x81, 0xbd, 0xe8,
	0xdc, 0x00, 0x30, 0xf4, 0x00, 0x00, 0x40, 0xf4, 0x00, 0x00, 0x30, 0xf4, 0x00, 0x00, 0x00, 0x00,
	0x00, 0x00, 0x00, 0x00, 0x00, 0x00, 0x00, 0x00, 0x00, 0x00, 0x00, 0x00, 0x00, 0x00, 0x00, 0x00,
	0x00, 0x00, 0x00, 0x00, 0x00, 0x00, 0x00, 0x00, 0x00, 0x00, 0x00, 0x00, 0x00, 0x00, 0x00, 0x00,
	0x00, 0x00, 0x00, 0x00, 0x00, 0x00, 0x00, 0x00, 0x00, 0x00, 0x00, 0x00, 0x00, 0x00, 0x00, 0x00,
	0x02, 0x00, 0x20, 0xc0, 0xff, 0xff, 0xff, 0xff, 0xff, 0xff, 0xff, 0xff, 0xff, 0xff, 0xff, 0xff,
	0xff, 0xff, 0xff, 0xff, 0xff, 0xff, 0xff, 0xff, 0xff, 0xff, 0xff, 0xff, 0xff, 0xff, 0xff, 0xff,
	0xff, 0xff, 0xff, 0xff, 0xff, 0xff, 0xff, 0xff, 0xff, 0xff, 0xff, 0xff, 0xff, 0xff, 0xff, 0xff,
	0xff, 0xff, 0xff, 0xff, 0xff, 0xff, 0xff, 0xff, 0xff, 0xff, 0xff, 0xff, 0xff, 0xff, 0xff, 0xff,
	0xff, 0xff, 0xff, 0xff, 0xff, 0xff, 0xff, 0xff, 0xff, 0xff, 0xff, 0xff, 0xff, 0xff, 0xff, 0xff,
	0xff, 0xff, 0xff, 0xff, 0xff, 0xff, 0xff, 0xff, 0xff, 0xff, 0xff, 0xff, 0xff, 0xff, 0xff, 0xff,
	0xff, 0xff, 0xff, 0xff, 0xff, 0xff, 0xff, 0xff, 0xff, 0xff, 0xff, 0xff, 0xff, 0xff, 0xff, 0xff,
	0xff, 0xff, 0xff, 0xff, 0xff, 0xff, 0xff, 0xff, 0xff, 0xff, 0xff, 0xff, 0xff, 0xff, 0xff, 0xff,
	0x38, 0x40, 0x2d, 0xe9, 0xa3, 0x01, 0x00, 0xeb, 0xe4, 0x01, 0x9f, 0xe5, 0xe1, 0x01, 0x00, 0xeb,
	0x00, 0x40, 0xa0, 0xe1, 0x01, 0x00, 0x74, 0xe3, 0x13, 0x00, 0x00, 0x1a, 0xd4, 0x01, 0x9f, 0xe5,
	0xdc, 0x01, 0x00, 0xeb, 0x01, 0x00, 0x70, 0xe3, 0x01, 0x00, 0x00, 0x0a, 0x00, 0x00, 0xe0, 0xe3,
	0x38, 0x80, 0xbd, 0xe8, 0xc0, 0x01, 0x9f, 0xe5, 0xd6, 0x01, 0x00, 0xeb, 0x01, 0x00, 0x70, 0xe3,
	0x01, 0x00, 0x00, 0x0a, 0x00, 0x00, 0xe0, 0xe3, 0xf8, 0xff, 0xff, 0xea, 0xac, 0x01, 0x9f, 0xe5,
	0xd0, 0x01, 0x00, 0xeb, 0x01, 0x00, 0x70, 0xe3, 0x01, 0x00, 0x00, 0x0a, 0x00, 0x00, 0xe0, 0xe3,
	0xf2, 0xff, 0xff, 0xea, 0x00, 0x00, 0xa0, 0xe3, 0xf0, 0xff, 0xff, 0xea, 0x90, 0x01, 0x9f, 0xe5,
	0xc8, 0x01, 0x00, 0xeb, 0x00, 0x50, 0xa0, 0xe1, 0x03, 0x00, 0x14, 0xe3, 0x02, 0x00, 0x00, 0x1a,
	0x05, 0x00, 0xe0, 0xe1, 0x00, 0x00, 0x54, 0xe1, 0x01, 0x00, 0x00, 0x0a, 0x00, 0x00, 0xe0, 0xe3,
	0xe6, 0xff, 0xff, 0xea, 0x01, 0x00, 0xa0, 0xe3, 0xe4, 0xff, 0xff, 0xea, 0x64, 0x01, 0x9f, 0xe5,
	0x00, 0x10, 0x90, 0xe5, 0x60, 0x01, 0x9f, 0xe5, 0x00, 0x00, 0x90, 0xe5, 0x00, 0x10, 0x21, 0xe0,
	0x58, 0x01, 0x9f, 0xe5, 0x00, 0x00, 0x90, 0xe5, 0x00, 0x10, 0x81, 0xe1, 0x50, 0x01, 0x9f, 0xe5,
	0x00, 0x00, 0x90, 0xe5, 0x00, 0x10, 0x01, 0xe0, 0x48, 0x01, 0x9f, 0xe5, 0x00, 0x00, 0x90, 0xe5,
	0x00, 0x10, 0x21, 0xe0, 0x40, 0x01, 0x9f, 0xe5, 0x00, 0x00, 0x90, 0xe5, 0x00, 0x10, 0x01, 0xe0,
	0x38, 0x01, 0x9f, 0xe5, 0x00, 0x00, 0x90, 0xe5, 0x00, 0x10, 0x81, 0xe1, 0x01, 0x00, 0xa0, 0xe3,
	0x0e, 0xf0, 0xa0, 0xe1, 0x38, 0x40, 0x2d, 0xe9, 0x6b, 0x00, 0x00, 0xeb, 0x78, 0x00, 0xa0, 0xe3,
	0xcc, 0x02, 0x00, 0xeb, 0x78, 0x00, 0x00, 0xeb, 0x00, 0x00, 0x50, 0xe3, 0x01, 0x00, 0x00, 0x1a,
	0xe6, 0x02, 0x00, 0xeb, 0xf7, 0xfe, 0xff, 0xeb, 0xe4, 0x02, 0x00, 0xeb, 0x9b, 0x00, 0x00, 0xeb,
	0x00, 0x50, 0xa0, 0xe1, 0x01, 0x00, 0x55, 0xe3, 0x00, 0x00, 0x00, 0x1a, 0xf0, 0xff, 0xff, 0xeb,
	0xd9, 0xff, 0xff, 0xeb, 0xc0, 0x00, 0xa0, 0xe3, 0xad, 0x00, 0x00, 0xeb, 0x00, 0x00, 0xa0, 0xe1,
	0xc4, 0x00, 0x00, 0xeb, 0x30, 0x00, 0x50, 0xe3, 0xfc, 0xff, 0xff, 0x1a, 0x00, 0x00, 0xa0, 0xe1,
	0x82, 0x0a, 0xa0, 0xe3, 0x33, 0x00, 0x00, 0xeb, 0x00, 0x00, 0x50, 0xe3, 0x02, 0x00, 0x00, 0x1a,
	0x1c, 0x00, 0xa0, 0xe3, 0xa2, 0x00, 0x00, 0xeb, 0xf8, 0xff, 0xff, 0xea, 0xc1, 0x00, 0xa0, 0xe3,
	0x9f, 0x00, 0x00, 0xeb, 0xdb, 0x09, 0x00, 0xeb, 0x00, 0x00, 0x50, 0xe3, 0x02, 0x00, 0x00, 0x0a,
	0x82, 0x0a, 0xa0, 0xe3, 0x2d, 0x02, 0x00, 0xeb, 0x17, 0x00, 0x00, 0xea, 0x9b, 0xff, 0xff, 0xeb,
	0x01, 0x00, 0x70, 0xe3, 0x04, 0x00, 0x00, 0x0a, 0x00, 0x00, 0x50, 0xe3, 0x04, 0x00, 0x00, 0x0a,
	0x01, 0x00, 0x50, 0xe3, 0x10, 0x00, 0x00, 0x1a, 0x04, 0x00, 0x00, 0xea, 0x00, 0x00, 0xa0, 0xe1,
	0xfe, 0xff, 0xff, 0xea, 0x82, 0x0a, 0xa0, 0xe3, 0x20, 0x02, 0x00, 0xeb, 0x00, 0x00, 0xa0, 0xe1,
	0x15, 0x01, 0x00, 0xeb, 0x00, 0x40, 0xa0, 0xe1, 0x04, 0x00, 0x54, 0xe3, 0x01, 0x00, 0x00, 0x0a,
	0x05, 0x00, 0x54, 0xe3, 0x02, 0x00, 0x00, 0x1a, 0x44, 0x00, 0x9f, 0xe5, 0x16, 0x02, 0x00, 0xeb,
	0x01, 0x00, 0x00, 0xea, 0x08, 0x00, 0x9f, 0xe5, 0x13, 0x02, 0x00, 0xeb, 0x01, 0x00, 0xa0, 0xe3,
	0x38, 0x80, 0xbd, 0xe8, 0x30, 0x00, 0x00, 0xa0, 0xa0, 0xa5, 0x00, 0xa0, 0x58, 0x5c, 0x01, 0xa0,
	0x70, 0x73, 0x01, 0xa0, 0x34, 0x00, 0x00, 0xa0, 0x5c, 0x04, 0x40, 0x00, 0x3c, 0x04, 0x40, 0x00,
	0x18, 0x04, 0x40, 0x00, 0x50, 0x04, 0x40, 0x00, 0x0c, 0x04, 0x40, 0x00, 0x04, 0x04, 0x40, 0x00,
	0x78, 0x04, 0x40, 0x00, 0x30, 0x30, 0x01, 0x00, 0xf0, 0x47, 0x2d, 0xe9, 0x00, 0xa0, 0xa0, 0xe1,
	0x00, 0x90, 0xa0, 0xe3, 0x00, 0x80, 0xa0, 0xe3, 0x00, 0x00, 0xa0, 0xe1, 0x00, 0x00, 0xa0, 0xe1,
	0x00, 0x50, 0xa0, 0xe3, 0x0a, 0x60, 0xa0, 0xe1, 0x82, 0x00, 0x00, 0xeb, 0x00, 0x90, 0xa0, 0xe1,
	0x80, 0x00, 0x00, 0xeb, 0x00, 0x80, 0xa0, 0xe1, 0x00, 0x70, 0xa0, 0xe3, 0x08, 0x04, 0x89, 0xe1,
	0x07, 0x00, 0x50, 0xe1, 0x08, 0x00, 0x00, 0x9a, 0x01, 0x00, 0x00, 0xea, 0x01, 0x70, 0x87, 0xe2,
	0xf9, 0xff, 0xff, 0xea, 0x77, 0x00, 0x00, 0xeb, 0x00, 0x40, 0xa0, 0xe1, 0x04, 0x50, 0x25, 0xe0,
	0x00, 0x40, 0xc6, 0xe5, 0x01, 0x60, 0x86, 0xe2, 0xf7, 0xff, 0xff, 0xea, 0x71, 0x00, 0x00, 0xeb,
	0x00, 0x40, 0xa0, 0xe1, 0x05, 0x00, 0x54, 0xe1, 0x01, 0x00, 0x00, 0x1a, 0x01, 0x00, 0xa0, 0xe3,
	0xf0, 0x87, 0xbd, 0xe8, 0x00, 0x00, 0xa0, 0xe3, 0xfc, 0xff, 0xff, 0xea, 0x08, 0x40, 0x2d, 0xe9,
	0x00, 0x00, 0xa0, 0xe3, 0xa4, 0x02, 0x00, 0xeb, 0x82, 0x09, 0x00, 0xeb, 0x00, 0x00, 0x50, 0xe3,
	0x01, 0x00, 0x00, 0x0a, 0x01, 0x00, 0xa0, 0xe3, 0x9f, 0x02, 0x00, 0xeb, 0x8d, 0x09, 0x00, 0xeb,
	0x00, 0x00, 0x50, 0xe3, 0x02, 0x00, 0x00, 0x0a, 0x31, 0x03, 0x00, 0xeb, 0xc4, 0x11, 0x9f, 0xe5,
	0x00, 0x00, 0x81, 0xe5, 0x01, 0x00, 0xa0, 0xe3, 0x08, 0x80, 0xbd, 0xe8, 0x08, 0x40, 0x2d, 0xe9,
	0x00, 0x00, 0xa0, 0xe1, 0x84, 0x02, 0x00, 0xeb, 0x00, 0x00, 0x50, 0xe3, 0x21, 0x00, 0x00, 0x1a,
	0x00, 0x00, 0xa0, 0xe3, 0xbd, 0x02, 0x00, 0xeb, 0x00, 0x00, 0x50, 0xe3, 0x04, 0x00, 0x00, 0x0a,
	0x00, 0x00, 0xa0, 0xe3, 0x90, 0x11, 0x9f, 0xe5, 0x00, 0x00, 0xc1, 0xe5, 0x01, 0x00, 0xa0, 0xe3,
	0x08, 0x80, 0xbd, 0xe8, 0x67, 0x09, 0x00, 0xeb, 0x00, 0x00, 0x50, 0xe3, 0x08, 0x00, 0x00, 0x0a,
	0x01, 0x00, 0xa0, 0xe3, 0xb1, 0x02, 0x00, 0xeb, 0x00, 0x00, 0x50, 0xe3, 0x04, 0x00, 0x00, 0x0a,
	0x01, 0x00, 0xa0, 0xe3, 0x60, 0x11, 0x9f, 0xe5, 0x00, 0x00, 0xc1, 0xe5, 0x01, 0x00, 0xa0, 0xe3,
	0xf2, 0xff, 0xff, 0xea, 0x4c, 0x01, 0x9f, 0xe5, 0x00, 0x00, 0x90, 0xe5, 0x01, 0x00, 0x50, 0xe3,
	0x07, 0x00, 0x00, 0x1a, 0x8b, 0x03, 0x00, 0xeb, 0x01, 0x00, 0x50, 0xe3, 0x04, 0x00, 0x00, 0x1a,
	0x02, 0x00, 0xa0, 0xe3, 0x30, 0x11, 0x9f, 0xe5, 0x00, 0x00, 0xc1, 0xe5, 0x01, 0x00, 0xa0, 0xe3,
	0xe6, 0xff, 0xff, 0xea, 0xda, 0xff, 0xff, 0xea, 0x00, 0x00, 0xa0, 0xe3, 0xe3, 0xff, 0xff, 0xea,
	0x08, 0x40, 0x2d, 0xe9, 0x10, 0x01, 0x9f, 0xe5, 0x00, 0x00, 0xd0, 0xe5, 0x00, 0x00, 0x50, 0xe3,
	0x04, 0x00, 0x00, 0x0a, 0x01, 0x00, 0x50, 0xe3, 0x05, 0x00, 0x00, 0x0a, 0x02, 0x00, 0x50, 0xe3,
	0x0d, 0x00, 0x00, 0x1a, 0x05, 0x00, 0x00, 0xea, 0x00, 0x00, 0xa0, 0xe3, 0xc2, 0x02, 0x00, 0xeb,
	0x08, 0x80, 0xbd, 0xe8, 0x01, 0x00, 0xa0, 0xe3, 0xbf, 0x02, 0x00, 0xeb, 0xfb, 0xff, 0xff, 0xea,
	0xa6, 0x03, 0x00, 0xeb, 0x01, 0x00, 0x50, 0xe3, 0x01, 0x00, 0x00, 0x1a, 0x00, 0x00, 0xa0, 0xe3,
	0xf6, 0xff, 0xff, 0xea, 0x01, 0x00, 0xa0, 0xe3, 0xf4, 0xff, 0xff, 0xea, 0x00, 0x00, 0xa0, 0xe1,
	0xfe, 0xff, 0xff, 0xea, 0x10, 0x40, 0x2d, 0xe9, 0x00, 0x40, 0xa0, 0xe1, 0xa8, 0x00, 0x9f, 0xe5,
	0x00, 0x00, 0xd0, 0xe5, 0x00, 0x00, 0x50, 0xe3, 0x04, 0x00, 0x00, 0x0a, 0x01, 0x00, 0x50, 0xe3,
	0x06, 0x00, 0x00, 0x0a, 0x02, 0x00, 0x50, 0xe3, 0x0c, 0x00, 0x00, 0x1a, 0x07, 0x00, 0x00, 0xea,
	0x04, 0x10, 0xa0, 0xe1, 0x00, 0x00, 0xa0, 0xe3, 0xc2, 0x02, 0x00, 0xeb, 0x10, 0x80, 0xbd, 0xe8,
	0x04, 0x10, 0xa0, 0xe1, 0x01, 0x00, 0xa0, 0xe3, 0xbe, 0x02, 0x00, 0xeb, 0xfa, 0xff, 0xff, 0xea,
	0x04, 0x00, 0xa0, 0xe1, 0x9e, 0x03, 0x00, 0xeb, 0xff, 0x00, 0x00, 0xe2, 0xf6, 0xff, 0xff, 0xea,
	0x00, 0x00, 0xa0, 0xe1, 0xfe, 0xff, 0xff, 0xea, 0x08, 0x40, 0x2d, 0xe9, 0x48, 0x00, 0x9f, 0xe5,
	0x00, 0x00, 0xd0, 0xe5, 0x00, 0x00, 0x50, 0xe3, 0x04, 0x00, 0x00, 0x0a, 0x01, 0x00, 0x50, 0xe3,
	0x05, 0x00, 0x00, 0x0a, 0x02, 0x00, 0x50, 0xe3, 0x08, 0x00, 0x00, 0x1a, 0x05, 0x00, 0x00, 0xea,
	0x00, 0x00, 0xa0, 0xe3, 0x7e, 0x02, 0x00, 0xeb, 0x08, 0x80, 0xbd, 0xe8, 0x01, 0x00, 0xa0, 0xe3,
	0x7b, 0x02, 0x00, 0xeb, 0xfb, 0xff, 0xff, 0xea, 0x4b, 0x03, 0x00, 0xeb, 0xf9, 0xff, 0xff, 0xea,
	0x00, 0x00, 0xa0, 0xe1, 0xfe, 0xff, 0xff, 0xea, 0xd8, 0x70, 0x01, 0x00, 0xd4, 0x70, 0x01, 0x00,
	0x4c, 0x2b, 0xa0, 0xe3, 0x00, 0x30, 0xa0, 0xe3, 0x00, 0x00, 0xa0, 0xe3, 0x18, 0xc3, 0x9f, 0xe5,
	0x00, 0x00, 0xcc, 0xe5, 0x00, 0x00, 0xa0, 0xe3, 0x40, 0xcb, 0x4c, 0xe2, 0x00, 0x00, 0xcc, 0xe5,
	0x00, 0x00, 0xa0, 0xe3, 0x00, 0xc0, 0xcc, 0xe1, 0x00, 0x00, 0xcc, 0xe5, 0x00, 0x00, 0xa0, 0xe3,
	0x00, 0xc0, 0xcc, 0xe1, 0x00, 0x00, 0xcc, 0xe5, 0x00, 0x00, 0xa0, 0xe3, 0x00, 0xc0, 0xcc, 0xe1,
	0x00, 0x00, 0xcc, 0xe5, 0x30, 0x00, 0xa0, 0xe3, 0x00, 0xc6, 0x2c, 0xe0, 0x00, 0x00, 0xcc, 0xe5,
	0x00, 0x00, 0xa0, 0xe1, 0x40, 0x00, 0x13, 0xe3, 0x06, 0x00, 0x00, 0x1a, 0x70, 0x00, 0xa0, 0xe3,
	0xc4, 0xc2, 0x9f, 0xe5, 0x00, 0x00, 0xcc, 0xe5, 0xa0, 0x04, 0xa0, 0xe3, 0xb0, 0x00, 0xd0, 0xe1,
	0xff, 0x30, 0x00, 0xe2, 0xf6, 0xff, 0xff, 0xea, 0x00, 0x00, 0xa0, 0xe3, 0xa8, 0xc2, 0x9f, 0xe5,
	0x00, 0x00, 0xcc, 0xe5, 0x00, 0x10, 0xa0, 0xe3, 0x40, 0x0f, 0x51, 0xe3, 0x07, 0x00, 0x00, 0x2a,
	0x02, 0x00, 0x00, 0xea, 0x01, 0x00, 0x81, 0xe2, 0x40, 0x1b, 0xc0, 0xe3, 0xf9, 0xff, 0xff, 0xea,
	0xa0, 0x04, 0xa0, 0xe3, 0xb0, 0x00, 0xd0, 0xe1, 0xb2, 0x00, 0xc2, 0xe0, 0xf8, 0xff, 0xff, 0xea,
	0x01, 0x00, 0xa0, 0xe3, 0x0e, 0xf0, 0xa0, 0xe1, 0x4c, 0x2b, 0xa0, 0xe3, 0x00, 0x30, 0xa0, 0xe3,
	0x00, 0x00, 0xa0, 0xe3, 0x60, 0xc2, 0x9f, 0xe5, 0x00, 0x00, 0xcc, 0xe5, 0x00, 0x00, 0xa0, 0xe3,
	0x40, 0xcb, 0x4c, 0xe2, 0x00, 0x00, 0xcc, 0xe5, 0x00, 0x00, 0xa0, 0xe3, 0x00, 0xc0, 0xcc, 0xe1,
	0x00, 0x00, 0xcc, 0xe5, 0x00, 0x00, 0xa0, 0xe3, 0x00, 0xc0, 0xcc, 0xe1, 0x00, 0x00, 0xcc, 0xe5,
	0x00, 0x00, 0xa0, 0xe3, 0x00, 0xc0, 0xcc, 0xe1, 0x00, 0x00, 0xcc, 0xe5, 0x30, 0x00, 0xa0, 0xe3,
	0x00, 0xc6, 0x2c, 0xe0, 0x00, 0x00, 0xcc, 0xe5, 0x00, 0x00, 0xa0, 0xe1, 0x40, 0x00, 0x13, 0xe3,
	0x05, 0x00, 0x00, 0x1a, 0x70, 0x00, 0xa0, 0xe3, 0x0c, 0xc2, 0x9f, 0xe5, 0x00, 0x00, 0xcc, 0xe5,
	0xa0, 0x04, 0xa0, 0xe3, 0x00, 0x30, 0xd0, 0xe5, 0xf7, 0xff, 0xff, 0xea, 0x00, 0x00, 0xa0, 0xe3,
	0xf4, 0xc1, 0x9f, 0xe5, 0x00, 0x00, 0xcc, 0xe5, 0x00, 0x10, 0xa0, 0xe3, 0x80, 0x0f, 0x51, 0xe3,
	0x07, 0x00, 0x00, 0x2a, 0x02, 0x00, 0x00, 0xea, 0x01, 0x00, 0x81, 0xe2, 0x40, 0x1b, 0xc0, 0xe3,
	0xf9, 0xff, 0xff, 0xea, 0xa0, 0x04, 0xa0, 0xe3, 0x00, 0x00, 0xd0, 0xe5, 0x01, 0x00, 0xc2, 0xe4,
	0xf8, 0xff, 0xff, 0xea, 0x01, 0x00, 0xa0, 0xe3, 0x0e, 0xf0, 0xa0, 0xe1, 0xbc, 0x01, 0x9f, 0xe5,
	0x00, 0x00, 0xd0, 0xe5, 0x00, 0x00, 0x50, 0xe3, 0x17, 0x00, 0x00, 0x1a, 0xb0, 0x01, 0x9f, 0xe5,
	0x00, 0x00, 0xd0, 0xe5, 0x01, 0x00, 0x50, 0xe3, 0x0a, 0x00, 0x00, 0x1a, 0xa4, 0x01, 0x9f, 0xe5,
	0x14, 0x00, 0x90, 0xe5, 0x80, 0x03, 0xb0, 0xe1, 0x06, 0x00, 0x00, 0x5a, 0x94, 0x01, 0x9f, 0xe5,
	0x14, 0x00, 0x90, 0xe5, 0x80, 0x06, 0xa0, 0xe1, 0xa0, 0x0e, 0xa0, 0xe1, 0x88, 0x11, 0x9f, 0xe5,
	0x00, 0x00, 0xc1, 0xe5, 0x05, 0x00, 0x00, 0xea, 0x78, 0x01, 0x9f, 0xe5, 0x10, 0x00, 0x90, 0xe5,
	0x80, 0x06, 0xa0, 0xe1, 0xa0, 0x0e, 0xa0, 0xe1, 0x6c, 0x11, 0x9f, 0xe5, 0x00, 0x00, 0xc1, 0xe5,
	0x01, 0x00, 0xa0, 0xe3, 0x54, 0x11, 0x9f, 0xe5, 0x00, 0x00, 0xc1, 0xe5, 0x58, 0x01, 0x9f, 0xe5,
	0x00, 0x00, 0xd0, 0xe5, 0x0e, 0xf0, 0xa0, 0xe1, 0x04, 0xe0, 0x2d, 0xe5, 0xde, 0xff, 0xff, 0xeb,
	0x05, 0x00, 0x50, 0xe3, 0x00, 0xf1, 0x8f, 0x90, 0x36, 0x00, 0x00, 0xea, 0x04, 0x00, 0x00, 0xea,
	0x0a, 0x00, 0x00, 0xea, 0x33, 0x00, 0x00, 0xea, 0x0f, 0x00, 0x00, 0xea, 0x15, 0x00, 0x00, 0xea,
	0x22, 0x00, 0x00, 0xea, 0x24, 0x01, 0x9f, 0xe5, 0x24, 0x11, 0x9f, 0xe5, 0x80, 0x00, 0x81, 0xe5,
	0x20, 0x01, 0x9f, 0xe5, 0x18, 0x11, 0x9f, 0xe5, 0xc0, 0x00, 0x81, 0xe5, 0x2b, 0x00, 0x00, 0xea,
	0x08, 0x01, 0x9f, 0xe5, 0x08, 0x11, 0x9f, 0xe5, 0x80, 0x00, 0x81, 0xe5, 0x08, 0x01, 0x9f, 0xe5,
	0xfc, 0x10, 0x9f, 0xe5, 0xc0, 0x00, 0x81, 0xe5, 0x24, 0x00, 0x00, 0xea, 0xec, 0x00, 0x9f, 0xe5,
	0xec, 0x10, 0x9f, 0xe5, 0x80, 0x00, 0x81, 0xe5, 0xf0, 0x00, 0x9f, 0xe5, 0xe0, 0x10, 0x9f, 0xe5,
	0xc0, 0x00, 0x81, 0xe5, 0x1d, 0x00, 0x00, 0xea, 0xd0, 0x00, 0x9f, 0xe5, 0xd0, 0x10, 0x9f, 0xe5,
	0x80, 0x00, 0x81, 0xe5, 0xd8, 0x00, 0x9f, 0xe5, 0xc4, 0x10, 0x9f, 0xe5, 0xc0, 0x00, 0x81, 0xe5,
	0xd0, 0x00, 0x9f, 0xe5, 0xb8, 0x10, 0x9f, 0xe5, 0x00, 0x01, 0x81, 0xe5, 0xc8, 0x00, 0x9f, 0xe5,
	0xac, 0x10, 0x9f, 0xe5, 0x20, 0x00, 0x81, 0xe5, 0x86, 0xff, 0xff, 0xeb, 0x0f, 0x00, 0x00, 0xea,
	0x98, 0x00, 0x9f, 0xe5, 0x98, 0x10, 0x9f, 0xe5, 0x80, 0x00, 0x81, 0xe5, 0xa0, 0x00, 0x9f, 0xe5,
	0x8c, 0x10, 0x9f, 0xe5, 0xc0, 0x00, 0x81, 0xe5, 0x98, 0x00, 0x9f, 0xe5, 0x80, 0x10, 0x9f, 0xe5,
	0x00, 0x01, 0x81, 0xe5, 0x90, 0x00, 0x9f, 0xe5, 0x74, 0x10, 0x9f, 0xe5, 0x20, 0x00, 0x81, 0xe5,
	0x4a, 0xff, 0xff, 0xeb, 0x01, 0x00, 0x00, 0xea, 0x00, 0x00, 0xa0, 0xe3, 0x04, 0xf0, 0x9d, 0xe4,
	0x01, 0x00, 0xa0, 0xe3, 0xfc, 0xff, 0xff, 0xea, 0x30, 0x40, 0x2d, 0xe9, 0x00, 0x20, 0xa0, 0xe1,
	0x9d, 0xff, 0xff, 0xeb, 0x00, 0x30, 0xa0, 0xe1, 0x04, 0x00, 0x53, 0xe3, 0x01, 0x00, 0x00, 0x0a,
	0x05, 0x00, 0x53, 0xe3, 0x04, 0x00, 0x00, 0x1a, 0x82, 0x0b, 0xa0, 0xe1, 0xa0, 0x0b, 0xa0, 0xe1,
	0x4c, 0x5b, 0x80, 0xe2, 0x00, 0x00, 0x95, 0xe5, 0x30, 0x80, 0xbd, 0xe8, 0x02, 0x40, 0xa0, 0xe1,
	0x04, 0x20, 0xa0, 0xe1, 0x00, 0x00, 0x94, 0xe5, 0xfa, 0xff, 0xff, 0xea, 0x00, 0x00, 0x02, 0xa0,
	0xdd, 0x70, 0x01, 0x00, 0xd0, 0x70, 0x01, 0x00, 0x00, 0x00, 0x40, 0xf4, 0xdc, 0x70, 0x01, 0x00,
	0x11, 0x00, 0x00, 0xa0, 0x00, 0x00, 0x00, 0xf0, 0x00, 0x06, 0x50, 0x80, 0x00, 0x02, 0x50, 0x90,
	0x00, 0x02, 0x90, 0x90, 0x10, 0x45, 0x60, 0x00, 0x02, 0xc7, 0xd2, 0xd6, 0x50, 0x03, 0x10, 0x02,
	0x3f, 0x40, 0x2d, 0xe9, 0x00, 0xe0, 0xa0, 0xe1, 0x01, 0xc0, 0xa0, 0xe1, 0x02, 0x40, 0xa0, 0xe1,
	0x03, 0x50, 0xa0, 0xe1, 0x10, 0x00, 0x9f, 0xe5, 0x00, 0x00, 0x8d, 0xe5, 0x04, 0xc0, 0x8d, 0xe5,
	0x0f, 0x00, 0x9d, 0xe8, 0x10, 0xd0, 0x8d, 0xe2, 0x30, 0x80, 0xbd, 0xe8, 0x50, 0x74, 0x01, 0x00,
	0x00, 0x00, 0x00, 0x00, 0x00, 0x00, 0x00, 0x00, 0x00, 0x00, 0x00, 0x00, 0x00, 0x00, 0x00, 0x00,
	0x00, 0x00, 0x00, 0x00, 0x00, 0x00, 0x00, 0x00, 0x00, 0x00, 0x00, 0x00, 0x00, 0x00, 0x00, 0x00,
	0x00, 0x00, 0x00, 0x00, 0x00, 0x00, 0x00, 0x00, 0x00, 0x00, 0x00, 0x00, 0x00, 0x00, 0x00, 0x00,
	0x00, 0x00, 0x00, 0x00, 0x00, 0x00, 0x00, 0x00, 0x00, 0x00, 0x00, 0x00, 0x00, 0x00, 0x00, 0x00,
	0x00, 0x00, 0x00, 0x00, 0x00, 0x00, 0x00, 0x00, 0x00, 0x00, 0x00, 0x00, 0x00, 0x00, 0x00, 0x00,
	0x00, 0x00, 0x00, 0x00, 0x00, 0x00, 0x00, 0x00, 0x00, 0x00, 0x00, 0x00, 0x00, 0x00, 0x00, 0x00,
	0x00, 0x00, 0x00, 0x00, 0x00, 0x00, 0x00, 0x00, 0x00, 0x00, 0x00, 0x00, 0x00, 0x00, 0x00, 0x00,
	0x00, 0x00, 0x00, 0x00, 0x00, 0x00, 0x00, 0x00, 0x00, 0x00, 0x00, 0x00, 0x00, 0x00, 0x00, 0x00,
	0x00, 0x00, 0x00, 0x00, 0x00, 0x00, 0x00, 0x00, 0x00, 0x00, 0x00, 0x00, 0x00, 0x00, 0x00, 0x00,
	0x00, 0x00, 0x00, 0x00, 0x00, 0x00, 0x00, 0x00, 0x00, 0x00, 0x00, 0x00, 0x00, 0x00, 0x00, 0x00,
	0x00, 0x00, 0x00, 0x00, 0x00, 0x00, 0x00, 0x00, 0x00, 0x00, 0x00, 0x00, 0x00, 0x00, 0x00, 0x00,
	0x00, 0x00, 0x00, 0x00, 0x00, 0x00, 0x00, 0x00, 0x00, 0x00, 0x00, 0x00, 0x00, 0x00, 0x00, 0x00,
	0x00, 0x00, 0x00, 0x00, 0x00, 0x00, 0x00, 0x00, 0x00, 0x00, 0x00, 0x00, 0x00, 0x00, 0x00, 0x00,
	0x00, 0x00, 0x00, 0x00, 0x00, 0x00, 0x00, 0x00, 0x00, 0x00, 0x00, 0x00, 0x00, 0x00, 0x00, 0x00,
	0x00, 0x00, 0x00, 0x00, 0x00, 0x00, 0x00, 0x00, 0x00, 0x00, 0x00, 0x00, 0x00, 0x00, 0x00, 0x00,
	0x00, 0x00, 0x00, 0x00, 0x00, 0x00, 0x00, 0x00, 0x00, 0x00, 0x00, 0x00, 0x00, 0x00, 0x00, 0x00,
	0x00, 0x00, 0x00, 0x00, 0x00, 0x00, 0x00, 0x00, 0x00, 0x00, 0x00, 0x00, 0x00, 0x00, 0x00, 0x00,
	0x00, 0x00, 0x00, 0x00, 0x00, 0x00, 0x00, 0x00, 0x00, 0x00, 0x00, 0x00, 0x00, 0x00, 0x00, 0x00,
	0x00, 0x00, 0x00, 0x00, 0x00, 0x00, 0x00, 0x00, 0x00, 0x00, 0x00, 0x00, 0x00, 0x00, 0x00, 0x00,
	0x00, 0x00, 0x00, 0x00, 0x00, 0x00, 0x00, 0x00, 0x00, 0x00, 0x00, 0x00, 0x00, 0x00, 0x00, 0x00,
	0x00, 0x00, 0x00, 0x00, 0x00, 0x00, 0x00, 0x00, 0x00, 0x00, 0x00, 0x00, 0x00, 0x00, 0x00, 0x00,
	0x00, 0x00, 0x00, 0x00, 0x00, 0x00, 0x00, 0x00, 0x00, 0x00, 0x00, 0x00, 0x00, 0x00, 0x00, 0x00,
	0x00, 0x00, 0x00, 0x00, 0x00, 0x00, 0x00, 0x00, 0x00, 0x00, 0x00, 0x00, 0x00, 0x00, 0x00, 0x00,
	0x00, 0x00, 0x00, 0x00, 0x00, 0x00, 0x00, 0x00, 0x00, 0x00, 0x00, 0x00, 0x00, 0x00, 0x00, 0x00,
	0x00, 0x00, 0x00, 0x00, 0x00, 0x00, 0x00, 0x00, 0x00, 0x00, 0x00, 0x00, 0x00, 0x00, 0x00, 0x00,
	0x00, 0x00, 0x00, 0x00, 0x00, 0x00, 0x00, 0x00, 0x00, 0x00, 0x00, 0x00, 0x00, 0x00, 0x00, 0x00,
	0x00, 0x00, 0x00, 0x00, 0x00, 0x00, 0x00, 0x00, 0x00, 0x00, 0x00, 0x00, 0x00, 0x00, 0x00, 0x00,
	0x00, 0x00, 0x00, 0x00, 0x00, 0x00, 0x00, 0x00, 0x00, 0x00, 0x00, 0x00, 0x00, 0x00, 0x00, 0x00,
	0x00, 0x00, 0x00, 0x00, 0x00, 0x00, 0x00, 0x00, 0x00, 0x00, 0x00, 0x00, 0x00, 0x00, 0x00, 0x00,
	0x00, 0x00, 0x00, 0x00, 0x00, 0x00, 0x00, 0x00, 0x00, 0x00, 0x00, 0x00, 0x00, 0x00, 0x00, 0x00,
	0x00, 0x00, 0x00, 0x00, 0x00, 0x00, 0x00, 0x00, 0x00, 0x00, 0x00, 0x00, 0x00, 0x00, 0x00, 0x00,
	0x00, 0x00, 0x00, 0x00, 0x00, 0x00, 0x00, 0x00, 0x00, 0x00, 0x00, 0x00, 0x00, 0xf0, 0x90, 0xe5,
	0x00, 0xf0, 0xa0, 0xe1, 0x00, 0x00, 0x00, 0x00, 0x00, 0x00, 0x00, 0x00, 0x00, 0x00, 0x00, 0x00,
	0x00, 0x00, 0x00, 0x00, 0x00, 0x00, 0x00, 0x00, 0x00, 0x00, 0x00, 0x00, 0x00, 0x00, 0x00, 0x00,
	0x00, 0x00, 0x00, 0x00, 0x00, 0x00, 0x00, 0x00, 0x00, 0x00, 0x00, 0x00, 0x00, 0x00, 0x00, 0x00,
	0x00, 0x00, 0x00, 0x00, 0x00, 0x00, 0x00, 0x00, 0x00, 0x00, 0x00, 0x00, 0x00, 0x00, 0x00, 0x00,
	0x00, 0x00, 0x00, 0x00, 0x00, 0x00, 0x00, 0x00, 0x00, 0x00, 0x00, 0x00, 0x00, 0x00, 0x00, 0x00,
	0x00, 0x00, 0x00, 0x00, 0x00, 0x00, 0x00, 0x00, 0x00, 0x00, 0x00, 0x00, 0x00, 0x00, 0x00, 0x00,
	0x00, 0x00, 0x00, 0x00, 0x00, 0x00, 0x00, 0x00, 0x00, 0x00, 0x00, 0x00, 0x00, 0x00, 0x00, 0x00,
	0x00, 0x00, 0x00, 0x00, 0x00, 0x00, 0x00, 0x00, 0x00, 0x00, 0x00, 0x00, 0x00, 0x00, 0x00, 0x00,
	0x00, 0x00, 0x00, 0x00, 0x00, 0x00, 0x00, 0x00, 0x00, 0x00, 0x00, 0x00, 0x00, 0x00, 0x00, 0x00,
	0x00, 0x00, 0x00, 0x00, 0x00, 0x00, 0x00, 0x00, 0x00, 0x00, 0x00, 0x00, 0x00, 0x00, 0x00, 0x00,
	0x00, 0x00, 0x00, 0x00, 0x00, 0x00, 0x00, 0x00, 0x00, 0x00, 0x00, 0x00, 0x00, 0x00, 0x00, 0x00,
	0x00, 0x00, 0x00, 0x00, 0x00, 0x00, 0x00, 0x00, 0x00, 0x00, 0x00, 0x00, 0x00, 0x00, 0x00, 0x00,
	0x00, 0x00, 0x00, 0x00, 0x00, 0x00, 0x00, 0x00, 0x00, 0x00, 0x00, 0x00, 0x00, 0x00, 0x00, 0x00,
	0x00, 0x00, 0x00, 0x00, 0x00, 0x00, 0x00, 0x00, 0x00, 0x00, 0x00, 0x00, 0x00, 0x00, 0x00, 0x00,
	0x00, 0x00, 0x00, 0x00, 0x00, 0x00, 0x00, 0x00, 0x00, 0x00, 0x00, 0x00, 0x00, 0x00, 0x00, 0x00,
	0x00, 0x00, 0x00, 0x00, 0x00, 0x00, 0x00, 0x00, 0x00, 0x00, 0x00, 0x00, 0x00, 0x00, 0x00, 0x00,
	0x00, 0x00, 0x00, 0x00, 0x00, 0x00, 0x00, 0x00, 0x00, 0x00, 0x00, 0x00, 0x00, 0x00, 0x00, 0x00,
	0x00, 0x00, 0x00, 0x00, 0x00, 0x00, 0x00, 0x00, 0x00, 0x00, 0x00, 0x00, 0x00, 0x00, 0x00, 0x00,
	0x00, 0x00, 0x00, 0x00, 0x00, 0x00, 0x00, 0x00, 0x00, 0x00, 0x00, 0x00, 0x00, 0x00, 0x00, 0x00,
	0x00, 0x00, 0x00, 0x00, 0x00, 0x00, 0x00, 0x00, 0x00, 0x00, 0x00, 0x00, 0x00, 0x00, 0x00, 0x00,
	0xff, 0xff, 0xff, 0xff, 0xff, 0xff, 0xff, 0xff, 0xff, 0xff, 0xff, 0xff, 0xff, 0xff, 0xff, 0xff,
	0x90, 0x80, 0x8f, 0xe2, 0x0f, 0x00, 0x98, 0xe8, 0x08, 0x00, 0x80, 0xe0, 0x08, 0x10, 0x81, 0xe0,
	0x08, 0x20, 0x82, 0xe0, 0x08, 0x30, 0x83, 0xe0, 0x01, 0xb0, 0x40, 0xe2, 0x01, 0xc0, 0x42, 0xe2,
	0x01, 0x00, 0x50, 0xe1, 0x0e, 0x00, 0x00, 0x0a, 0x70, 0x00, 0xb0, 0xe8, 0x05, 0x00, 0x54, 0xe1,
	0xfa, 0xff, 0xff, 0x0a, 0x01, 0x00, 0x14, 0xe3, 0x0b, 0x40, 0x84, 0x10, 0x01, 0x00, 0x15, 0xe3,
	0x0b, 0x50, 0x85, 0x10, 0x02, 0x00, 0x15, 0xe3, 0x09, 0x50, 0x85, 0x10, 0x03, 0x50, 0xc5, 0xe3,
	0x04, 0x60, 0x56, 0xe2, 0x04, 0x70, 0x94, 0x24, 0x04, 0x70, 0x85, 0x24, 0xfb, 0xff, 0xff, 0x8a,
	0xee, 0xff, 0xff, 0xea, 0x03, 0x00, 0x52, 0xe1, 0x63, 0x07, 0x00, 0x0b, 0x00, 0x70, 0xa0, 0xe3,
	0x30, 0x00, 0xb2, 0xe8, 0x01, 0x00, 0x14, 0xe3, 0x0c, 0x40, 0x84, 0x10, 0x02, 0x00, 0x14, 0xe3,
	0x09, 0x40, 0x84, 0x10, 0x03, 0x40, 0xc4, 0xe3, 0x04, 0x50, 0x55, 0xe2, 0x04, 0x70, 0x84, 0x24,
	0xfc, 0xff, 0xff, 0x8a, 0xf2, 0xff, 0xff, 0xea, 0x88, 0x20, 0x00, 0x00, 0x90, 0x21, 0x00, 0x00,
	0x90, 0x21, 0x00, 0x00, 0xf8, 0x21, 0x00, 0x00, 0x00, 0x10, 0xa0, 0xe1, 0xfc, 0x00, 0x9f, 0xe5,
	0x90, 0x01, 0x03, 0xe0, 0x40, 0x07, 0xa0, 0xe3, 0x03, 0x22, 0x40, 0xe0, 0x40, 0x0f, 0xa0, 0xe3,
	0xec, 0x30, 0x9f, 0xe5, 0x00, 0x00, 0x83, 0xe5, 0xe8, 0x00, 0x9f, 0xe5, 0xe0, 0x30, 0x9f, 0xe5,
	0x10, 0x00, 0x83, 0xe5, 0xd8, 0x00, 0x9f, 0xe5, 0x14, 0x00, 0x90, 0xe5, 0xc0, 0x0f, 0xc0, 0xe3,
	0x80, 0x0f, 0x80, 0xe3, 0xc8, 0x30, 0x9f, 0xe5, 0x14, 0x00, 0x83, 0xe5, 0xc0, 0x00, 0x9f, 0xe5,
	0xdc, 0x00, 0x90, 0xe5, 0x0f, 0x00, 0xc0, 0xe3, 0x0c, 0x00, 0x80, 0xe3, 0xb0, 0x30, 0x9f, 0xe5,
	0xdc, 0x00, 0x83, 0xe5, 0xa8, 0x00, 0x9f, 0xe5, 0x38, 0x20, 0x80, 0xe5, 0x07, 0x00, 0xa0, 0xe3,
	0x9c, 0x30, 0x9f, 0xe5, 0x60, 0x00, 0x83, 0xe5, 0x01, 0x00, 0xa0, 0xe3, 0x0e, 0xf0, 0xa0, 0xe1,
	0x00, 0x00, 0xa0, 0xe3, 0x88, 0x10, 0x9f, 0xe5, 0x60, 0x00, 0x81, 0xe5, 0x00, 0x00, 0xa0, 0xe3,
	0x7c, 0x10, 0x9f, 0xe5, 0x10, 0x00, 0x81, 0xe5, 0x00, 0x00, 0xa0, 0xe3, 0x70, 0x10, 0x9f, 0xe5,
	0x14, 0x00, 0x81, 0xe5, 0x00, 0x00, 0xa0, 0xe3, 0x64, 0x10, 0x9f, 0xe5, 0xdc, 0x00, 0x81, 0xe5,
	0x00, 0x00, 0xa0, 0xe3, 0x58, 0x10, 0x9f, 0xe5, 0x40, 0x00, 0x81, 0xe5, 0x00, 0x00, 0xa0, 0xe3,
	0x4c, 0x10, 0x9f, 0xe5, 0x38, 0x00, 0x81, 0xe5, 0x01, 0x00, 0xa0, 0xe3, 0x40, 0x10, 0x9f, 0xe5,
	0x00, 0x00, 0x81, 0xe5, 0x01, 0x00, 0xa0, 0xe3, 0x0e, 0xf0, 0xa0, 0xe1, 0x30, 0x00, 0x9f, 0xe5,
	0xfc, 0x00, 0x90, 0xe5, 0x00, 0x09, 0xb0, 0xe1, 0x06, 0x00, 0x00, 0x5a, 0x20, 0x00, 0x9f, 0xe5,
	0xfc, 0x00, 0x90, 0xe5, 0x40, 0x0c, 0x80, 0xe3, 0x14, 0x10, 0x9f, 0xe5, 0xfc, 0x00, 0x81, 0xe5,
	0x01, 0x00, 0xa0, 0xe3, 0x0e, 0xf0, 0xa0, 0xe1, 0x00, 0x00, 0xa0, 0xe3, 0xfc, 0xff, 0xff, 0xea,
	0x59, 0x06, 0x00, 0x00, 0x00, 0x00, 0x90, 0xf4, 0x3c, 0x00, 0x03, 0x00, 0x00, 0x30, 0xa0, 0xe1,
	0x00, 0x00, 0x53, 0xe3, 0x0b, 0x00, 0x00, 0x1a, 0x30, 0x02, 0x9f, 0xe5, 0x00, 0x20, 0x90, 0xe5,
	0x2c, 0x12, 0x9f, 0xe5, 0x40, 0x0f, 0xa0, 0xe3, 0x00, 0x00, 0x81, 0xe5, 0x4c, 0x10, 0x81, 0xe2,
	0x01, 0x00, 0xa0, 0xe3, 0x00, 0x00, 0x81, 0xe5, 0x00, 0x11, 0x81, 0xe0, 0x10, 0x00, 0xa0, 0xe3,
	0x00, 0x00, 0x81, 0xe5, 0x0a, 0x00, 0x00, 0xea, 0x08, 0x02, 0x9f, 0xe5, 0x00, 0x20, 0x90, 0xe5,
	0xfc, 0x11, 0x9f, 0xe5, 0x40, 0x0f, 0xa0, 0xe3, 0x00, 0x00, 0x81, 0xe5, 0x60, 0x10, 0x81, 0xe2,
	0x01, 0x00, 0xa0, 0xe3, 0x00, 0x00, 0x81, 0xe5, 0x00, 0x11, 0x81, 0xe1, 0x10, 0x00, 0xa0, 0xe3,
	0x00, 0x00, 0x81, 0xe5, 0x42, 0x0f, 0xa0, 0xe3, 0x00, 0x00, 0x82, 0xe5, 0x18, 0x00, 0x92, 0xe5,
	0xa0, 0x04, 0xa0, 0xe1, 0x80, 0x04, 0xa0, 0xe1, 0x76, 0x0f, 0x80, 0xe3, 0x18, 0x00, 0x82, 0xe5,
	0x14, 0x00, 0x92, 0xe5, 0xa0, 0x06, 0xa0, 0xe1, 0x80, 0x06, 0xa0, 0xe1, 0x0c, 0x00, 0x80, 0xe3,
	0x14, 0x00, 0x82, 0xe5, 0xb0, 0x01, 0x9f, 0xe5, 0x10, 0x00, 0x82, 0xe5, 0x50, 0x00, 0x92, 0xe5,
	0x20, 0x00, 0x80, 0xe3, 0x50, 0x00, 0x82, 0xe5, 0x01, 0x00, 0xa0, 0xe3, 0x0e, 0xf0, 0xa0, 0xe1,
	0x00, 0x20, 0xa0, 0xe1, 0x00, 0x00, 0x52, 0xe3, 0x02, 0x00, 0x00, 0x1a, 0x7c, 0x01, 0x9f, 0xe5,
	0x00, 0x10, 0x90, 0xe5, 0x01, 0x00, 0x00, 0xea, 0x78, 0x01, 0x9f, 0xe5, 0x00, 0x10, 0x90, 0xe5,
	0x68, 0x00, 0x91, 0xe5, 0x80, 0x0e, 0xb0, 0xe1, 0x13, 0x00, 0x00, 0x5a, 0x70, 0x00, 0x91, 0xe5,
	0x04, 0x00, 0x80, 0xe3, 0x70, 0x00, 0x81, 0xe5, 0x60, 0x01, 0x9f, 0xe5, 0x01, 0x00, 0xd0, 0xe5,
	0x58, 0x31, 0x9f, 0xe5, 0x00, 0x00, 0xc3, 0xe5, 0x50, 0x31, 0x9f, 0xe5, 0x24, 0x00, 0x91, 0xe5,
	0x01, 0x00, 0xc3, 0xe5, 0x44, 0x01, 0x9f, 0xe5, 0x00, 0x00, 0xd0, 0xe5, 0x41, 0x00, 0x50, 0xe3,
	0x05, 0x00, 0x00, 0x1a, 0x34, 0x01, 0x9f, 0xe5, 0x01, 0x00, 0xd0, 0xe5, 0x54, 0x00, 0x50, 0xe3,
	0x01, 0x00, 0x00, 0x1a, 0x01, 0x00, 0xa0, 0xe3, 0x0e, 0xf0, 0xa0, 0xe1, 0x00, 0x00, 0xa0, 0xe3,
	0xfc, 0xff, 0xff, 0xea, 0x00, 0x20, 0xa0, 0xe1, 0x00, 0x00, 0x52, 0xe3, 0x02, 0x00, 0x00, 0x1a,
	0xf8, 0x30, 0x9f, 0xe5, 0x00, 0x10, 0x93, 0xe5, 0x01, 0x00, 0x00, 0xea, 0xf4, 0x30, 0x9f, 0xe5,
	0x00, 0x10, 0x93, 0xe5, 0x00, 0x00, 0xa0, 0xe1, 0x68, 0x30, 0x91, 0xe5, 0x83, 0x3e, 0xb0, 0xe1,
	0xfc, 0xff, 0xff, 0x5a, 0x70, 0x30, 0x91, 0xe5, 0x04, 0x30, 0x83, 0xe3, 0x70, 0x30, 0x81, 0xe5,
	0x24, 0x30, 0x91, 0xe5, 0xff, 0x00, 0x03, 0xe2, 0x0e, 0xf0, 0xa0, 0xe1, 0x38, 0x40, 0x2d, 0xe9,
	0x00, 0x50, 0xa0, 0xe1, 0x00, 0x00, 0xa0, 0xe3, 0x00, 0x00, 0x8d, 0xe5, 0x00, 0x40, 0xa0, 0xe3,
	0x0a, 0x00, 0x54, 0xe3, 0x11, 0x00, 0x00, 0x2a, 0x02, 0x00, 0x00, 0xea, 0x01, 0x00, 0x84, 0xe2,
	0xff, 0x40, 0x00, 0xe2, 0xf9, 0xff, 0xff, 0xea, 0x01, 0x00, 0xdd, 0xe5, 0x00, 0x00, 0xcd, 0xe5,
	0x05, 0x00, 0xa0, 0xe1, 0xde, 0xff, 0xff, 0xeb, 0x01, 0x00, 0xcd, 0xe5, 0x00, 0x00, 0xdd, 0xe5,
	0x41, 0x00, 0x50, 0xe3, 0x04, 0x00, 0x00, 0x1a, 0x01, 0x00, 0xdd, 0xe5, 0x54, 0x00, 0x50, 0xe3,
	0x01, 0x00, 0x00, 0x1a, 0x00, 0x00, 0xa0, 0xe3, 0x38, 0x80, 0xbd, 0xe8, 0xee, 0xff, 0xff, 0xea,
	0x01, 0x00, 0xa0, 0xe3, 0xfb, 0xff, 0xff, 0xea, 0x00, 0x20, 0xa0, 0xe1, 0x00, 0x00, 0x52, 0xe3,
	0x02, 0x00, 0x00, 0x1a, 0x44, 0x00, 0x9f, 0xe5, 0x00, 0x30, 0x90, 0xe5, 0x01, 0x00, 0x00, 0xea,
	0x40, 0x00, 0x9f, 0xe5, 0x00, 0x30, 0x90, 0xe5, 0x20, 0x00, 0x93, 0xe5, 0xa0, 0x04, 0xa0, 0xe1,
	0x80, 0x04, 0xa0, 0xe1, 0x01, 0x00, 0x80, 0xe1, 0x20, 0x00, 0x83, 0xe5, 0x00, 0x00, 0xa0, 0xe1,
	0x68, 0x00, 0x93, 0xe5, 0x00, 0x0f, 0xb0, 0xe1, 0xfc, 0xff, 0xff, 0x5a, 0x70, 0x00, 0x93, 0xe5,
	0x02, 0x00, 0x80, 0xe3, 0x70, 0x00, 0x83, 0xe5, 0x01, 0x00, 0xa0, 0xe3, 0x0e, 0xf0, 0xa0, 0xe1,
	0x00, 0x70, 0x01, 0x00, 0x00, 0x00, 0x30, 0xf4, 0x04, 0x70, 0x01, 0x00, 0x11, 0x88, 0x00, 0x00,
	0xde, 0x70, 0x01, 0x00, 0x38, 0x40, 0x2d, 0xe9, 0x00, 0x40, 0xa0, 0xe3, 0x00, 0x50, 0xa0, 0xe3,
	0xd9, 0x05, 0x00, 0xeb, 0x40, 0x0f, 0xa0, 0xe3, 0x40, 0x13, 0x9f, 0xe5, 0x00, 0x10, 0x91, 0xe5,
	0x00, 0x08, 0x81, 0xe5, 0x00, 0x00, 0xa0, 0xe3, 0x30, 0x13, 0x9f, 0xe5, 0x00, 0x10, 0x91, 0xe5,
	0x18, 0x00, 0x81, 0xe5, 0x02, 0x00, 0xa0, 0xe3, 0x20, 0x13, 0x9f, 0xe5, 0x00, 0x10, 0x91, 0xe5,
	0x04, 0x08, 0x81, 0xe5, 0x5a, 0x00, 0xa0, 0xe3, 0x12, 0xff, 0xff, 0xeb, 0x00, 0x00, 0xa0, 0xe1,
	0x45, 0xff, 0xff, 0xeb, 0x00, 0x00, 0x50, 0xe3, 0xfc, 0xff, 0xff, 0x0a, 0x01, 0x00, 0xa0, 0xe3,
	0xf8, 0x12, 0x9f, 0xe5, 0x00, 0x10, 0x91, 0xe5, 0x18, 0x00, 0x81, 0xe5, 0x03, 0x00, 0xa0, 0xe3,
	0xe8, 0x12, 0x9f, 0xe5, 0x00, 0x10, 0x91, 0xe5, 0x04, 0x08, 0x81, 0xe5, 0x4b, 0x0f, 0xa0, 0xe3,
	0x04, 0xff, 0xff, 0xeb, 0x00, 0x00, 0xa0, 0xe1, 0x37, 0xff, 0xff, 0xeb, 0x00, 0x00, 0x50, 0xe3,
	0x0c, 0x00, 0x00, 0x1a, 0xc4, 0x02, 0x9f, 0xe5, 0x00, 0x00, 0x90, 0xe5, 0xfc, 0x02, 0x90, 0xe5,
	0x04, 0x00, 0x10, 0xe3, 0x04, 0x00, 0x00, 0x1a, 0xb0, 0x02, 0x9f, 0xe5, 0x00, 0x00, 0x90, 0xe5,
	0xfc, 0x02, 0x90, 0xe5, 0x08, 0x00, 0x10, 0xe3, 0x00, 0x00, 0x00, 0x0a, 0xf1, 0xff, 0xff, 0xea,
	0x01, 0x40, 0xa0, 0xe3, 0x00, 0x00, 0xa0, 0xe1, 0x01, 0x00, 0x54, 0xe3, 0x12, 0x00, 0x00, 0x1a,
	0x08, 0x00, 0xa0, 0xe3, 0xef, 0xfe, 0xff, 0xeb, 0x00, 0x00, 0xa0, 0xe1, 0x22, 0xff, 0xff, 0xeb,
	0x00, 0x00, 0x50, 0xe3, 0x0c, 0x00, 0x00, 0x1a, 0x70, 0x02, 0x9f, 0xe5, 0x00, 0x00, 0x90, 0xe5,
	0xfc, 0x02, 0x90, 0xe5, 0xfb, 0x00, 0x10, 0xe3, 0x05, 0x00, 0x00, 0x1a, 0x5c, 0x02, 0x9f, 0xe5,
	0x00, 0x00, 0x90, 0xe5, 0xfc, 0x02, 0x90, 0xe5, 0xf7, 0x00, 0x10, 0xe3, 0x00, 0x00, 0x00, 0x1a,
	0xf1, 0xff, 0xff, 0xea, 0x01, 0x50, 0xa0, 0xe3, 0x00, 0x00, 0xa0, 0xe1, 0x01, 0x00, 0x54, 0xe3,
	0x04, 0x00, 0x00, 0x1a, 0x00, 0x00, 0x55, 0xe3, 0x02, 0x00, 0x00, 0x1a, 0x70, 0x03, 0x00, 0xeb,
	0x01, 0x00, 0xa0, 0xe3, 0x38, 0x80, 0xbd, 0xe8, 0x01, 0x00, 0x55, 0xe3, 0x01, 0x00, 0x00, 0x1a,
	0x02, 0x00, 0xa0, 0xe3, 0xfa, 0xff, 0xff, 0xea, 0x00, 0x00, 0xe0, 0xe3, 0xf8, 0xff, 0xff, 0xea,
	0x10, 0x40, 0x2d, 0xe9, 0x08, 0x02, 0x9f, 0xe5, 0xb0, 0x00, 0xd0, 0xe1, 0x00, 0x00, 0x50, 0xe3,
	0x03, 0x00, 0x00, 0x1a, 0x63, 0x04, 0x00, 0xeb, 0x00, 0x00, 0xa0, 0xe3, 0xf4, 0x11, 0x9f, 0xe5,
	0x00, 0x00, 0xc1, 0xe5, 0xf0, 0x01, 0x9f, 0xe5, 0x00, 0x00, 0x90, 0xe5, 0xb2, 0x00, 0xd0, 0xe1,
	0x00, 0x00, 0x50, 0xe3, 0x19, 0x00, 0x00, 0x0a, 0xd4, 0x01, 0x9f, 0xe5, 0xb0, 0x00, 0xd0, 0xe1,
	0x01, 0x10, 0x80, 0xe2, 0xc8, 0x01, 0x9f, 0xe5, 0xb0, 0x20, 0xd0, 0xe1, 0xb0, 0x10, 0xc0, 0xe1,
	0xc4, 0x01, 0x9f, 0xe5, 0x00, 0x00, 0x90, 0xe5, 0x00, 0x00, 0x82, 0xe0, 0x04, 0x40, 0xd0, 0xe5,
	0xb4, 0x01, 0x9f, 0xe5, 0x00, 0x00, 0x90, 0xe5, 0xb2, 0x00, 0xd0, 0xe1, 0xa0, 0x11, 0x9f, 0xe5,
	0xb0, 0x10, 0xd1, 0xe1, 0x01, 0x00, 0x50, 0xe1, 0x06, 0x00, 0x00, 0x1a, 0x00, 0x00, 0xa0, 0xe3,
	0x8c, 0x11, 0x9f, 0xe5, 0xb0, 0x00, 0xc1, 0xe1, 0x00, 0x00, 0xa0, 0xe3, 0x88, 0x11, 0x9f, 0xe5,
	0x00, 0x10, 0x91, 0xe5, 0xb2, 0x00, 0xc1, 0xe1, 0x04, 0x00, 0xa0, 0xe1, 0x10, 0x80, 0xbd, 0xe8,
	0x00, 0x00, 0xa0, 0xe3, 0xfc, 0xff, 0xff, 0xea, 0x10, 0x40, 0x2d, 0xe9, 0xd3, 0xff, 0xff, 0xeb,
	0x00, 0x40, 0xa0, 0xe1, 0x41, 0x00, 0x54, 0xe3, 0x05, 0x00, 0x00, 0x1a, 0xcf, 0xff, 0xff, 0xeb,
	0x00, 0x40, 0xa0, 0xe1, 0x54, 0x00, 0x54, 0xe3, 0x01, 0x00, 0x00, 0x1a, 0x01, 0x00, 0xa0, 0xe3,
	0x10, 0x80, 0xbd, 0xe8, 0x00, 0x00, 0xa0, 0xe3, 0xfc, 0xff, 0xff, 0xea, 0x10, 0x40, 0x2d, 0xe9,
	0x2c, 0x01, 0x9f, 0xe5, 0xb0, 0x00, 0xd0, 0xe1, 0x00, 0x00, 0x50, 0xe3, 0x09, 0x00, 0x00, 0x1a,
	0x00, 0x00, 0xa0, 0xe1, 0x1c, 0x01, 0x9f, 0xe5, 0x00, 0x00, 0xd0, 0xe5, 0x00, 0x00, 0x50, 0xe3,
	0x01, 0x00, 0x00, 0x1a, 0x27, 0x04, 0x00, 0xeb, 0xf9, 0xff, 0xff, 0xea, 0x00, 0x00, 0xa0, 0xe3,
	0x00, 0x11, 0x9f, 0xe5, 0x00, 0x00, 0xc1, 0xe5, 0xf4, 0x00, 0x9f, 0xe5, 0xb0, 0x00, 0xd0, 0xe1,
	0x01, 0x10, 0x80, 0xe2, 0xe8, 0x00, 0x9f, 0xe5, 0xb0, 0x20, 0xd0, 0xe1, 0xb0, 0x10, 0xc0, 0xe1,
	0xe4, 0x00, 0x9f, 0xe5, 0x00, 0x00, 0x90, 0xe5, 0x00, 0x00, 0x82, 0xe0, 0x04, 0x40, 0xd0, 0xe5,
	0xd4, 0x00, 0x9f, 0xe5, 0x00, 0x00, 0x90, 0xe5, 0xb2, 0x00, 0xd0, 0xe1, 0xc0, 0x10, 0x9f, 0xe5,
	0xb0, 0x10, 0xd1, 0xe1, 0x01, 0x00, 0x50, 0xe1, 0x06, 0x00, 0x00, 0x1a, 0x00, 0x00, 0xa0, 0xe3,
	0xac, 0x10, 0x9f, 0xe5, 0xb0, 0x00, 0xc1, 0xe1, 0x00, 0x00, 0xa0, 0xe3, 0xa8, 0x10, 0x9f, 0xe5,
	0x00, 0x10, 0x91, 0xe5, 0xb2, 0x00, 0xc1, 0xe1, 0x04, 0x00, 0xa0, 0xe1, 0x10, 0x80, 0xbd, 0xe8,
	0x38, 0x40, 0x2d, 0xe9, 0x00, 0x40, 0xa0, 0xe3, 0x05, 0x00, 0x54, 0xe3, 0x0e, 0x00, 0x00, 0xaa,
	0x01, 0x00, 0x00, 0xea, 0x01, 0x40, 0x84, 0xe2, 0xfa, 0xff, 0xff, 0xea, 0xce, 0xff, 0xff, 0xeb,
	0x00, 0x50, 0xa0, 0xe1, 0x41, 0x00, 0x55, 0xe3, 0x06, 0x00, 0x00, 0x1a, 0xca, 0xff, 0xff, 0xeb,
	0x00, 0x50, 0xa0, 0xe1, 0x01, 0x40, 0x84, 0xe2, 0x54, 0x00, 0x55, 0xe3, 0x01, 0x00, 0x00, 0x1a,
	0x01, 0x00, 0xa0, 0xe3, 0x38, 0x80, 0xbd, 0xe8, 0xf1, 0xff, 0xff, 0xea, 0x00, 0x00, 0xa0, 0xe3,
	0xfb, 0xff, 0xff, 0xea, 0x11, 0x40, 0x2d, 0xe9, 0x04, 0xd0, 0x4d, 0xe2, 0x01, 0x00, 0xa0, 0xe3,
	0x00, 0x00, 0xcd, 0xe5, 0x0d, 0x20, 0xa0, 0xe1, 0x01, 0x10, 0xa0, 0xe3, 0x04, 0x00, 0x8d, 0xe2,
	0x4b, 0x01, 0x00, 0xeb, 0x00, 0x40, 0xa0, 0xe1, 0x01, 0x00, 0x54, 0xe3, 0x01, 0x00, 0x00, 0x1a,
	0x00, 0x00, 0xa0, 0xe3, 0x1c, 0x80, 0xbd, 0xe8, 0x00, 0x00, 0xe0, 0xe3, 0xfc, 0xff, 0xff, 0xea,
	0x94, 0x30, 0x40, 0x00, 0xf4, 0x70, 0x01, 0x00, 0xf3, 0x70, 0x01, 0x00, 0xec, 0x73, 0x01, 0x00,
	0x00, 0x10, 0xa0, 0xe1, 0x40, 0x0f, 0x51, 0xe3, 0x14, 0x00, 0x00, 0x0a, 0x06, 0x00, 0x00, 0xca,
	0x20, 0x00, 0x51, 0xe3, 0x0b, 0x00, 0x00, 0x0a, 0x40, 0x00, 0x51, 0xe3, 0x0b, 0x00, 0x00, 0x0a,
	0x80, 0x00, 0x51, 0xe3, 0x15, 0x00, 0x00, 0x1a, 0x0a, 0x00, 0x00, 0xea, 0x80, 0x0f, 0x51, 0xe3,
	0x0c, 0x00, 0x00, 0x0a, 0x40, 0x0e, 0x51, 0xe3, 0x0c, 0x00, 0x00, 0x0a, 0x80, 0x0e, 0x51, 0xe3,
	0x0e, 0x00, 0x00, 0x1a, 0x0b, 0x00, 0x00, 0xea, 0x10, 0x00, 0xa0, 0xe3, 0x0e, 0xf0, 0xa0, 0xe1,
	0x20, 0x00, 0xa0, 0xe3, 0xfc, 0xff, 0xff, 0xea, 0x30, 0x00, 0xa0, 0xe3, 0xfa, 0xff, 0xff, 0xea,
	0x40, 0x00, 0xa0, 0xe3, 0xf8, 0xff, 0xff, 0xea, 0x50, 0x00, 0xa0, 0xe3, 0xf6, 0xff, 0xff, 0xea,
	0x60, 0x00, 0xa0, 0xe3, 0xf4, 0xff, 0xff, 0xea, 0x70, 0x00, 0xa0, 0xe3, 0xf2, 0xff, 0xff, 0xea,
	0x00, 0x00, 0xa0, 0xe3, 0xf0, 0xff, 0xff, 0xea, 0x1d, 0x20, 0xa0, 0xe3, 0x92, 0x00, 0x03, 0xe0,
	0xe0, 0x27, 0x9f, 0xe5, 0x03, 0x21, 0x82, 0xe0, 0x08, 0x10, 0x82, 0xe2, 0x01, 0x30, 0xd1, 0xe5,
	0xd4, 0xc7, 0x9f, 0xe5, 0x00, 0xc0, 0x9c, 0xe5, 0x03, 0x31, 0x8c, 0xe0, 0x40, 0x20, 0x83, 0xe2,
	0x00, 0x30, 0x92, 0xe5, 0x01, 0x30, 0x83, 0xe3, 0x00, 0x30, 0x82, 0xe5, 0x01, 0x30, 0xd1, 0xe5,
	0xb4, 0xc7, 0x9f, 0xe5, 0x00, 0xc0, 0x9c, 0xe5, 0x03, 0x31, 0x8c, 0xe0, 0x40, 0x20, 0x83, 0xe2,
	0x00, 0x30, 0x92, 0xe5, 0x60, 0x30, 0xc3, 0xe3, 0x00, 0x30, 0x82, 0xe5, 0x0e, 0xf0, 0xa0, 0xe1,
	0x94, 0x17, 0x9f, 0xe5, 0x00, 0x10, 0x91, 0xe5, 0x08, 0x00, 0x81, 0xe5, 0x0e, 0xf0, 0xa0, 0xe1,
	0x84, 0x07, 0x9f, 0xe5, 0x00, 0x00, 0x90, 0xe5, 0x40, 0x00, 0x90, 0xe5, 0x0e, 0xf0, 0xa0, 0xe1,
	0x1d, 0x10, 0xa0, 0xe3, 0x91, 0x00, 0x03, 0xe0, 0x68, 0x17, 0x9f, 0xe5, 0x03, 0x11, 0x81, 0xe0,
	0x08, 0x20, 0x81, 0xe2, 0x01, 0x30, 0xd2, 0xe5, 0x5c, 0xc7, 0x9f, 0xe5, 0x00, 0xc0, 0x9c, 0xe5,
	0x03, 0x31, 0x8c, 0xe0, 0x40, 0x10, 0x83, 0xe2, 0x00, 0x30, 0x91, 0xe5, 0x40, 0x30, 0x83, 0xe3,
	0x00, 0x30, 0x81, 0xe5, 0x0e, 0xf0, 0xa0, 0xe1, 0x80, 0x11, 0x80, 0xe0, 0x34, 0x37, 0x9f, 0xe5,
	0x01, 0x11, 0x83, 0xe0, 0xf0, 0x20, 0x81, 0xe2, 0x01, 0x30, 0xd2, 0xe5, 0x28, 0xc7, 0x9f, 0xe5,
	0x00, 0xc0, 0x9c, 0xe5, 0x03, 0x31, 0x8c, 0xe0, 0x40, 0x10, 0x83, 0xe2, 0x00, 0x30, 0x91, 0xe5,
	0x40, 0x30, 0x83, 0xe3, 0x00, 0x30, 0x81, 0xe5, 0x0e, 0xf0, 0xa0, 0xe1, 0x01, 0x20, 0xd0, 0xe5,
	0x04, 0x37, 0x9f, 0xe5, 0x00, 0x30, 0x93, 0xe5, 0x02, 0x22, 0x83, 0xe0, 0xd8, 0x21, 0x92, 0xe5,
	0x01, 0x30, 0xd0, 0xe5, 0xf0, 0xc6, 0x9f, 0xe5, 0x00, 0xc0, 0x9c, 0xe5, 0x03, 0x32, 0x8c, 0xe0,
	0xdc, 0x31, 0x93, 0xe5, 0x07, 0x30, 0x03, 0xe2, 0x03, 0x24, 0x82, 0xe1, 0x28, 0x20, 0x80, 0xe5,
	0x04, 0x20, 0x90, 0xe5, 0x28, 0x30, 0x90, 0xe5, 0x03, 0x00, 0x52, 0xe1, 0x02, 0x00, 0x00, 0x9a,
	0x28, 0x20, 0x90, 0xe5, 0x08, 0x20, 0x80, 0xe5, 0x01, 0x00, 0x00, 0xea, 0x04, 0x20, 0x90, 0xe5,
	0x08, 0x20, 0x80, 0xe5, 0x0c, 0x00, 0x90, 0xe9, 0x03, 0x20, 0x42, 0xe0, 0x04, 0x20, 0x80, 0xe5,
	0xa4, 0x26, 0x9f, 0xe5, 0x00, 0x20, 0x92, 0xe5, 0xd4, 0x21, 0x92, 0xe5, 0x02, 0x20, 0x82, 0xe3,
	0x94, 0x36, 0x9f, 0xe5, 0x00, 0x30, 0x93, 0xe5, 0xd4, 0x21, 0x83, 0xe5, 0x00, 0x10, 0xa0, 0xe3,
	0x08, 0x20, 0x90, 0xe5, 0x01, 0x00, 0x52, 0xe1, 0x0c, 0x00, 0x00, 0xda, 0x02, 0x00, 0x00, 0xea,
	0x01, 0x20, 0x81, 0xe2, 0x40, 0x1b, 0xc2, 0xe3, 0xf8, 0xff, 0xff, 0xea, 0x0c, 0x20, 0x90, 0xe5,
	0x01, 0x20, 0x82, 0xe2, 0x0c, 0x30, 0x90, 0xe5, 0x0c, 0x20, 0x80, 0xe5, 0x00, 0x20, 0xd3, 0xe5,
	0x54, 0x36, 0x9f, 0xe5, 0x00, 0x30, 0x93, 0xe5, 0xd0, 0x21, 0x83, 0xe5, 0xf3, 0xff, 0xff, 0xea,
	0x04, 0x20, 0x90, 0xe5, 0x00, 0x00, 0x52, 0xe3, 0x08, 0x00, 0x00, 0x1a, 0x02, 0x20, 0xa0, 0xe3,
	0x02, 0x20, 0xc0, 0xe5, 0x30, 0x26, 0x9f, 0xe5, 0x00, 0x20, 0x92, 0xe5, 0xd4, 0x21, 0x92, 0xe5,
	0x08, 0x20, 0x82, 0xe3, 0x20, 0x36, 0x9f, 0xe5, 0x00, 0x30, 0x93, 0xe5, 0xd4, 0x21, 0x83, 0xe5,
	0x0e, 0xf0, 0xa0, 0xe1, 0x30, 0x40, 0x2d, 0xe9, 0x00, 0x40, 0xa0, 0xe1, 0x01, 0x50, 0xa0, 0xe1,
	0x02, 0x00, 0xd4, 0xe5, 0x00, 0x00, 0x50, 0xe3, 0x02, 0x00, 0x00, 0x1a, 0x04, 0x00, 0xa0, 0xe1,
	0xb9, 0xff, 0xff, 0xeb, 0x30, 0x80, 0xbd, 0xe8, 0x02, 0x00, 0xd4, 0xe5, 0x02, 0x00, 0x50, 0xe3,
	0x01, 0x00, 0x00, 0x1a, 0x03, 0x00, 0xa0, 0xe3, 0x02, 0x00, 0xc4, 0xe5, 0xf8, 0xff, 0xff, 0xea,
	0x00, 0x10, 0xa0, 0xe3, 0x01, 0x30, 0xd0, 0xe5, 0xcc, 0xc5, 0x9f, 0xe5, 0x00, 0xc0, 0x9c, 0xe5,
	0x03, 0x32, 0x8c, 0xe0, 0x75, 0x2f, 0x83, 0xe2, 0x00, 0x30, 0x92, 0xe5, 0x01, 0x30, 0x83, 0xe3,
	0x00, 0x30, 0x82, 0xe5, 0x01, 0x20, 0xd0, 0xe5, 0xb0, 0x35, 0x9f, 0xe5, 0x02, 0x21, 0x93, 0xe7,
	0x28, 0x20, 0x80, 0xe5, 0x04, 0x20, 0x90, 0xe5, 0x28, 0x30, 0x90, 0xe5, 0x03, 0x00, 0x52, 0xe1,
	0x02, 0x00, 0x00, 0x9a, 0x28, 0x20, 0x90, 0xe5, 0x08, 0x20, 0x80, 0xe5, 0x01, 0x00, 0x00, 0xea,
	0x04, 0x20, 0x90, 0xe5, 0x08, 0x20, 0x80, 0xe5, 0x0c, 0x00, 0x90, 0xe9, 0x03, 0x20, 0x42, 0xe0,
	0x04, 0x20, 0x80, 0xe5, 0x00, 0x10, 0xa0, 0xe3, 0x08, 0x20, 0x90, 0xe5, 0x01, 0x00, 0x52, 0xe1,
	0x0e, 0x00, 0x00, 0xda, 0x02, 0x00, 0x00, 0xea, 0x01, 0x20, 0x81, 0xe2, 0x40, 0x1b, 0xc2, 0xe3,
	0xf8, 0xff, 0xff, 0xea, 0x0c, 0x20, 0x90, 0xe5, 0x01, 0x20, 0x82, 0xe2, 0x0c, 0x30, 0x90, 0xe5,
	0x0c, 0x20, 0x80, 0xe5, 0x00, 0x20, 0xd3, 0xe5, 0x01, 0x30, 0xd0, 0xe5, 0x38, 0xc5, 0x9f, 0xe5,
	0x00, 0xc0, 0x9c, 0xe5, 0x03, 0x32, 0x8c, 0xe0, 0xd0, 0x21, 0x83, 0xe5, 0xf1, 0xff, 0xff, 0xea,
	0x04, 0x20, 0x90, 0xe5, 0x00, 0x00, 0x52, 0xe3, 0x0f, 0x00, 0x00, 0x1a, 0x00, 0x20, 0xa0, 0xe3,
	0x68, 0x30, 0x90, 0xe5, 0x00, 0x20, 0xc3, 0xe5, 0x00, 0x20, 0xa0, 0xe3, 0x10, 0x30, 0x90, 0xe5,
	0x00, 0x20, 0xc3, 0xe5, 0x02, 0x20, 0xa0, 0xe3, 0x02, 0x20, 0xc0, 0xe5, 0x01, 0x30, 0xd0, 0xe5,
	0xf4, 0xc4, 0x9f, 0xe5, 0x00, 0xc0, 0x9c, 0xe5, 0x03, 0x32, 0x8c, 0xe0, 0x75, 0x2f, 0x83, 0xe2,
	0x00, 0x30, 0x92, 0xe5, 0x08, 0x30, 0x83, 0xe3, 0x00, 0x30, 0x82, 0xe5, 0x01, 0x30, 0xd0, 0xe5,
	0xd4, 0xc4, 0x9f, 0xe5, 0x00, 0xc0, 0x9c, 0xe5, 0x03, 0x31, 0x8c, 0xe0, 0x40, 0x20, 0x83, 0xe2,
	0x00, 0x30, 0x92, 0xe5, 0x61, 0x30, 0xc3, 0xe3, 0x00, 0x30, 0x82, 0xe5, 0x0c, 0x20, 0x90, 0xe5,
	0x08, 0x30, 0x90, 0xe5, 0x03, 0x20, 0x82, 0xe0, 0x0c, 0x20, 0x80, 0xe5, 0x14, 0x20, 0x90, 0xe5,
	0x01, 0x20, 0x82, 0xe2, 0x14, 0x20, 0x80, 0xe5, 0x0e, 0xf0, 0xa0, 0xe1, 0x10, 0x40, 0x2d, 0xe9,
	0x6c, 0xe0, 0xd0, 0xe5, 0x6d, 0x40, 0xd0, 0xe5, 0x04, 0x00, 0x5e, 0xe1, 0x04, 0x00, 0x00, 0x1a,
	0x00, 0xe0, 0xa0, 0xe3, 0x00, 0xe0, 0x81, 0xe5, 0x00, 0xe0, 0xa0, 0xe3, 0x00, 0xe0, 0x82, 0xe5,
	0x10, 0x80, 0xbd, 0xe8, 0x6d, 0xe0, 0xd0, 0xe5, 0x8e, 0xe0, 0x8e, 0xe0, 0x0e, 0xe1, 0x80, 0xe0,
	0x38, 0xc0, 0x8e, 0xe2, 0x6d, 0xe0, 0xd0, 0xe5, 0x8e, 0xe0, 0x8e, 0xe0, 0x0e, 0xe1, 0x80, 0xe0,
	0x38, 0xe0, 0x8e, 0xe2, 0x68, 0xe0, 0x80, 0xe5, 0x6d, 0xe0, 0xd0, 0xe5, 0x01, 0xe0, 0x8e, 0xe2,
	0xff, 0xe0, 0x0e, 0xe2, 0x6d, 0xe0, 0xc0, 0xe5, 0x04, 0x00, 0x5e, 0xe3, 0x01, 0x00, 0x00, 0x1a,
	0x00, 0xe0, 0xa0, 0xe3, 0x6d, 0xe0, 0xc0, 0xe5, 0x04, 0xe0, 0x9c, 0xe5, 0x00, 0xe0, 0x81, 0xe5,
	0xb2, 0xe0, 0xdc, 0xe1, 0x00, 0xe0, 0x82, 0xe5, 0x08, 0xe0, 0x9c, 0xe5, 0x00, 0xe0, 0x83, 0xe5,
	0xe6, 0xff, 0xff, 0xea, 0x30, 0x40, 0x2d, 0xe9, 0x00, 0x40, 0xa0, 0xe1, 0x01, 0x50, 0xa0, 0xe1,
	0x02, 0x00, 0xd4, 0xe5, 0x01, 0x00, 0x50, 0xe3, 0x02, 0x00, 0x00, 0x1a, 0x04, 0x00, 0xa0, 0xe1,
	0x86, 0xff, 0xff, 0xeb, 0x30, 0x80, 0xbd, 0xe8, 0x02, 0x00, 0xd4, 0xe5, 0x02, 0x00, 0x50, 0xe3,
	0x01, 0x00, 0x00, 0x1a, 0x03, 0x00, 0xa0, 0xe3, 0x02, 0x00, 0xc4, 0xe5, 0x02, 0x00, 0xd4, 0xe5,
	0x03, 0x00, 0x50, 0xe3, 0x15, 0x00, 0x00, 0x1a, 0x10, 0x30, 0x84, 0xe2, 0x04, 0x20, 0x84, 0xe2,
	0x0c, 0x10, 0x84, 0xe2, 0x04, 0x00, 0xa0, 0xe1, 0xc7, 0xff, 0xff, 0xeb, 0x0c, 0x00, 0x94, 0xe5,
	0x00, 0x00, 0x50, 0xe3, 0x04, 0x00, 0x00, 0x0a, 0x01, 0x00, 0xa0, 0xe3, 0x02, 0x00, 0xc4, 0xe5,
	0x04, 0x00, 0xa0, 0xe1, 0x71, 0xff, 0xff, 0xeb, 0xe9, 0xff, 0xff, 0xea, 0x00, 0x00, 0xa0, 0xe3,
	0x68, 0x10, 0x94, 0xe5, 0x00, 0x00, 0xc1, 0xe5, 0x00, 0x00, 0xa0, 0xe3, 0x10, 0x10, 0x94, 0xe5,
	0x00, 0x00, 0xc1, 0xe5, 0x03, 0x00, 0xa0, 0xe3, 0x02, 0x00, 0xc4, 0xe5, 0xe0, 0xff, 0xff, 0xea,
	0xdf, 0xff, 0xff, 0xea, 0xf0, 0x41, 0x2d, 0xe9, 0x00, 0x60, 0xa0, 0xe1, 0x01, 0x70, 0xa0, 0xe1,
	0x02, 0x80, 0xa0, 0xe1, 0x68, 0x43, 0x9f, 0xe5, 0x6c, 0x00, 0xd4, 0xe5, 0x80, 0x00, 0x80, 0xe0,
	0x00, 0x01, 0x84, 0xe0, 0x38, 0x50, 0x80, 0xe2, 0x04, 0x60, 0x85, 0xe5, 0xb2, 0x70, 0xc5, 0xe1,
	0x08, 0x80, 0x85, 0xe5, 0x01, 0x00, 0xa0, 0xe3, 0x00, 0x00, 0xc5, 0xe5, 0x00, 0x00, 0xa0, 0xe3,
	0x03, 0x00, 0xc4, 0xe5, 0x6c, 0x00, 0xd4, 0xe5, 0x01, 0x00, 0x80, 0xe2, 0xff, 0x00, 0x00, 0xe2,
	0x6c, 0x00, 0xc4, 0xe5, 0x04, 0x00, 0x50, 0xe3, 0x01, 0x00, 0x00, 0x1a, 0x00, 0x00, 0xa0, 0xe3,
	0x6c, 0x00, 0xc4, 0xe5, 0x01, 0x00, 0xd4, 0xe5, 0x00, 0x00, 0x50, 0xe3, 0x05, 0x00, 0x00, 0x0a,
	0x10, 0x03, 0x9f, 0xe5, 0x00, 0x00, 0xd0, 0xe5, 0x00, 0x00, 0x50, 0xe3, 0x01, 0x00, 0x00, 0x1a,
	0x00, 0x00, 0xa0, 0xe3, 0xf0, 0x81, 0xbd, 0xe8, 0x03, 0x00, 0xa0, 0xe3, 0x02, 0x00, 0xc4, 0xe5,
	0x02, 0x00, 0xd4, 0xe5, 0x03, 0x00, 0x50, 0xe3, 0x02, 0x00, 0x00, 0x1a, 0x01, 0x10, 0xa0, 0xe3,
	0x04, 0x00, 0xa0, 0xe1, 0xae, 0xff, 0xff, 0xeb, 0x01, 0x00, 0xa0, 0xe3, 0xf4, 0xff, 0xff, 0xea,
	0x10, 0x40, 0x2d, 0xe9, 0x00, 0x40, 0xa0, 0xe3, 0x74, 0x10, 0xa0, 0xe3, 0xc8, 0x02, 0x9f, 0xe5,
	0x17, 0x04, 0x00, 0xeb, 0x00, 0x00, 0xa0, 0xe3, 0xa8, 0x12, 0x9f, 0xe5, 0x08, 0x00, 0xc1, 0xe5,
	0x00, 0x00, 0xa0, 0xe3, 0x9c, 0x12, 0x9f, 0xe5, 0x09, 0x00, 0xc1, 0xe5, 0x03, 0x00, 0xa0, 0xe3,
	0x90, 0x12, 0x9f, 0xe5, 0x0a, 0x00, 0xc1, 0xe5, 0x01, 0x40, 0xa0, 0xe3, 0x02, 0x00, 0x54, 0xe3,
	0x1c, 0x00, 0x00, 0xca, 0x01, 0x00, 0x00, 0xea, 0x01, 0x40, 0x84, 0xe2, 0xfa, 0xff, 0xff, 0xea,
	0x1d, 0x10, 0xa0, 0xe3, 0x91, 0x04, 0x02, 0xe0, 0x68, 0x12, 0x9f, 0xe5, 0x02, 0x11, 0x81, 0xe0,
	0x08, 0x00, 0x81, 0xe2, 0x74, 0x10, 0xa0, 0xe3, 0x01, 0x04, 0x00, 0xeb, 0x1d, 0x00, 0xa0, 0xe3,
	0x90, 0x04, 0x01, 0xe0, 0x4c, 0x02, 0x9f, 0xe5, 0x01, 0x01, 0x80, 0xe0, 0x08, 0x40, 0xc0, 0xe5,
	0x00, 0x00, 0xe0, 0xe3, 0x84, 0x00, 0x80, 0xe0, 0x1d, 0x10, 0xa0, 0xe3, 0x91, 0x04, 0x02, 0xe0,
	0x30, 0x12, 0x9f, 0xe5, 0x02, 0x11, 0x81, 0xe0, 0x09, 0x00, 0xc1, 0xe5, 0x03, 0x00, 0xa0, 0xe3,
	0x1d, 0x10, 0xa0, 0xe3, 0x91, 0x04, 0x02, 0xe0, 0x18, 0x12, 0x9f, 0xe5, 0x02, 0x11, 0x81, 0xe0,
	0x0a, 0x00, 0xc1, 0xe5, 0xe3, 0xff, 0xff, 0xea, 0x24, 0x10, 0xa0, 0xe3, 0x1c, 0x02, 0x9f, 0xe5,
	0xeb, 0x03, 0x00, 0xeb, 0x00, 0x00, 0xa0, 0xe3, 0xf8, 0x11, 0x9f, 0xe5, 0xf0, 0x00, 0xc1, 0xe5,
	0x00, 0x00, 0xa0, 0xe3, 0xec, 0x11, 0x9f, 0xe5, 0xf1, 0x00, 0xc1, 0xe5, 0x01, 0x40, 0xa0, 0xe3,
	0x02, 0x00, 0x54, 0xe3, 0x12, 0x00, 0x00, 0xca, 0x01, 0x00, 0x00, 0xea, 0x01, 0x40, 0x84, 0xe2,
	0xfa, 0xff, 0xff, 0xea, 0x84, 0x11, 0x84, 0xe0, 0xc8, 0x21, 0x9f, 0xe5, 0x01, 0x11, 0x82, 0xe0,
	0xf0, 0x00, 0x81, 0xe2, 0x24, 0x10, 0xa0, 0xe3, 0xd9, 0x03, 0x00, 0xeb, 0x84, 0x01, 0x84, 0xe0,
	0xb0, 0x11, 0x9f, 0xe5, 0x00, 0x01, 0x81, 0xe0, 0xf0, 0x40, 0xc0, 0xe5, 0x84, 0x00, 0xa0, 0xe1,
	0x84, 0x11, 0x84, 0xe0, 0x9c, 0x21, 0x9f, 0xe5, 0x01, 0x11, 0x82, 0xe0, 0xf1, 0x00, 0xc1, 0xe5,
	0xed, 0xff, 0xff, 0xea, 0x10, 0x80, 0xbd, 0xe8, 0x08, 0x40, 0x2d, 0xe9, 0x2c, 0x10, 0xa0, 0xe3,
	0x90, 0x01, 0x9f, 0xe5, 0xca, 0x03, 0x00, 0xeb, 0xac, 0xff, 0xff, 0xeb, 0x08, 0x80, 0xbd, 0xe8,
	0x01, 0x00, 0xa0, 0xe3, 0x70, 0x11, 0x9f, 0xe5, 0x00, 0x10, 0x91, 0xe5, 0x00, 0x00, 0x81, 0xe5,
	0x64, 0x01, 0x9f, 0xe5, 0x00, 0x00, 0x90, 0xe5, 0x00, 0x00, 0x90, 0xe5, 0x06, 0x00, 0x80, 0xe3,
	0x54, 0x11, 0x9f, 0xe5, 0x00, 0x10, 0x91, 0xe5, 0x00, 0x00, 0x81, 0xe5, 0x00, 0x00, 0xa0, 0xe3,
	0x44, 0x11, 0x9f, 0xe5, 0x00, 0x10, 0x91, 0xe5, 0x04, 0x00, 0x81, 0xe5, 0x38, 0x01, 0x9f, 0xe5,
	0x00, 0x00, 0x90, 0xe5, 0x3c, 0x00, 0x90, 0xe5, 0x00, 0x00, 0xa0, 0xe3, 0x28, 0x11, 0x9f, 0xe5,
	0x00, 0x10, 0x91, 0xe5, 0x3c, 0x00, 0x81, 0xe5, 0x1c, 0x01, 0x9f, 0xe5, 0x00, 0x00, 0x90, 0xe5,
	0x40, 0x00, 0x90, 0xe5, 0x0c, 0x00, 0x80, 0xe3, 0x0c, 0x11, 0x9f, 0xe5, 0x00, 0x10, 0x91, 0xe5,
	0x40, 0x00, 0x81, 0xe5, 0x00, 0x01, 0x9f, 0xe5, 0x00, 0x00, 0x90, 0xe5, 0xc4, 0x01, 0x90, 0xe5,
	0x26, 0x00, 0x80, 0xe3, 0xf0, 0x10, 0x9f, 0xe5, 0x00, 0x10, 0x91, 0xe5, 0xc4, 0x01, 0x81, 0xe5,
	0xe4, 0x00, 0x9f, 0xe5, 0x00, 0x00, 0x90, 0xe5, 0xd4, 0x01, 0x90, 0xe5, 0x11, 0x00, 0x80, 0xe3,
	0xd4, 0x10, 0x9f, 0xe5, 0x00, 0x10, 0x91, 0xe5, 0xd4, 0x01, 0x81, 0xe5, 0xc8, 0x00, 0x9f, 0xe5,
	0x00, 0x00, 0x90, 0xe5, 0x84, 0x01, 0x90, 0xe5, 0x00, 0x00, 0xa0, 0xe3, 0xb8, 0x10, 0x9f, 0xe5,
	0x00, 0x10, 0x91, 0xe5, 0x84, 0x01, 0x81, 0xe5, 0xac, 0x00, 0x9f, 0xe5, 0x00, 0x00, 0x90, 0xe5,
	0x9c, 0x01, 0x90, 0xe5, 0x00, 0x00, 0xa0, 0xe3, 0x9c, 0x10, 0x9f, 0xe5, 0x00, 0x10, 0x91, 0xe5,
	0x9c, 0x01, 0x81, 0xe5, 0x90, 0x00, 0x9f, 0xe5, 0x00, 0x00, 0x90, 0xe5, 0xb4, 0x01, 0x90, 0xe5,
	0x00, 0x00, 0xa0, 0xe3, 0x80, 0x10, 0x9f, 0xe5, 0x00, 0x10, 0x91, 0xe5, 0xb4, 0x01, 0x81, 0xe5,
	0x00, 0x00, 0xa0, 0xe3, 0x70, 0x10, 0x9f, 0xe5, 0x00, 0x10, 0x91, 0xe5, 0xa4, 0x01, 0x81, 0xe5,
	0x00, 0x00, 0xa0, 0xe3, 0x60, 0x10, 0x9f, 0xe5, 0x00, 0x10, 0x91, 0xe5, 0x8c, 0x01, 0x81, 0xe5,
	0x54, 0x00, 0x9f, 0xe5, 0x00, 0x00, 0x90, 0xe5, 0x80, 0x01, 0x90, 0xe5, 0x00, 0x00, 0xa0, 0xe3,
	0x44, 0x10, 0x9f, 0xe5, 0x00, 0x10, 0x91, 0xe5, 0x80, 0x01, 0x81, 0xe5, 0x38, 0x00, 0x9f, 0xe5,
	0x00, 0x00, 0x90, 0xe5, 0x98, 0x01, 0x90, 0xe5, 0x00, 0x00, 0xa0, 0xe3, 0x28, 0x10, 0x9f, 0xe5,
	0x00, 0x10, 0x91, 0xe5, 0x98, 0x01, 0x81, 0xe5, 0x1c, 0x00, 0x9f, 0xe5, 0x00, 0x00, 0x90, 0xe5,
	0x08, 0x00, 0x90, 0xe5, 0x80, 0x00, 0x80, 0xe3, 0x0c, 0x10, 0x9f, 0xe5, 0x00, 0x10, 0x91, 0xe5,
	0x08, 0x00, 0x81, 0xe5, 0x0e, 0xf0, 0xa0, 0xe1, 0x00, 0x71, 0x01, 0x00, 0x74, 0x70, 0x01, 0x00,
	0x78, 0x70, 0x01, 0x00, 0x7c, 0x71, 0x01, 0x00, 0x3c, 0x73, 0x01, 0x00, 0x08, 0x71, 0x01, 0x00,
	0xf0, 0x71, 0x01, 0x00, 0xf0, 0x40, 0x2d, 0xe9, 0x44, 0xd0, 0x4d, 0xe2, 0x0d, 0x70, 0xa0, 0xe1,
	0xff, 0x00, 0xa0, 0xe3, 0x30, 0x10, 0x1f, 0xe5, 0x00, 0x10, 0x91, 0xe5, 0x84, 0x01, 0x81, 0xe5,
	0xfb, 0x00, 0xa0, 0xe3, 0x40, 0x10, 0x1f, 0xe5, 0x00, 0x10, 0x91, 0xe5, 0x9c, 0x01, 0x81, 0xe5,
	0x04, 0x00, 0xa0, 0xe3, 0x50, 0x10, 0x1f, 0xe5, 0x00, 0x10, 0x91, 0xe5, 0xa4, 0x01, 0x81, 0xe5,
	0x04, 0x00, 0xa0, 0xe3, 0x60, 0x10, 0x1f, 0xe5, 0x00, 0x10, 0x91, 0xe5, 0xb4, 0x01, 0x81, 0xe5,
	0x6c, 0x00, 0x1f, 0xe5, 0x00, 0x00, 0x90, 0xe5, 0x80, 0x01, 0x90, 0xe5, 0x00, 0x40, 0xa0, 0xe1,
	0x02, 0x00, 0x14, 0xe3, 0x5e, 0x00, 0x00, 0x0a, 0x02, 0x00, 0x84, 0xe3, 0x88, 0x10, 0x1f, 0xe5,
	0x00, 0x10, 0x91, 0xe5, 0x80, 0x01, 0x81, 0xe5, 0x20, 0x00, 0x85, 0xe3, 0x98, 0x10, 0x1f, 0xe5,
	0x00, 0x10, 0x91, 0xe5, 0x98, 0x01, 0x81, 0xe5, 0xa4, 0x00, 0x1f, 0xe5, 0x00, 0x00, 0x90, 0xe5,
	0x3c, 0x00, 0x90, 0xe5, 0x80, 0x00, 0x10, 0xe3, 0x51, 0x00, 0x00, 0x0a, 0x2c, 0x08, 0x9f, 0xe5,
	0x00, 0x00, 0xd0, 0xe5, 0x01, 0x00, 0x50, 0xe3, 0x04, 0x00, 0x00, 0x1a, 0x20, 0x08, 0x9f, 0xe5,
	0x00, 0x00, 0x90, 0xe5, 0x01, 0x00, 0x80, 0xe2, 0x14, 0x18, 0x9f, 0xe5, 0x00, 0x00, 0x81, 0xe5,
	0xdc, 0x00, 0x1f, 0xe5, 0x00, 0x00, 0x90, 0xe5, 0x3c, 0x00, 0x90, 0xe5, 0x40, 0x00, 0x10, 0xe3,
	0x07, 0x00, 0x00, 0x0a, 0xf0, 0x00, 0x1f, 0xe5, 0x00, 0x00, 0x90, 0xe5, 0x3c, 0x00, 0x90, 0xe5,
	0x40, 0x00, 0xc0, 0xe3, 0x00, 0x11, 0x1f, 0xe5, 0x00, 0x10, 0x91, 0xe5, 0x3c, 0x00, 0x81, 0xe5,
	0x3b, 0x00, 0x00, 0xea, 0x10, 0x01, 0x1f, 0xe5, 0x00, 0x00, 0x90, 0xe5, 0x1c, 0x00, 0x90, 0xe5,
	0xd0, 0x17, 0x9f, 0xe5, 0x00, 0x00, 0xc1, 0xe5, 0x24, 0x01, 0x1f, 0xe5, 0x00, 0x00, 0x90, 0xe5,
	0x20, 0x00, 0x90, 0xe5, 0xbc, 0x17, 0x9f, 0xe5, 0x01, 0x00, 0xc1, 0xe5, 0x38, 0x01, 0x1f, 0xe5,
	0x00, 0x00, 0x90, 0xe5, 0x24, 0x00, 0x90, 0xe5, 0xa8, 0x17, 0x9f, 0xe5, 0x02, 0x00, 0xc1, 0xe5,
	0x4c, 0x01, 0x1f, 0xe5, 0x00, 0x00, 0x90, 0xe5, 0x28, 0x00, 0x90, 0xe5, 0x94, 0x17, 0x9f, 0xe5,
	0x03, 0x00, 0xc1, 0xe5, 0x60, 0x01, 0x1f, 0xe5, 0x00, 0x00, 0x90, 0xe5, 0x2c, 0x00, 0x90, 0xe5,
	0x80, 0x17, 0x9f, 0xe5, 0x04, 0x00, 0xc1, 0xe5, 0x74, 0x01, 0x1f, 0xe5, 0x00, 0x00, 0x90, 0xe5,
	0x30, 0x00, 0x90, 0xe5, 0x6c, 0x17, 0x9f, 0xe5, 0x05, 0x00, 0xc1, 0xe5, 0x88, 0x01, 0x1f, 0xe5,
	0x00, 0x00, 0x90, 0xe5, 0x38, 0x00, 0x90, 0xe5, 0x00, 0x04, 0xa0, 0xe1, 0x54, 0x17, 0x9f, 0xe5,
	0xb6, 0x00, 0xc1, 0xe1, 0x4c, 0x07, 0x9f, 0xe5, 0xb6, 0x00, 0xd0, 0xe1, 0xa8, 0x11, 0x1f, 0xe5,
	0x00, 0x10, 0x91, 0xe5, 0x34, 0x10, 0x91, 0xe5, 0x01, 0x00, 0x80, 0xe1, 0x34, 0x17, 0x9f, 0xe5,
	0xb6, 0x00, 0xc1, 0xe1, 0xc0, 0x01, 0x1f, 0xe5, 0x00, 0x00, 0x90, 0xe5, 0xc4, 0x01, 0x90, 0xe5,
	0x01, 0x00, 0x80, 0xe3, 0xd0, 0x11, 0x1f, 0xe5, 0x00, 0x10, 0x91, 0xe5, 0xc4, 0x01, 0x81, 0xe5,
	0xdc, 0x01, 0x1f, 0xe5, 0x00, 0x00, 0x90, 0xe5, 0x3c, 0x00, 0x90, 0xe5, 0x60, 0x00, 0xc0, 0xe3,
	0xec, 0x11, 0x1f, 0xe5, 0x00, 0x10, 0x91, 0xe5, 0x3c, 0x00, 0x81, 0xe5, 0xf4, 0x06, 0x9f, 0xe5,
	0xc1, 0x01, 0x00, 0xeb, 0x04, 0x00, 0x14, 0xe3, 0x06, 0x00, 0x00, 0x0a, 0x04, 0x00, 0x84, 0xe3,
	0x0c, 0x12, 0x1f, 0xe5, 0x00, 0x10, 0x91, 0xe5, 0x80, 0x01, 0x81, 0xe5, 0x03, 0x10, 0xa0, 0xe3,
	0x0c, 0x02, 0x1f, 0xe5, 0xf2, 0xfd, 0xff, 0xeb, 0x20, 0x00, 0x14, 0xe3, 0x1a, 0x00, 0x00, 0x0a,
	0x20, 0x00, 0x84, 0xe3, 0x30, 0x12, 0x1f, 0xe5, 0x00, 0x10, 0x91, 0xe5, 0x80, 0x01, 0x81, 0xe5,
	0x3c, 0x02, 0x1f, 0xe5, 0x00, 0x00, 0x90, 0xe5, 0x98, 0x51, 0x90, 0xe5, 0x02, 0x00, 0x15, 0xe3,
	0x03, 0x00, 0x00, 0x0a, 0x02, 0x00, 0x85, 0xe3, 0x54, 0x12, 0x1f, 0xe5, 0x00, 0x10, 0x91, 0xe5,
	0x98, 0x01, 0x81, 0xe5, 0x10, 0x00, 0x15, 0xe3, 0x03, 0x00, 0x00, 0x0a, 0x10, 0x00, 0x85, 0xe3,
	0x6c, 0x12, 0x1f, 0xe5, 0x00, 0x10, 0x91, 0xe5, 0x98, 0x01, 0x81, 0xe5, 0x08, 0x00, 0x15, 0xe3,
	0x14, 0x00, 0x00, 0x0a, 0x08, 0x00, 0x85, 0xe3, 0x84, 0x12, 0x1f, 0xe5, 0x00, 0x10, 0x91, 0xe5,
	0x98, 0x01, 0x81, 0xe5, 0xf7, 0xfe, 0xff, 0xeb, 0x0e, 0x00, 0x00, 0xea, 0x40, 0x00, 0x14, 0xe3,
	0x0c, 0x00, 0x00, 0x0a, 0x40, 0x00, 0x84, 0xe3, 0xa4, 0x12, 0x1f, 0xe5, 0x00, 0x10, 0x91, 0xe5,
	0x80, 0x01, 0x81, 0xe5, 0xb0, 0x02, 0x1f, 0xe5, 0x00, 0x00, 0x90, 0xe5, 0xa0, 0x61, 0x90, 0xe5,
	0x01, 0x00, 0x16, 0xe3, 0x03, 0x00, 0x00, 0x0a, 0x01, 0x00, 0x86, 0xe3, 0xc8, 0x12, 0x1f, 0xe5,
	0x00, 0x10, 0x91, 0xe5, 0xa0, 0x01, 0x81, 0xe5, 0x44, 0xd0, 0x8d, 0xe2, 0xf0, 0x80, 0xbd, 0xe8,
	0x08, 0x40, 0x2d, 0xe9, 0x00, 0x00, 0xa0, 0xe1, 0x00, 0x06, 0x9f, 0xe5, 0x00, 0x00, 0xd0, 0xe5,
	0x00, 0x00, 0x50, 0xe3, 0x03, 0x00, 0x00, 0x0a, 0xf4, 0x05, 0x9f, 0xe5, 0x00, 0x00, 0x90, 0xe5,
	0x0f, 0x00, 0x50, 0xe3, 0x01, 0x00, 0x00, 0xaa, 0x45, 0xff, 0xff, 0xeb, 0xf5, 0xff, 0xff, 0xea,
	0x08, 0x80, 0xbd, 0xe8, 0x08, 0x40, 0x2d, 0xe9, 0xdc, 0x05, 0x9f, 0xe5, 0x00, 0x00, 0x90, 0xe5,
	0x1c, 0x13, 0x1f, 0xe5, 0x00, 0x10, 0x91, 0xe5, 0x00, 0x03, 0x81, 0xe5, 0x24, 0x13, 0x1f, 0xe5,
	0x00, 0x00, 0x91, 0xe5, 0x15, 0xfd, 0xff, 0xeb, 0x34, 0x13, 0x1f, 0xe5, 0x00, 0x10, 0x91, 0xe5,
	0x04, 0x03, 0x81, 0xe5, 0x3c, 0x03, 0x1f, 0xe5, 0x00, 0x00, 0x90, 0xe5, 0xff, 0x00, 0x00, 0xe2,
	0x4c, 0x13, 0x1f, 0xe5, 0x00, 0x10, 0x91, 0xe5, 0x84, 0x00, 0x81, 0xe5, 0x54, 0x03, 0x1f, 0xe5,
	0x00, 0x00, 0x90, 0xe5, 0x00, 0x08, 0xa0, 0xe1, 0x20, 0x0c, 0xa0, 0xe1, 0x68, 0x13, 0x1f, 0xe5,
	0x00, 0x10, 0x91, 0xe5, 0x80, 0x00, 0x81, 0xe5, 0xbe, 0xfe, 0xff, 0xeb, 0xc3, 0xfe, 0xff, 0xeb,
	0xd6, 0xff, 0xff, 0xeb, 0x74, 0x05, 0x9f, 0xe5, 0x74, 0x15, 0x9f, 0xe5, 0x00, 0x00, 0x81, 0xe5,
	0x00, 0x00, 0xa0, 0xe3, 0x68, 0x15, 0x9f, 0xe5, 0x00, 0x10, 0x91, 0xe5, 0xb2, 0x00, 0xc1, 0xe1,
	0x08, 0x80, 0xbd, 0xe8, 0x04, 0xe0, 0x2d, 0xe5, 0xa4, 0x03, 0x1f, 0xe5, 0x00, 0x00, 0x90, 0xe5,
	0x00, 0x00, 0x90, 0xe5, 0x06, 0x00, 0x80, 0xe3, 0xb4, 0x13, 0x1f, 0xe5, 0x00, 0x10, 0x91, 0xe5,
	0x00, 0x00, 0x81, 0xe5, 0x30, 0x05, 0x9f, 0xe5, 0x08, 0x00, 0x90, 0xe5, 0xc8, 0x13, 0x1f, 0xe5,
	0x00, 0x10, 0x91, 0xe5, 0x10, 0x03, 0x81, 0xe5, 0xd0, 0x13, 0x1f, 0xe5, 0x08, 0x00, 0x91, 0xe5,
	0xea, 0xfc, 0xff, 0xeb, 0xe0, 0x13, 0x1f, 0xe5, 0x00, 0x10, 0x91, 0xe5, 0x14, 0x03, 0x81, 0xe5,
	0x40, 0x00, 0xa0, 0xe3, 0xf0, 0x13, 0x1f, 0xe5, 0x00, 0x10, 0x91, 0xe5, 0xa4, 0x00, 0x81, 0xe5,
	0x00, 0x00, 0xa0, 0xe3, 0x00, 0x14, 0x1f, 0xe5, 0x00, 0x10, 0x91, 0xe5, 0xa0, 0x00, 0x81, 0xe5,
	0xe4, 0x04, 0x9f, 0xe5, 0x04, 0x00, 0x90, 0xe5, 0x14, 0x14, 0x1f, 0xe5, 0x00, 0x10, 0x91, 0xe5,
	0x08, 0x03, 0x81, 0xe5, 0x1c, 0x14, 0x1f, 0xe5, 0x04, 0x00, 0x91, 0xe5, 0xd7, 0xfc, 0xff, 0xeb,
	0x2c, 0x14, 0x1f, 0xe5, 0x00, 0x10, 0x91, 0xe5, 0x0c, 0x03, 0x81, 0xe5, 0x40, 0x00, 0xa0, 0xe3,
	0x3c, 0x14, 0x1f, 0xe5, 0x00, 0x10, 0x91, 0xe5, 0x94, 0x00, 0x81, 0xe5, 0x00, 0x00, 0xa0, 0xe3,
	0x4c, 0x14, 0x1f, 0xe5, 0x00, 0x10, 0x91, 0xe5, 0x90, 0x00, 0x81, 0xe5, 0x01, 0x20, 0xa0, 0xe3,
	0x02, 0x00, 0x52, 0xe3, 0x6a, 0x00, 0x00, 0x8a, 0x01, 0x00, 0x00, 0xea, 0x01, 0x20, 0x82, 0xe2,
	0xfa, 0xff, 0xff, 0xea, 0x70, 0x04, 0x1f, 0xe5, 0x00, 0x00, 0x90, 0xe5, 0x02, 0x01, 0x80, 0xe0,
	0x40, 0x30, 0x90, 0xe5, 0x08, 0x00, 0x13, 0xe3, 0x36, 0x00, 0x00, 0x0a, 0x88, 0x04, 0x1f, 0xe5,
	0x00, 0x00, 0x90, 0xe5, 0x02, 0x01, 0x80, 0xe0, 0x40, 0x00, 0x90, 0xe5, 0x10, 0x00, 0xc0, 0xe3,
	0x9c, 0x14, 0x1f, 0xe5, 0x00, 0x10, 0x91, 0xe5, 0x02, 0x11, 0x81, 0xe0, 0x40, 0x00, 0x81, 0xe5,
	0x00, 0x00, 0xa0, 0xe1, 0x00, 0x00, 0xa0, 0xe1, 0x00, 0x00, 0xa0, 0xe1, 0xb8, 0x04, 0x1f, 0xe5,
	0x00, 0x00, 0x90, 0xe5, 0x02, 0x01, 0x80, 0xe0, 0x40, 0x00, 0x90, 0xe5, 0x20, 0x00, 0x80, 0xe3,
	0xcc, 0x14, 0x1f, 0xe5, 0x00, 0x10, 0x91, 0xe5, 0x02, 0x11, 0x81, 0xe0, 0x40, 0x00, 0x81, 0xe5,
	0xdc, 0x04, 0x1f, 0xe5, 0x00, 0x00, 0x90, 0xe5, 0x02, 0x02, 0x80, 0xe0, 0xd4, 0x01, 0x90, 0xe5,
	0x45, 0x00, 0x80, 0xe3, 0xf0, 0x14, 0x1f, 0xe5, 0x00, 0x10, 0x91, 0xe5, 0x02, 0x12, 0x81, 0xe0,
	0xd4, 0x01, 0x81, 0xe5, 0x00, 0x00, 0xa0, 0xe1, 0x00, 0x00, 0xa0, 0xe1, 0x00, 0x00, 0xa0, 0xe1,
	0x0c, 0x05, 0x1f, 0xe5, 0x00, 0x00, 0x90, 0xe5, 0x02, 0x02, 0x80, 0xe0, 0xd4, 0x01, 0x90, 0xe5,
	0x08, 0x00, 0xc0, 0xe3, 0x20, 0x15, 0x1f, 0xe5, 0x00, 0x10, 0x91, 0xe5, 0x02, 0x12, 0x81, 0xe0,
	0xd4, 0x01, 0x81, 0xe5, 0x00, 0x00, 0xa0, 0xe1, 0x00, 0x00, 0xa0, 0xe1, 0x00, 0x00, 0xa0, 0xe1,
	0x3c, 0x05, 0x1f, 0xe5, 0x00, 0x00, 0x90, 0xe5, 0x02, 0x02, 0x80, 0xe0, 0xd4, 0x01, 0x90, 0xe5,
	0x02, 0x00, 0x80, 0xe3, 0x50, 0x15, 0x1f, 0xe5, 0x00, 0x10, 0x91, 0xe5, 0x02, 0x12, 0x81, 0xe0,
	0xd4, 0x01, 0x81, 0xe5, 0x29, 0x00, 0x00, 0xea, 0x64, 0x05, 0x1f, 0xe5, 0x00, 0x00, 0x90, 0xe5,
	0x02, 0x01, 0x80, 0xe0, 0x40, 0x00, 0x90, 0xe5, 0x30, 0x00, 0x80, 0xe3, 0x78, 0x15, 0x1f, 0xe5,
	0x00, 0x10, 0x91, 0xe5, 0x02, 0x11, 0x81, 0xe0, 0x40, 0x00, 0x81, 0xe5, 0x88, 0x05, 0x1f, 0xe5,
	0x00, 0x00, 0x90, 0xe5, 0x02, 0x02, 0x80, 0xe0, 0xd4, 0x01, 0x90, 0xe5, 0x80, 0x00, 0x80, 0xe3,
	0x9c, 0x15, 0x1f, 0xe5, 0x00, 0x10, 0x91, 0xe5, 0x02, 0x12, 0x81, 0xe0, 0xd4, 0x01, 0x81, 0xe5,
	0x00, 0x00, 0xa0, 0xe1, 0x00, 0x00, 0xa0, 0xe1, 0x00, 0x00, 0xa0, 0xe1, 0xb8, 0x05, 0x1f, 0xe5,
	0x00, 0x00, 0x90, 0xe5, 0x02, 0x02, 0x80, 0xe0, 0xd4, 0x01, 0x90, 0xe5, 0x08, 0x00, 0xc0, 0xe3,
	0xcc, 0x15, 0x1f, 0xe5, 0x00, 0x10, 0x91, 0xe5, 0x02, 0x12, 0x81, 0xe0, 0xd4, 0x01, 0x81, 0xe5,
	0x00, 0x00, 0xa0, 0xe1, 0x00, 0x00, 0xa0, 0xe1, 0x00, 0x00, 0xa0, 0xe1, 0xe8, 0x05, 0x1f, 0xe5,
	0x00, 0x00, 0x90, 0xe5, 0x02, 0x02, 0x80, 0xe0, 0xd4, 0x01, 0x90, 0xe5, 0x02, 0x00, 0x80, 0xe3,
	0xfc, 0x15, 0x1f, 0xe5, 0x00, 0x10, 0x91, 0xe5, 0x02, 0x12, 0x81, 0xe0, 0xd4, 0x01, 0x81, 0xe5,
	0x95, 0xff, 0xff, 0xea, 0x10, 0x06, 0x1f, 0xe5, 0x00, 0x00, 0x90, 0xe5, 0x8c, 0x01, 0x90, 0xe5,
	0x01, 0x00, 0x80, 0xe3, 0x20, 0x16, 0x1f, 0xe5, 0x00, 0x10, 0x91, 0xe5, 0x8c, 0x01, 0x81, 0xe5,
	0x04, 0xf0, 0x9d, 0xe4, 0xf0, 0x40, 0x2d, 0xe9, 0x00, 0x50, 0xa0, 0xe1, 0x01, 0x60, 0xa0, 0xe1,
	0x02, 0x70, 0xa0, 0xe1, 0x30, 0x46, 0x1f, 0xe5, 0x04, 0x60, 0x84, 0xe5, 0x0c, 0x50, 0x84, 0xe5,
	0x00, 0x00, 0xa0, 0xe3, 0x02, 0x00, 0xc4, 0xe5, 0x01, 0x10, 0xa0, 0xe3, 0x04, 0x00, 0xa0, 0xe1,
	0xe3, 0xfc, 0xff, 0xeb, 0xf0, 0x80, 0xbd, 0xe8, 0x00, 0x10, 0xa0, 0xe1, 0x02, 0x00, 0x51, 0xe3,
	0x09, 0x00, 0x00, 0x0a, 0x81, 0x00, 0x51, 0xe3, 0x24, 0x00, 0x00, 0x1a, 0x00, 0x00, 0xa0, 0xe3,
	0x80, 0x26, 0x1f, 0xe5, 0xb0, 0x00, 0x82, 0xe5, 0x00, 0x00, 0xa0, 0xe3, 0x8c, 0x26, 0x1f, 0xe5,
	0xbe, 0x0a, 0xc2, 0xe1, 0x01, 0x00, 0xa0, 0xe3, 0x0e, 0xf0, 0xa0, 0xe1, 0x00, 0x00, 0xa0, 0xe3,
	0xa0, 0x26, 0x1f, 0xe5, 0x18, 0x01, 0x82, 0xe5, 0x00, 0x00, 0xa0, 0xe3, 0xac, 0x26, 0x1f, 0xe5,
	0x1c, 0x01, 0x82, 0xe5, 0xb4, 0x06, 0x1f, 0xe5, 0x28, 0x01, 0x90, 0xe5, 0x04, 0x00, 0x90, 0xe5,
	0x02, 0x00, 0x80, 0xe2, 0xc4, 0x26, 0x1f, 0xe5, 0x20, 0x01, 0x82, 0xe5, 0xcc, 0x06, 0x1f, 0xe5,
	0x28, 0x01, 0x90, 0xe5, 0x04, 0x00, 0x90, 0xe5, 0xd8, 0x26, 0x1f, 0xe5, 0x2c, 0x01, 0x82, 0xe5,
	0x00, 0x00, 0xa0, 0xe3, 0xe4, 0x26, 0x1f, 0xe5, 0x2c, 0x21, 0x92, 0xe5, 0x80, 0x2d, 0x82, 0xe2,
	0x10, 0x00, 0x82, 0xe5, 0x00, 0x00, 0xa0, 0xe3, 0xf8, 0x26, 0x1f, 0xe5, 0x2c, 0x21, 0x92, 0xe5,
	0x80, 0x2d, 0x82, 0xe2, 0x0c, 0x00, 0x82, 0xe5, 0x01, 0x00, 0xa0, 0xe3, 0xe1, 0xff, 0xff, 0xea,
	0x00, 0x00, 0xa0, 0xe3, 0xdf, 0xff, 0xff, 0xea, 0x30, 0x40, 0x2d, 0xe9, 0x00, 0xc0, 0xa0, 0xe3,
	0x01, 0x10, 0xa0, 0xe3, 0xd4, 0x41, 0x9f, 0xe5, 0xd4, 0x51, 0x9f, 0xe5, 0x00, 0x40, 0x85, 0xe5,
	0xff, 0x40, 0xa0, 0xe3, 0x30, 0x57, 0x1f, 0xe5, 0x00, 0x50, 0x95, 0xe5, 0x84, 0x41, 0x85, 0xe5,
	0xfb, 0x40, 0xa0, 0xe3, 0x40, 0x57, 0x1f, 0xe5, 0x00, 0x50, 0x95, 0xe5, 0x9c, 0x41, 0x85, 0xe5,
	0x04, 0x40, 0xa0, 0xe3, 0x50, 0x57, 0x1f, 0xe5, 0x00, 0x50, 0x95, 0xe5, 0xa4, 0x41, 0x85, 0xe5,
	0x04, 0x40, 0xa0, 0xe3, 0x60, 0x57, 0x1f, 0xe5, 0x00, 0x50, 0x95, 0xe5, 0xb4, 0x41, 0x85, 0xe5,
	0x6c, 0x47, 0x1f, 0xe5, 0x00, 0x40, 0x94, 0xe5, 0x80, 0x41, 0x94, 0xe5, 0x04, 0x20, 0xa0, 0xe1,
	0x40, 0x00, 0x12, 0xe3, 0x0f, 0x00, 0x00, 0x0a, 0x40, 0x40, 0x82, 0xe3, 0x88, 0x57, 0x1f, 0xe5,
	0x00, 0x50, 0x95, 0xe5, 0x80, 0x41, 0x85, 0xe5, 0x94, 0x47, 0x1f, 0xe5, 0x00, 0x40, 0x94, 0xe5,
	0xa0, 0x01, 0x94, 0xe5, 0x04, 0x00, 0x10, 0xe3, 0x06, 0x00, 0x00, 0x0a, 0x04, 0x40, 0x80, 0xe3,
	0xac, 0x57, 0x1f, 0xe5, 0x00, 0x50, 0x95, 0xe5, 0xa0, 0x41, 0x85, 0xe5, 0x01, 0x40, 0xa0, 0xe3,
	0x40, 0x51, 0x9f, 0xe5, 0x00, 0x40, 0xc5, 0xe5, 0x20, 0x00, 0x12, 0xe3, 0x11, 0x00, 0x00, 0x0a,
	0x20, 0x40, 0x82, 0xe3, 0xd0, 0x57, 0x1f, 0xe5, 0x00, 0x50, 0x95, 0xe5, 0x80, 0x41, 0x85, 0xe5,
	0xdc, 0x47, 0x1f, 0xe5, 0x00, 0x40, 0x94, 0xe5, 0x98, 0xe1, 0x94, 0xe5, 0x40, 0x00, 0x1e, 0xe3,
	0x08, 0x00, 0x00, 0x0a, 0xf0, 0x47, 0x1f, 0xe5, 0x00, 0x40, 0x94, 0xe5, 0xb0, 0x41, 0x94, 0xe5,
	0x04, 0x00, 0xa0, 0xe1, 0x04, 0x00, 0x10, 0xe3, 0x02, 0x00, 0x00, 0x0a, 0x01, 0x40, 0xa0, 0xe3,
	0xf0, 0x50, 0x9f, 0xe5, 0x00, 0x40, 0xc5, 0xe5, 0xe8, 0x40, 0x9f, 0xe5, 0x00, 0x40, 0xd4, 0xe5,
	0x01, 0x00, 0x54, 0xe3, 0x22, 0x00, 0x00, 0x1a, 0xd4, 0x40, 0x9f, 0xe5, 0x00, 0x40, 0x94, 0xe5,
	0x04, 0xc0, 0x84, 0xe2, 0x30, 0x48, 0x1f, 0xe5, 0x00, 0x40, 0x94, 0xe5, 0xf8, 0x41, 0x94, 0xe5,
	0x3c, 0x58, 0x1f, 0xe5, 0x00, 0x50, 0x95, 0xe5, 0xfc, 0x51, 0x95, 0xe5, 0x07, 0x50, 0x05, 0xe2,
	0x05, 0x14, 0x84, 0xe1, 0x00, 0x00, 0x51, 0xe3, 0x07, 0x00, 0x00, 0x1a, 0x58, 0x48, 0x1f, 0xe5,
	0x00, 0x40, 0x94, 0xe5, 0xf4, 0x41, 0x94, 0xe5, 0x02, 0x40, 0x84, 0xe3, 0x68, 0x58, 0x1f, 0xe5,
	0x00, 0x50, 0x95, 0xe5, 0xf4, 0x41, 0x85, 0xe5, 0x30, 0x80, 0xbd, 0xe8, 0x00, 0x30, 0xa0, 0xe3,
	0x01, 0x00, 0x53, 0xe1, 0x07, 0x00, 0x00, 0xaa, 0x01, 0x00, 0x00, 0xea, 0x01, 0x30, 0x83, 0xe2,
	0xfa, 0xff, 0xff, 0xea, 0x90, 0x48, 0x1f, 0xe5, 0x00, 0x40, 0x94, 0xe5, 0xf0, 0x41, 0x94, 0xe5,
	0x01, 0x40, 0xcc, 0xe4, 0xf8, 0xff, 0xff, 0xea, 0x54, 0x40, 0x9f, 0xe5, 0x00, 0x40, 0x94, 0xe5,
	0xb2, 0x10, 0xc4, 0xe1, 0xb0, 0x48, 0x1f, 0xe5, 0x00, 0x40, 0x94, 0xe5, 0x48, 0x40, 0x94, 0xe5,
	0x61, 0x40, 0xc4, 0xe3, 0xc0, 0x58, 0x1f, 0xe5, 0x00, 0x50, 0x95, 0xe5, 0x48, 0x40, 0x85, 0xe5,
	0xcc, 0x48, 0x1f, 0xe5, 0x00, 0x40, 0x94, 0xe5, 0xf4, 0x41, 0x94, 0xe5, 0x02, 0x40, 0x84, 0xe3,
	0xdc, 0x58, 0x1f, 0xe5, 0x00, 0x50, 0x95, 0xe5, 0xf4, 0x41, 0x85, 0xe5, 0xe1, 0xff, 0xff, 0xea,
	0xe4, 0x70, 0x01, 0x00, 0xe8, 0x70, 0x01, 0x00, 0xf6, 0x70, 0x01, 0x00, 0xa4, 0x70, 0x01, 0x00,
	0xa8, 0x73, 0x01, 0x00, 0xec, 0x73, 0x01, 0x00, 0xf3, 0x70, 0x01, 0x00, 0xf8, 0x40, 0x2d, 0xe9,
	0x00, 0x50, 0xa0, 0xe1, 0x01, 0x00, 0xd5, 0xe5, 0x0c, 0x00, 0x50, 0xe3, 0x00, 0xf1, 0x8f, 0x90,
	0x91, 0x00, 0x00, 0xea, 0x0b, 0x00, 0x00, 0xea, 0x0b, 0x00, 0x00, 0xea, 0x8e, 0x00, 0x00, 0xea,
	0x24, 0x00, 0x00, 0xea, 0x8c, 0x00, 0x00, 0xea, 0x23, 0x00, 0x00, 0xea, 0x2d, 0x00, 0x00, 0xea,
	0x87, 0x00, 0x00, 0xea, 0x6d, 0x00, 0x00, 0xea, 0x73, 0x00, 0x00, 0xea, 0x7c, 0x00, 0x00, 0xea,
	0x82, 0x00, 0x00, 0xea, 0x83, 0x00, 0x00, 0xea, 0x86, 0x00, 0x00, 0xea, 0x04, 0x00, 0xd5, 0xe5,
	0x03, 0x10, 0xd5, 0xe5, 0x01, 0x74, 0x80, 0xe1, 0x00, 0x00, 0xd5, 0xe5, 0x00, 0x00, 0x50, 0xe3,
	0x04, 0x00, 0x00, 0x0a, 0x01, 0x00, 0x50, 0xe3, 0x03, 0x00, 0x00, 0x0a, 0x02, 0x00, 0x50, 0xe3,
	0x06, 0x00, 0x00, 0x1a, 0x01, 0x00, 0x00, 0xea, 0x06, 0x00, 0x00, 0xea, 0x05, 0x00, 0x00, 0xea,
	0x07, 0x00, 0xa0, 0xe1, 0x33, 0xff, 0xff, 0xeb, 0x00, 0x60, 0xa0, 0xe1, 0x01, 0x00, 0x00, 0xea,
	0x00, 0x60, 0xa0, 0xe3, 0x00, 0x00, 0xa0, 0xe1, 0x00, 0x00, 0x56, 0xe3, 0x02, 0x00, 0x00, 0x0a,
	0x00, 0x00, 0xa0, 0xe3, 0x97, 0xfb, 0xff, 0xeb, 0x01, 0x00, 0x00, 0xea, 0x00, 0x00, 0xa0, 0xe3,
	0xb2, 0xfb, 0xff, 0xeb, 0x6b, 0x00, 0x00, 0xea, 0x6a, 0x00, 0x00, 0xea, 0x00, 0x00, 0xa0, 0xe3,
	0x90, 0xfb, 0xff, 0xeb, 0x00, 0x00, 0xa0, 0xe1, 0xa8, 0xfb, 0xff, 0xeb, 0x20, 0x00, 0x10, 0xe3,
	0x00, 0x00, 0x00, 0x1a, 0xfb, 0xff, 0xff, 0xea, 0x02, 0x10, 0xd5, 0xe5, 0x80, 0x00, 0x81, 0xe3,
	0x9e, 0xfb, 0xff, 0xeb, 0x5f, 0x00, 0x00, 0xea, 0x03, 0x00, 0xd5, 0xe5, 0x01, 0x00, 0x50, 0xe3,
	0x04, 0x00, 0x00, 0x0a, 0x02, 0x00, 0x50, 0xe3, 0x0f, 0x00, 0x00, 0x0a, 0x03, 0x00, 0x50, 0xe3,
	0x36, 0x00, 0x00, 0x1a, 0x19, 0x00, 0x00, 0xea, 0x12, 0x40, 0xa0, 0xe3, 0xb6, 0x00, 0xd5, 0xe1,
	0x04, 0x00, 0x50, 0xe1, 0x00, 0x00, 0x00, 0x2a, 0xb6, 0x40, 0xd5, 0xe1, 0x04, 0x28, 0xa0, 0xe1,
	0x22, 0x28, 0xa0, 0xe1, 0x04, 0x18, 0xa0, 0xe1, 0x21, 0x18, 0xa0, 0xe1, 0x3c, 0x01, 0x9f, 0xe5,
	0xfb, 0xfe, 0xff, 0xeb, 0x00, 0x00, 0xa0, 0xe3, 0xf8, 0x80, 0xbd, 0xe8, 0x86, 0x40, 0xa0, 0xe3,
	0xb6, 0x00, 0xd5, 0xe1, 0x04, 0x00, 0x50, 0xe1, 0x00, 0x00, 0x00, 0x2a, 0xb6, 0x40, 0xd5, 0xe1,
	0x04, 0x28, 0xa0, 0xe1, 0x22, 0x28, 0xa0, 0xe1, 0x04, 0x18, 0xa0, 0xe1, 0x21, 0x18, 0xa0, 0xe1,
	0x0c, 0x01, 0x9f, 0xe5, 0xee, 0xfe, 0xff, 0xeb, 0x00, 0x00, 0xa0, 0xe3, 0xf1, 0xff, 0xff, 0xea,
	0x02, 0x00, 0xd5, 0xe5, 0x00, 0x00, 0x50, 0xe3, 0x04, 0x00, 0x00, 0x0a, 0x02, 0x00, 0x50, 0xe3,
	0x08, 0x00, 0x00, 0x0a, 0x03, 0x00, 0x50, 0xe3, 0x12, 0x00, 0x00, 0x1a, 0x0b, 0x00, 0x00, 0xea,
	0x04, 0x40, 0xa0, 0xe3, 0x04, 0x20, 0xa0, 0xe1, 0x04, 0x10, 0xa0, 0xe1, 0xd4, 0x00, 0x9f, 0xe5,
	0xdf, 0xfe, 0xff, 0xeb, 0x0b, 0x00, 0x00, 0xea, 0x56, 0x40, 0xa0, 0xe3, 0x04, 0x20, 0xa0, 0xe1,
	0x04, 0x10, 0xa0, 0xe1, 0xc0, 0x00, 0x9f, 0xe5, 0xd9, 0xfe, 0xff, 0xeb, 0x05, 0x00, 0x00, 0xea,
	0x10, 0x40, 0xa0, 0xe3, 0x04, 0x20, 0xa0, 0xe1, 0x04, 0x10, 0xa0, 0xe1, 0xac, 0x00, 0x9f, 0xe5,
	0xd3, 0xfe, 0xff, 0xeb, 0x00, 0x00, 0xa0, 0xe1, 0x00, 0x00, 0xa0, 0xe3, 0xd5, 0xff, 0xff, 0xea,
	0x00, 0x00, 0xa0, 0xe3, 0x65, 0xfb, 0xff, 0xeb, 0x00, 0x00, 0xa0, 0xe1, 0x1d, 0x00, 0x00, 0xea,
	0x00, 0x00, 0xa0, 0xe3, 0x00, 0x00, 0xcd, 0xe5, 0x01, 0x20, 0xa0, 0xe3, 0x01, 0x10, 0xa0, 0xe3,
	0x0d, 0x00, 0xa0, 0xe1, 0xc6, 0xfe, 0xff, 0xeb, 0x16, 0x00, 0x00, 0xea, 0x20, 0xfe, 0xff, 0xeb,
	0x00, 0x00, 0xa0, 0xe3, 0x3b, 0xfb, 0xff, 0xeb, 0x03, 0x00, 0xa0, 0xe3, 0x60, 0x10, 0x9f, 0xe5,
	0x00, 0x00, 0xc1, 0xe5, 0x01, 0x00, 0xa0, 0xe3, 0x58, 0x10, 0x9f, 0xe5, 0x00, 0x00, 0xc1, 0xe5,
	0x0c, 0x00, 0x00, 0xea, 0x01, 0x00, 0xa0, 0xe3, 0x00, 0x00, 0xcd, 0xe5, 0x01, 0x20, 0xa0, 0xe3,
	0x01, 0x10, 0xa0, 0xe3, 0x0d, 0x00, 0xa0, 0xe1, 0xb5, 0xfe, 0xff, 0xeb, 0x05, 0x00, 0x00, 0xea,
	0x00, 0x00, 0xa0, 0xe1, 0x00, 0x00, 0xa0, 0xe1, 0x00, 0x00, 0xa0, 0xe1, 0x00, 0x00, 0xa0, 0xe3,
	0x46, 0xfb, 0xff, 0xeb, 0x00, 0x00, 0xa0, 0xe1, 0x00, 0x00, 0xa0, 0xe3, 0xb1, 0xff, 0xff, 0xea,
	0x98, 0x30, 0x40, 0x00, 0xaa, 0x30, 0x40, 0x00, 0x08, 0x70, 0x01, 0x00, 0x0c, 0x70, 0x01, 0x00,
	0x62, 0x70, 0x01, 0x00, 0x3c, 0x73, 0x01, 0x00, 0xe4, 0x70, 0x01, 0x00, 0x8c, 0x01, 0x9f, 0xe5,
	0x00, 0x00, 0x90, 0xe5, 0x07, 0x00, 0xc0, 0xe3, 0x03, 0x00, 0x80, 0xe3, 0x7c, 0x11, 0x9f, 0xe5,
	0x00, 0x00, 0x81, 0xe5, 0x74, 0x01, 0x9f, 0xe5, 0x00, 0x00, 0x90, 0xe5, 0x78, 0x00, 0xc0, 0xe3,
	0x08, 0x00, 0x80, 0xe3, 0x64, 0x11, 0x9f, 0xe5, 0x00, 0x00, 0x81, 0xe5, 0x5c, 0x01, 0x9f, 0xe5,
	0x00, 0x00, 0x90, 0xe5, 0x70, 0x0e, 0xc0, 0xe3, 0x50, 0x11, 0x9f, 0xe5, 0x00, 0x00, 0x81, 0xe5,
	0x48, 0x01, 0x9f, 0xe5, 0x00, 0x00, 0x90, 0xe5, 0x78, 0x0c, 0xc0, 0xe3, 0x60, 0x0d, 0x80, 0xe3,
	0x38, 0x11, 0x9f, 0xe5, 0x00, 0x00, 0x81, 0xe5, 0x30, 0x01, 0x9f, 0xe5, 0x00, 0x00, 0x90, 0xe5,
	0x70, 0x0a, 0xc0, 0xe3, 0x40, 0x0a, 0x80, 0xe3, 0x20, 0x11, 0x9f, 0xe5, 0x00, 0x00, 0x81, 0xe5,
	0x18, 0x01, 0x9f, 0xe5, 0x00, 0x00, 0x90, 0xe5, 0x78, 0x08, 0xc0, 0xe3, 0x80, 0x0a, 0x80, 0xe3,
	0x08, 0x11, 0x9f, 0xe5, 0x00, 0x00, 0x81, 0xe5, 0x00, 0x01, 0x9f, 0xe5, 0x00, 0x00, 0x90, 0xe5,
	0x70, 0x06, 0xc0, 0xe3, 0x40, 0x07, 0x80, 0xe3, 0xf0, 0x10, 0x9f, 0xe5, 0x00, 0x00, 0x81, 0xe5,
	0xe8, 0x00, 0x9f, 0xe5, 0x00, 0x00, 0x90, 0xe5, 0x78, 0x04, 0xc0, 0xe3, 0x40, 0x05, 0x80, 0xe3,
	0xd8, 0x10, 0x9f, 0xe5, 0x00, 0x00, 0x81, 0xe5, 0xd4, 0x00, 0x9f, 0xe5, 0x00, 0x00, 0x90, 0xe5,
	0x40, 0x0d, 0xc0, 0xe3, 0xc8, 0x10, 0x9f, 0xe5, 0x00, 0x00, 0x81, 0xe5, 0xc4, 0x00, 0x9f, 0xe5,
	0x00, 0x00, 0x90, 0xe5, 0xf0, 0x06, 0xc0, 0xe3, 0xb8, 0x10, 0x9f, 0xe5, 0x00, 0x00, 0x81, 0xe5,
	0xb0, 0x00, 0x9f, 0xe5, 0x00, 0x00, 0x90, 0xe5, 0xfc, 0x09, 0xc0, 0xe3, 0xc0, 0x0b, 0x80, 0xe3,
	0xa0, 0x10, 0x9f, 0xe5, 0x00, 0x00, 0x81, 0xe5, 0x98, 0x00, 0x9f, 0xe5, 0x00, 0x00, 0x90, 0xe5,
	0x40, 0x0d, 0x80, 0xe3, 0x8c, 0x10, 0x9f, 0xe5, 0x00, 0x00, 0x81, 0xe5, 0x84, 0x00, 0x9f, 0xe5,
	0x00, 0x00, 0x90, 0xe5, 0x40, 0x0f, 0x80, 0xe3, 0x78, 0x10, 0x9f, 0xe5, 0x00, 0x00, 0x81, 0xe5,
	0x70, 0x00, 0x9f, 0xe5, 0x00, 0x00, 0x90, 0xe5, 0x10, 0x00, 0x80, 0xe3, 0x64, 0x10, 0x9f, 0xe5,
	0x00, 0x00, 0x81, 0xe5, 0x5c, 0x00, 0x9f, 0xe5, 0x00, 0x00, 0x90, 0xe5, 0x01, 0x00, 0x80, 0xe3,
	0x50, 0x10, 0x9f, 0xe5, 0x00, 0x00, 0x81, 0xe5, 0x00, 0x00, 0xa0, 0xe1, 0x48, 0x00, 0x9f, 0xe5,
	0x00, 0x00, 0x90, 0xe5, 0x00, 0x09, 0xb0, 0xe1, 0xfb, 0xff, 0xff, 0x5a, 0x3c, 0x00, 0x9f, 0xe5,
	0x00, 0x00, 0x90, 0xe5, 0xc0, 0x0c, 0xc0, 0xe3, 0x80, 0x0c, 0x80, 0xe3, 0x2c, 0x10, 0x9f, 0xe5,
	0x00, 0x00, 0x81, 0xe5, 0x28, 0x00, 0x9f, 0xe5, 0x00, 0x00, 0x90, 0xe5, 0xc0, 0x07, 0xc0, 0xe3,
	0x40, 0x07, 0x80, 0xe3, 0x18, 0x10, 0x9f, 0xe5, 0x00, 0x00, 0x81, 0xe5, 0x0e, 0xf0, 0xa0, 0xe1,
	0xa4, 0x00, 0x50, 0xf4, 0xcc, 0x00, 0x50, 0xf4, 0xa0, 0x00, 0x50, 0xf4, 0xb0, 0x00, 0x50, 0xf4,
	0xac, 0x00, 0x50, 0xf4, 0xb4, 0x00, 0x50, 0xf4, 0x58, 0x00, 0x9f, 0xe5, 0x74, 0x00, 0x90, 0xe5,
	0x40, 0x05, 0x10, 0xe3, 0x01, 0x00, 0x00, 0x0a, 0x01, 0x00, 0xa0, 0xe3, 0x0e, 0xf0, 0xa0, 0xe1,
	0x00, 0x00, 0xa0, 0xe3, 0xfc, 0xff, 0xff, 0xea, 0x38, 0x00, 0x9f, 0xe5, 0x74, 0x00, 0x90, 0xe5,
	0x80, 0x05, 0x10, 0xe3, 0x01, 0x00, 0x00, 0x0a, 0x01, 0x00, 0xa0, 0xe3, 0x0e, 0xf0, 0xa0, 0xe1,
	0x00, 0x00, 0xa0, 0xe3, 0xfc, 0xff, 0xff, 0xea, 0x18, 0x00, 0x9f, 0xe5, 0x74, 0x00, 0x90, 0xe5,
	0x40, 0x04, 0x10, 0xe3, 0x01, 0x00, 0x00, 0x0a, 0x01, 0x00, 0xa0, 0xe3, 0x0e, 0xf0, 0xa0, 0xe1,
	0x00, 0x00, 0xa0, 0xe3, 0xfc, 0xff, 0xff, 0xea, 0x00, 0x00, 0x40, 0xf4, 0x0e, 0xf0, 0xa0, 0xe1,
	0x0e, 0xf0, 0xa0, 0xe1, 0x00, 0x20, 0xa0, 0xe3, 0x00, 0x40, 0x2d, 0xe9, 0x02, 0x30, 0xa0, 0xe1,
	0x02, 0xc0, 0xa0, 0xe1, 0x02, 0xe0, 0xa0, 0xe1, 0x20, 0x10, 0x51, 0xe2, 0x0c, 0x50, 0xa0, 0x28,
	0x0c, 0x50, 0xa0, 0x28, 0x20, 0x10, 0x51, 0x22, 0xfb, 0xff, 0xff, 0x2a, 0x01, 0x1e, 0xb0, 0xe1,
	0x0c, 0x50, 0xa0, 0x28, 0x0c, 0x00, 0xa0, 0x48, 0x00, 0x40, 0xbd, 0xe8, 0x01, 0x11, 0xb0, 0xe1,
	0x04, 0x20, 0x80, 0x24, 0x0e, 0xf0, 0xa0, 0x01, 0x01, 0x20, 0xc0, 0x44, 0x01, 0x20, 0xc0, 0x44,
	0x40, 0x04, 0x11, 0xe3, 0x01, 0x20, 0xc0, 0x14, 0x0e, 0xf0, 0xa0, 0xe1, 0x4d, 0x00, 0x00, 0xeb,
	0x0d, 0x00, 0x00, 0xeb, 0xb2, 0xf4, 0xff, 0xeb, 0x05, 0x00, 0x00, 0xea, 0x01, 0x40, 0x2d, 0xe9,
	0x42, 0x00, 0x00, 0xeb, 0x01, 0x40, 0xbd, 0xe8, 0x00, 0x00, 0x00, 0xea, 0x00, 0x00, 0xe0, 0xe3,
	0x83, 0x00, 0x00, 0xea, 0x10, 0x40, 0x2d, 0xe9, 0x00, 0x40, 0xa0, 0xe1, 0xff, 0xff, 0xff, 0xeb,
	0x04, 0x00, 0xa0, 0xe1, 0x10, 0x40, 0xbd, 0xe8, 0xf3, 0xff, 0xff, 0xea, 0xf0, 0x40, 0x2d, 0xe9,
	0x0c, 0xd0, 0x4d, 0xe2, 0x01, 0x50, 0xa0, 0xe1, 0x00, 0x40, 0xa0, 0xe1, 0x86, 0x00, 0x00, 0xeb,
	0x00, 0x00, 0xa0, 0xe3, 0x00, 0x40, 0x8d, 0xe5, 0x04, 0x50, 0x8d, 0xe5, 0xff, 0xff, 0xff, 0xeb,
	0x08, 0x00, 0x8d, 0xe5, 0xc8, 0x00, 0x9f, 0xe5, 0x0d, 0x10, 0xa0, 0xe1, 0x00, 0x00, 0x8f, 0xe0,
	0xff, 0xff, 0xff, 0xeb, 0x00, 0x50, 0xa0, 0xe1, 0x01, 0x60, 0xa0, 0xe1, 0x03, 0x00, 0x9d, 0xe8,
	0xff, 0xff, 0xff, 0xeb, 0xff, 0xff, 0xff, 0xeb, 0xff, 0xff, 0xff, 0xeb, 0x00, 0x10, 0xa0, 0xe3,
	0x00, 0x00, 0xa0, 0xe3, 0xff, 0xff, 0xff, 0xeb, 0x00, 0x70, 0xa0, 0xe1, 0x6a, 0x00, 0x00, 0xeb,
	0x00, 0x40, 0xa0, 0xe1, 0x20, 0x70, 0x80, 0xe5, 0x00, 0x00, 0xa0, 0xe3, 0x00, 0x10, 0xa0, 0xe3,
	0xff, 0xff, 0xff, 0xeb, 0x01, 0x10, 0x80, 0xe2, 0x24, 0x10, 0x84, 0xe5, 0x00, 0x10, 0xa0, 0xe3,
	0x00, 0x00, 0xa0, 0xe3, 0xff, 0xff, 0xff, 0xeb, 0x28, 0x00, 0x84, 0xe5, 0x00, 0x00, 0xa0, 0xe3,
	0x00, 0x10, 0xa0, 0xe3, 0xff, 0xff, 0xff, 0xeb, 0x2c, 0x00, 0x84, 0xe5, 0x00, 0x00, 0xa0, 0xe3,
	0x00, 0x10, 0xa0, 0xe3, 0xff, 0xff, 0xff, 0xeb, 0x30, 0x00, 0x84, 0xe5, 0xff, 0xff, 0xff, 0xeb,
	0xff, 0xff, 0xff, 0xeb, 0xff, 0xff, 0xff, 0xeb, 0xff, 0xff, 0xff, 0xeb, 0xff, 0xff, 0xff, 0xeb,
	0xff, 0xff, 0xff, 0xeb, 0xff, 0xff, 0xff, 0xeb, 0xff, 0xff, 0xff, 0xeb, 0x05, 0x00, 0xa0, 0xe1,
	0x06, 0x10, 0xa0, 0xe1, 0x0c, 0xd0, 0x8d, 0xe2, 0xf0, 0x00, 0xbd, 0xe8, 0x04, 0xf0, 0x9d, 0xe4,
	0x08, 0x40, 0x2d, 0xe9, 0xff, 0xff, 0xff, 0xeb, 0xff, 0xff, 0xff, 0xeb, 0xff, 0xff, 0xff, 0xeb,
	0x08, 0x80, 0xbd, 0xe8, 0xc0, 0x00, 0x00, 0x00, 0x0e, 0x50, 0xa0, 0xe1, 0x42, 0x00, 0x00, 0xeb,
	0x05, 0xe0, 0xa0, 0xe1, 0x00, 0x40, 0xa0, 0xe1, 0x0d, 0x10, 0xa0, 0xe1, 0x0a, 0x30, 0xa0, 0xe1,
	0x07, 0x00, 0xc0, 0xe3, 0x60, 0xd0, 0x80, 0xe2, 0x10, 0x40, 0x2d, 0xe9, 0x47, 0xf7, 0xff, 0xeb,
	0x10, 0x40, 0xbd, 0xe8, 0x07, 0xd0, 0xc1, 0xe3, 0x00, 0x60, 0xa0, 0xe3, 0x00, 0x70, 0xa0, 0xe3,
	0x00, 0x80, 0xa0, 0xe3, 0x00, 0xb0, 0xa0, 0xe3, 0x04, 0xc0, 0xa0, 0xe1, 0xc0, 0x09, 0xac, 0xe8,
	0xc0, 0x09, 0xac, 0xe8, 0xc0, 0x09, 0xac, 0xe8, 0xc0, 0x09, 0xac, 0xe8, 0x13, 0x40, 0x2d, 0xe9,
	0x00, 0x00, 0xa0, 0xe3, 0x00, 0x10, 0xa0, 0xe3, 0xff, 0xff, 0xff, 0xeb, 0x40, 0x10, 0x81, 0xe2,
	0x01, 0x20, 0x80, 0xe0, 0x44, 0x2f, 0x82, 0xe2, 0x1c, 0x20, 0x84, 0xe5, 0x18, 0x10, 0x84, 0xe5,
	0x01, 0x00, 0xa0, 0xe3, 0x10, 0x00, 0x84, 0xe5, 0x13, 0x40, 0xbd, 0xe8, 0x14, 0x00, 0x84, 0xe5,
	0x00, 0x10, 0xa0, 0xe1, 0x0e, 0xf0, 0xa0, 0xe1, 0x10, 0x40, 0x2d, 0xe9, 0x03, 0x00, 0x2d, 0xe9,
	0x1d, 0x00, 0x00, 0xeb, 0x00, 0x40, 0xa0, 0xe1, 0x03, 0x00, 0xbd, 0xe8, 0x1c, 0x30, 0x94, 0xe5,
	0x03, 0x30, 0x4d, 0xe0, 0x14, 0x20, 0x94, 0xe5, 0x00, 0x20, 0x81, 0xe5, 0x00, 0xe0, 0x82, 0xe0,
	0x03, 0x00, 0x5e, 0xe1, 0x0a, 0x00, 0x00, 0x8a, 0x0e, 0x30, 0x93, 0xe0, 0x63, 0x30, 0xa0, 0xe1,
	0x07, 0x30, 0xc3, 0xe3, 0x40, 0x1d, 0x8e, 0xe2, 0x07, 0x10, 0x81, 0xe2, 0x07, 0x10, 0xc1, 0xe3,
	0x03, 0x00, 0x51, 0xe1, 0x03, 0x10, 0xa0, 0x81, 0x02, 0x00, 0x41, 0xe0, 0x14, 0x10, 0x84, 0xe5,
	0x10, 0x80, 0xbd, 0xe8, 0x00, 0x20, 0xa0, 0xe1, 0x00, 0x00, 0xa0, 0xe3, 0xff, 0xff, 0xff, 0xeb,
	0x10, 0x80, 0xbd, 0xe8, 0x18, 0x00, 0xa0, 0xe3, 0x08, 0x10, 0x9f, 0xe5, 0x56, 0x34, 0x12, 0xef,
	0x0e, 0xf0, 0xa0, 0xe1, 0x14, 0x00, 0x00, 0x00, 0x26, 0x00, 0x02, 0x00, 0x00, 0x00, 0x9f, 0xe5,
	0x0e, 0xf0, 0xa0, 0xe1, 0xf0, 0x73, 0x01, 0x00, 0x0e, 0xf0, 0xa0, 0xe1, 0x10, 0x40, 0x2d, 0xe9,
	0xf9, 0xff, 0xff, 0xeb, 0x04, 0x00, 0x80, 0xe2, 0x10, 0x80, 0xbd, 0xe8, 0x10, 0x40, 0x2d, 0xe9,
	0xf9, 0xff, 0xff, 0xeb, 0x00, 0x10, 0xa0, 0xe3, 0x00, 0x10, 0x80, 0xe5, 0x10, 0x80, 0xbd, 0xe8,
	0x00, 0x00, 0x00, 0x00, 0x00, 0x00, 0x20, 0xf2, 0x12, 0x01, 0x10, 0x01, 0x00, 0x00, 0x00, 0x20,
	0x8b, 0x05, 0x15, 0x00, 0x00, 0x01, 0x01, 0x02, 0x03, 0x01, 0x09, 0x02, 0x4e, 0x00, 0x03, 0x01,
	0x00, 0x40, 0x32, 0x09, 0x04, 0x00, 0x00, 0x02, 0xff, 0xff, 0xff, 0x00, 0x07, 0x05, 0x81, 0x02,
	0x40, 0x00, 0x00, 0x07, 0x05, 0x02, 0x02, 0x40, 0x00, 0x00, 0x09, 0x04, 0x01, 0x00, 0x02, 0xff,
	0xff, 0xff, 0x00, 0x07, 0x05, 0x81, 0x02, 0x40, 0x00, 0x00, 0x07, 0x05, 0x02, 0x02, 0x40, 0x00,
	0x00, 0x09, 0x04, 0x02, 0x00, 0x02, 0xff, 0xff, 0xff, 0x00, 0x07, 0x05, 0x81, 0x01, 0x00, 0x01,
	0x01, 0x07, 0x05, 0x02, 0x01, 0x00, 0x01, 0x01, 0x00, 0x00, 0x00, 0x00, 0x00, 0x00, 0x00, 0x00,
	0x00, 0x00, 0x00, 0x00, 0x00, 0x00, 0x00, 0x00, 0x00, 0x00, 0x00, 0x00, 0x00, 0x00, 0x00, 0x00,
	0x00, 0x00, 0x00, 0x00, 0x00, 0x00, 0x00, 0x00, 0x00, 0x00, 0x00, 0x00, 0x00, 0x00, 0x00, 0x00,
	0x00, 0x00, 0x00, 0x00, 0x00, 0x00, 0x00, 0x00, 0x00, 0x00, 0x00, 0x00, 0x00, 0x00, 0x00, 0x00,
	0x00, 0x00, 0x00, 0x00, 0x00, 0x00, 0x00, 0x00, 0x00, 0x00, 0x00, 0x00, 0x00, 0x00, 0x00, 0x00,
	0x00, 0x00, 0x00, 0x00, 0x00, 0x00, 0x00, 0x00, 0x00, 0x00, 0x00, 0x00, 0x00, 0x00, 0x00, 0x00,
	0x00, 0x00, 0x00, 0x00, 0x00, 0x00, 0x00, 0x00, 0x00, 0x00, 0x00, 0x00, 0x00, 0x00, 0x00, 0x00,
	0x00, 0x00, 0x00, 0x00, 0x00, 0x00, 0x00, 0x00, 0x00, 0x00, 0x00, 0x00, 0x00, 0x00, 0x00, 0x00,
	0x00, 0x00, 0x00, 0x00, 0x00, 0x00, 0x00, 0x00, 0x00, 0x00, 0x00, 0x00, 0x00, 0x00, 0x00, 0x00,
	0x00, 0x00, 0x00, 0x00, 0x00, 0x00, 0x00, 0x00, 0x00, 0x00, 0x00, 0x00, 0x00, 0x00, 0x00, 0x00,
	0x00, 0x00, 0x00, 0x00, 0x00, 0x00, 0x00, 0x00, 0x00, 0x00, 0x00, 0x00, 0x00, 0x00, 0x00, 0x00,
	0x00, 0x00, 0x00, 0x00, 0x00, 0x00, 0x00, 0x00, 0x00, 0x00, 0x00, 0x00, 0x00, 0x00, 0x00, 0x00,
	0x00, 0x00, 0x00, 0x00, 0x00, 0x00, 0x00, 0x00, 0x00, 0x00, 0x00, 0x00, 0x00, 0x00, 0x00, 0x00,
	0x30, 0x7f, 0x40, 0x00, 0x00, 0x70, 0x01, 0x00, 0xd0, 0x00, 0x00, 0x00, 0x00, 0x80, 0x40, 0x00,
	0x50, 0x74, 0x01, 0x00, 0x00, 0x00, 0x00, 0x00, 0x00, 0x80, 0x40, 0x00, 0xf0, 0x7f, 0x01, 0x00,
	0x00, 0x00, 0x00, 0x00, 0x00, 0x00, 0x00, 0x00, 0x00, 0x00, 0x00, 0x00, 0x00, 0x00, 0x00, 0x00,
	0x00, 0x00, 0x00, 0xf0, 0x00, 0x00, 0x00, 0xf1, 0x00, 0x00, 0x00, 0x00, 0x00, 0x00, 0x00, 0xf0,
	0x00, 0x00, 0x80, 0xf1, 0x00, 0x00, 0x00, 0x00, 0x00, 0x00, 0x00, 0xf0, 0x00, 0x00, 0x20, 0xf2,
	0x00, 0x00, 0x00, 0x00, 0x00, 0x00, 0x00, 0xf0, 0x00, 0x00, 0x40, 0xf4, 0x00, 0x00, 0x00, 0x00,
	0x00, 0x00, 0x00, 0xf0, 0x00, 0x00, 0x50, 0xf4, 0x00, 0x00, 0x00, 0x00, 0x00, 0x00, 0x00, 0xf0,
	0x00, 0x00, 0x90, 0xf4, 0x00, 0x00, 0x00, 0x00, 0x28, 0x02, 0x40, 0x00, 0x00, 0x00, 0x00, 0x00,
	0xcc, 0x03, 0x40, 0x00, 0x00, 0x00, 0x00, 0x00, 0x80, 0x04, 0x40, 0x00, 0x00, 0x00, 0x00, 0x00,
	0xc0, 0x0c, 0x40, 0x00, 0x00, 0x00, 0x00, 0x00, 0xc4, 0x0e, 0x40, 0x00, 0x00, 0x00, 0x00, 0x00,
	0x10, 0x10, 0x40, 0x00, 0x00, 0x00, 0x00, 0x00, 0xa0, 0x32, 0x40, 0x00, 0x00, 0x00, 0x00, 0x00,
	0x00, 0x40, 0x40, 0x00, 0x00, 0x00, 0x00, 0x00, 0x00, 0x50, 0x40, 0x00, 0x00, 0x00, 0x00, 0x00,
	0x00, 0x60, 0x40, 0x00, 0x00, 0x00, 0x00, 0x00, 0x00, 0x70, 0x40, 0x00, 0x00, 0x00, 0x00, 0x00,
	0x30, 0x7f, 0x40, 0x00, 0x00, 0x00, 0x00, 0x00, 0xd0, 0x70, 0x01, 0x00, 0x80, 0x03, 0x00, 0x00,
	0x00, 0x00, 0x00, 0x00, 0x00, 0x00, 0x00, 0x00, 0x00, 0x00, 0x00, 0x00, 0x00, 0x00, 0x00, 0x00,
	0x00, 0x00, 0x00, 0x00, 0x00, 0x00, 0x00, 0x00, 0x00, 0x00, 0x00, 0x00, 0x00, 0x00, 0x00, 0x00,
	0x00, 0x00, 0x00, 0x00, 0x00, 0x00, 0x00, 0x00, 0x00, 0x00, 0x00, 0x00, 0x00, 0x00, 0x00, 0x00,
	0x00, 0x00, 0x00, 0x00, 0x00, 0x00, 0x00, 0x00, 0x00, 0x00, 0x00, 0x00, 0x00, 0x00, 0x00, 0x00,
	0x00, 0x00, 0x00, 0x00, 0x00, 0x00, 0x00, 0x00, 0x00, 0x00, 0x00, 0x00, 0x00, 0x00, 0x00, 0x00,
	0x00, 0x00, 0x00, 0x00, 0x00, 0x00, 0x00, 0x00, 0x00, 0x00, 0x00, 0x00, 0x00, 0x00, 0x00, 0x00,
	0x00, 0x00, 0x00, 0x00, 0x00, 0x00, 0x00, 0x00, 0x00, 0x00, 0x00, 0x00, 0x00, 0x00, 0x00, 0x00,
	0x00, 0x00, 0x00, 0x00, 0x00, 0x00, 0x00, 0x00, 0x00, 0x00, 0x00, 0x00, 0x00, 0x00, 0x00, 0x00,
	0x00, 0x00, 0x00, 0x00, 0x00, 0x00, 0x00, 0x00, 0x00, 0x00, 0x00, 0x00, 0x00, 0x00, 0x00, 0x00,
	0x00, 0x00, 0x00, 0x00, 0x00, 0x00, 0x00, 0x00, 0x00, 0x00, 0x00, 0x00, 0x00, 0x00, 0x00, 0x00,
	0x00, 0x00, 0x00, 0x00, 0x00, 0x00, 0x00, 0x00, 0x00, 0x00, 0x00, 0x00, 0x00, 0x00, 0x00, 0x00,
	0x00, 0x00, 0x00, 0x00, 0x00, 0x00, 0x00, 0x00, 0x00, 0x00, 0x00, 0x00, 0x00, 0x00, 0x00, 0x00,
	0x00, 0x00, 0x00, 0x00, 0x00, 0x00, 0x00, 0x00, 0x00, 0x00, 0x00, 0x00, 0x00, 0x00, 0x00, 0x00,
	0x00, 0x00, 0x00, 0x00, 0x00, 0x00, 0x00, 0x00, 0x00, 0x00, 0x00, 0x00, 0x00, 0x00, 0x00, 0x00,
	0x00, 0x00, 0x00, 0x00, 0x00, 0x00, 0x00, 0x00, 0x00, 0x00, 0x00, 0x00, 0x00, 0x00, 0x00, 0x00,
	0x00, 0x00, 0x00, 0x00, 0x00, 0x00, 0x00, 0x00, 0x00, 0x00, 0x00, 0x00, 0x00, 0x00, 0x00, 0x00,
	0x00, 0x00, 0x00, 0x00, 0x00, 0x00, 0x00, 0x00, 0x00, 0x00, 0x00, 0x00, 0x00, 0x00, 0x00, 0x00,
	0x00, 0x00, 0x00, 0x00, 0x00, 0x00, 0x00, 0x00, 0x00, 0x00, 0x00, 0x00, 0x00, 0x00, 0x00, 0x00,
	0x00, 0x00, 0x00, 0x00, 0x00, 0x00, 0x00, 0x00, 0x00, 0x00, 0x00, 0x00, 0x00, 0x00, 0x00, 0x00,
	0x00, 0x00, 0x00, 0x00, 0x00, 0x00, 0x00, 0x00, 0x00, 0x00, 0x00, 0x00, 0x00, 0x00, 0x00, 0x00,
	0x00, 0x00, 0x00, 0x00, 0x00, 0x00, 0x00, 0x00, 0x00, 0x00, 0x00, 0x00, 0x00, 0x00, 0x00, 0x00,
	0x00, 0x00, 0x00, 0x00, 0x00, 0x00, 0x00, 0x00, 0x00, 0x00, 0x00, 0x00, 0x00, 0x00, 0x00, 0x00,
	0x00, 0x34, 0x00, 0x00, 0xff, 0xff, 0xff, 0xff, 0xff, 0xff, 0xff, 0xff, 0xff, 0xff, 0xff, 0xff,
	0xff, 0xff, 0xff, 0xff, 0xff, 0xff, 0xff, 0xff, 0xff, 0xff, 0xff, 0xff, 0xff, 0xff, 0xff, 0xff,
	0xff, 0xff, 0xff, 0xff, 0xff, 0xff, 0xff, 0xff, 0xff, 0xff, 0xff, 0xff, 0xff, 0xff, 0xff, 0xff,
	0xff, 0xff, 0xff, 0xff, 0xff, 0xff, 0xff, 0xff, 0xff, 0xff, 0xff, 0xff, 0xff, 0xff, 0xff, 0xff,
	0xff, 0xff, 0xff, 0xff, 0xff, 0xff, 0xff, 0xff, 0xff, 0xff, 0xff, 0xff, 0xff, 0xff, 0xff, 0xff,
	0xff, 0xff, 0xff, 0xff, 0xff, 0xff, 0xff, 0xff, 0xff, 0xff, 0xff, 0xff, 0xff, 0xff, 0xff, 0xff,
	0xff, 0xff, 0xff, 0xff, 0xff, 0xff, 0xff, 0xff, 0xff, 0xff, 0xff, 0xff, 0xff, 0xff, 0xff, 0xff,
	0xff, 0xff, 0xff, 0xff, 0xff, 0xff, 0xff, 0xff, 0xff, 0xff, 0xff, 0xff, 0xff, 0xff, 0xff, 0xff,
	0xff, 0xff, 0xff, 0xff, 0xff, 0xff, 0xff, 0xff, 0xff, 0xff, 0xff, 0xff, 0xff, 0xff, 0xff, 0xff,
	0xff, 0xff, 0xff, 0xff, 0xff, 0xff, 0xff, 0xff, 0xff, 0xff, 0xff, 0xff, 0xff, 0xff, 0xff, 0xff,
	0xff, 0xff, 0xff, 0xff, 0xff, 0xff, 0xff, 0xff, 0xff, 0xff, 0xff, 0xff, 0xff, 0xff, 0xff, 0xff,
	0xff, 0xff, 0xff, 0xff, 0xff, 0xff, 0xff, 0xff, 0xff, 0xff, 0xff, 0xff, 0xff, 0xff, 0xff, 0xff,
	0xff, 0xff, 0xff, 0xff, 0xff, 0xff, 0xff, 0xff, 0xff, 0xff, 0xff, 0xff, 0xff, 0xff, 0xff, 0xff,
	0xff, 0xff, 0xff, 0xff, 0xff, 0xff, 0xff, 0xff, 0xff, 0xff, 0xff, 0xff, 0xff, 0xff, 0xff, 0xff,
	0xff, 0xff, 0xff, 0xff, 0xff, 0xff, 0xff, 0xff, 0xff, 0xff, 0xff, 0xff, 0xff, 0xff, 0xff, 0xff,
	0xff, 0xff, 0xff, 0xff, 0xff, 0xff, 0xff, 0xff, 0xff, 0xff, 0xff, 0xff, 0xff, 0xff, 0xff, 0xff,
	0xff, 0xff, 0xff, 0xff, 0xff, 0xff, 0xff, 0xff, 0xff, 0xff, 0xff, 0xff, 0xff, 0xff, 0xff, 0xff,
	0xff, 0xff, 0xff, 0xff, 0xff, 0xff, 0xff, 0xff, 0xff, 0xff, 0xff, 0xff, 0xff, 0xff, 0xff, 0xff,
	0xff, 0xff, 0xff, 0xff, 0xff, 0xff, 0xff, 0xff, 0xff, 0xff, 0xff, 0xff, 0xff, 0xff, 0xff, 0xff,
	0xff, 0xff, 0xff, 0xff, 0xff, 0xff, 0xff, 0xff, 0xff, 0xff, 0xff, 0xff, 0xff, 0xff, 0xff, 0xff,
	0xff, 0xff, 0xff, 0xff, 0xff, 0xff, 0xff, 0xff, 0xff, 0xff, 0xff, 0xff, 0xff, 0xff, 0xff, 0xff,
	0xff, 0xff, 0xff, 0xff, 0xff, 0xff, 0xff, 0xff, 0xff, 0xff, 0xff, 0xff, 0xff, 0xff, 0xff, 0xff,
	0xff, 0xff, 0xff, 0xff, 0xff, 0xff, 0xff, 0xff, 0xff, 0xff, 0xff, 0xff, 0xff, 0xff, 0xff, 0xff,
	0xff, 0xff, 0xff, 0xff, 0xff, 0xff, 0xff, 0xff, 0xff, 0xff, 0xff, 0xff, 0xff, 0xff, 0xff, 0xff,
	0xff, 0xff, 0xff, 0xff, 0xff, 0xff, 0xff, 0xff, 0xff, 0xff, 0xff, 0xff, 0xff, 0xff, 0xff, 0xff,
	0xff, 0xff, 0xff, 0xff, 0xff, 0xff, 0xff, 0xff, 0xff, 0xff, 0xff, 0xff, 0xff, 0xff, 0xff, 0xff,
	0xff, 0xff, 0xff, 0xff, 0xff, 0xff, 0xff, 0xff, 0xff, 0xff, 0xff, 0xff, 0xff, 0xff, 0xff, 0xff,
	0xff, 0xff, 0xff, 0xff, 0xff, 0xff, 0xff, 0xff, 0xff, 0xff, 0xff, 0xff, 0xff, 0xff, 0xff, 0xff,
	0xff, 0xff, 0xff, 0xff, 0xff, 0xff, 0xff, 0xff, 0xff, 0xff, 0xff, 0xff, 0xff, 0xff, 0xff, 0xff,
	0xff, 0xff, 0xff, 0xff, 0xff, 0xff, 0xff, 0xff, 0xff, 0xff, 0xff, 0xff, 0xff, 0xff, 0xff, 0xff,
	0xff, 0xff, 0xff, 0xff, 0xff, 0xff, 0xff, 0xff, 0xff, 0xff, 0xff, 0xff, 0xff, 0xff, 0xff, 0xff,
	0xff, 0xff, 0xff, 0xff, 0xff, 0xff, 0xff, 0xff, 0xff, 0xff, 0xff, 0xff, 0xff, 0xff, 0xff, 0xff,
	0xff, 0xff, 0xff, 0xff, 0xff, 0xff, 0xff, 0xff, 0xff, 0xff, 0xff, 0xff, 0xff, 0xff, 0xff, 0xff,
	0xff, 0xff, 0xff, 0xff, 0xff, 0xff, 0xff, 0xff, 0xff, 0xff, 0xff, 0xff, 0xff, 0xff, 0xff, 0xff,
	0xff, 0xff, 0xff, 0xff, 0xff, 0xff, 0xff, 0xff, 0xff, 0xff, 0xff, 0xff, 0xff, 0xff, 0xff, 0xff,
	0xff, 0xff, 0xff, 0xff, 0xff, 0xff, 0xff, 0xff, 0xff, 0xff, 0xff, 0xff, 0xff, 0xff, 0xff, 0xff,
	0xff, 0xff, 0xff, 0xff, 0xff, 0xff, 0xff, 0xff, 0xff, 0xff, 0xff, 0xff, 0xff, 0xff, 0xff, 0xff,
	0xff, 0xff, 0xff, 0xff, 0xff, 0xff, 0xff, 0xff, 0xff, 0xff, 0xff, 0xff, 0xff, 0xff, 0xff, 0xff,
	0xff, 0xff, 0xff, 0xff, 0xff, 0xff, 0xff, 0xff, 0xff, 0xff, 0xff, 0xff, 0xff, 0xff, 0xff, 0xff,
	0xff, 0xff, 0xff, 0xff, 0xff, 0xff, 0xff, 0xff, 0xff, 0xff, 0xff, 0xff, 0xff, 0xff, 0xff, 0xff,
	0xff, 0xff, 0xff, 0xff, 0xff, 0xff, 0xff, 0xff, 0xff, 0xff, 0xff, 0xff, 0xff, 0xff, 0xff, 0xff,
	0xff, 0xff, 0xff, 0xff, 0xff, 0xff, 0xff, 0xff, 0xff, 0xff, 0xff, 0xff, 0xff, 0xff, 0xff, 0xff,
	0xff, 0xff, 0xff, 0xff, 0xff, 0xff, 0xff, 0xff, 0xff, 0xff, 0xff, 0xff, 0xff, 0xff, 0xff, 0xff,
	0xff, 0xff, 0xff, 0xff, 0xff, 0xff, 0xff, 0xff, 0xff, 0xff, 0xff, 0xff, 0xff, 0xff, 0xff, 0xff,
	0xff, 0xff, 0xff, 0xff, 0xff, 0xff, 0xff, 0xff, 0xff, 0xff, 0xff, 0xff, 0xff, 0xff, 0xff, 0xff,
	0xff, 0xff, 0xff, 0xff, 0xff, 0xff, 0xff, 0xff, 0xff, 0xff, 0xff, 0xff, 0xff, 0xff, 0xff, 0xff,
	0xff, 0xff, 0xff, 0xff, 0xff, 0xff, 0xff, 0xff, 0xff, 0xff, 0xff, 0xff, 0xff, 0xff, 0xff, 0xff,
	0xff, 0xff, 0xff, 0xff, 0xff, 0xff, 0xff, 0xff, 0xff, 0xff, 0xff, 0xff, 0xff, 0xff, 0xff, 0xff,
	0xff, 0xff, 0xff, 0xff, 0xff, 0xff, 0xff, 0xff, 0xff, 0xff, 0xff, 0xff, 0xff, 0xff, 0xff, 0xff,
	0xff, 0xff, 0xff, 0xff, 0xff, 0xff, 0xff, 0xff, 0xff, 0xff, 0xff, 0xff, 0xff, 0xff, 0xff, 0xff,
	0xff, 0xff, 0xff, 0xff, 0xff, 0xff, 0xff, 0xff, 0xff, 0xff, 0xff, 0xff, 0xff, 0xff, 0xff, 0xff,
	0xff, 0xff, 0xff, 0xff, 0xff, 0xff, 0xff, 0xff, 0xff, 0xff, 0xff, 0xff, 0xff, 0xff, 0xff, 0xff,
	0xff, 0xff, 0xff, 0xff, 0xff, 0xff, 0xff, 0xff, 0xff, 0xff, 0xff, 0xff, 0xff, 0xff, 0xff, 0xff,
	0xff, 0xff, 0xff, 0xff, 0xff, 0xff, 0xff, 0xff, 0xff, 0xff, 0xff, 0xff, 0xff, 0xff, 0xff, 0xff,
	0xff, 0xff, 0xff, 0xff, 0xff, 0xff, 0xff, 0xff, 0xff, 0xff, 0xff, 0xff, 0xff, 0xff, 0xff, 0xff,
	0xff, 0xff, 0xff, 0xff, 0xff, 0xff, 0xff, 0xff, 0xff, 0xff, 0xff, 0xff, 0xff, 0xff, 0xff, 0xff,
	0xff, 0xff, 0xff, 0xff, 0xff, 0xff, 0xff, 0xff, 0xff, 0xff, 0xff, 0xff, 0xff, 0xff, 0xff, 0xff,
	0xff, 0xff, 0xff, 0xff, 0xff, 0xff, 0xff, 0xff, 0xff, 0xff, 0xff, 0xff, 0xff, 0xff, 0xff, 0xff,
	0xff, 0xff, 0xff, 0xff, 0xff, 0xff, 0xff, 0xff, 0xff, 0xff, 0xff, 0xff, 0xff, 0xff, 0xff, 0xff,
	0xff, 0xff, 0xff, 0xff, 0xff, 0xff, 0xff, 0xff, 0xff, 0xff, 0xff, 0xff, 0xff, 0xff, 0xff, 0xff,
	0xff, 0xff, 0xff, 0xff, 0xff, 0xff, 0xff, 0xff, 0xff, 0xff, 0xff, 0xff, 0xff, 0xff, 0xff, 0xff,
	0xff, 0xff, 0xff, 0xff, 0xff, 0xff, 0xff, 0xff, 0xff, 0xff, 0xff, 0xff, 0xff, 0xff, 0xff, 0xff,
	0xff, 0xff, 0xff, 0xff, 0xff, 0xff, 0xff, 0xff, 0xff, 0xff, 0xff, 0xff, 0xff, 0xff, 0xff, 0xff,
	0xff, 0xff, 0xff, 0xff, 0xff, 0xff, 0xff, 0xff, 0xff, 0xff, 0xff, 0xff, 0xff, 0xff, 0xff, 0xff,
	0xff, 0xff, 0xff, 0xff, 0xff, 0xff, 0xff, 0xff, 0xff, 0xff, 0xff, 0xff, 0xff, 0xff, 0xff, 0xff,
	0xff, 0xff, 0xff, 0xff, 0xff, 0xff, 0xff, 0xff, 0xff, 0xff, 0xff, 0xff, 0xff, 0xff, 0xff, 0xff,
	0xff, 0xff, 0xff, 0xff, 0xff, 0xff, 0xff, 0xff, 0xff, 0xff, 0xff, 0xff, 0xff, 0xff, 0xff, 0xff,
	0xff, 0xff, 0xff, 0xff, 0xff, 0xff, 0xff, 0xff, 0xff, 0xff, 0xff, 0xff, 0xff, 0xff, 0xff, 0xff,
	0xff, 0xff, 0xff, 0xff, 0xff, 0xff, 0xff, 0xff, 0xff, 0xff, 0xff, 0xff, 0xff, 0xff, 0xff, 0xff,
	0xff, 0xff, 0xff, 0xff, 0xff, 0xff, 0xff, 0xff, 0xff, 0xff, 0xff, 0xff, 0xff, 0xff, 0xff, 0xff,
	0xff, 0xff, 0xff, 0xff, 0xff, 0xff, 0xff, 0xff, 0xff, 0xff, 0xff, 0xff, 0xff, 0xff, 0xff, 0xff,
	0xff, 0xff, 0xff, 0xff, 0xff, 0xff, 0xff, 0xff, 0xff, 0xff, 0xff, 0xff, 0xff, 0xff, 0xff, 0xff,
	0xff, 0xff, 0xff, 0xff, 0xff, 0xff, 0xff, 0xff, 0xff, 0xff, 0xff, 0xff, 0xff, 0xff, 0xff, 0xff,
	0xff, 0xff, 0xff, 0xff, 0xff, 0xff, 0xff, 0xff, 0xff, 0xff, 0xff, 0xff, 0xff, 0xff, 0xff, 0xff,
	0xff, 0xff, 0xff, 0xff, 0xff, 0xff, 0xff, 0xff, 0xff, 0xff, 0xff, 0xff, 0xff, 0xff, 0xff, 0xff,
	0xff, 0xff, 0xff, 0xff, 0xff, 0xff, 0xff, 0xff, 0xff, 0xff, 0xff, 0xff, 0xff, 0xff, 0xff, 0xff,
	0xff, 0xff, 0xff, 0xff, 0xff, 0xff, 0xff, 0xff, 0xff, 0xff, 0xff, 0xff, 0xff, 0xff, 0xff, 0xff,
	0xff, 0xff, 0xff, 0xff, 0xff, 0xff, 0xff, 0xff, 0xff, 0xff, 0xff, 0xff, 0xff, 0xff, 0xff, 0xff,
	0xff, 0xff, 0xff, 0xff, 0xff, 0xff, 0xff, 0xff, 0xff, 0xff, 0xff, 0xff, 0xff, 0xff, 0xff, 0xff,
	0xff, 0xff, 0xff, 0xff, 0xff, 0xff, 0xff, 0xff, 0xff, 0xff, 0xff, 0xff, 0xff, 0xff, 0xff, 0xff,
	0xff, 0xff, 0xff, 0xff, 0xff, 0xff, 0xff, 0xff, 0xff, 0xff, 0xff, 0xff, 0xff, 0xff, 0xff, 0xff,
	0xff, 0xff, 0xff, 0xff, 0xff, 0xff, 0xff, 0xff, 0xff, 0xff, 0xff, 0xff, 0xff, 0xff, 0xff, 0xff,
	0xff, 0xff, 0xff, 0xff, 0xff, 0xff, 0xff, 0xff, 0xff, 0xff, 0xff, 0xff, 0xff, 0xff, 0xff, 0xff,
	0xff, 0xff, 0xff, 0xff, 0xff, 0xff, 0xff, 0xff, 0xff, 0xff, 0xff, 0xff, 0xff, 0xff, 0xff, 0xff,
	0xff, 0xff, 0xff, 0xff, 0xff, 0xff, 0xff, 0xff, 0xff, 0xff, 0xff, 0xff, 0xff, 0xff, 0xff, 0xff,
	0xff, 0xff, 0xff, 0xff, 0xff, 0xff, 0xff, 0xff, 0xff, 0xff, 0xff, 0xff, 0xff, 0xff, 0xff, 0xff,
	0xff, 0xff, 0xff, 0xff, 0xff, 0xff, 0xff, 0xff, 0xff, 0xff, 0xff, 0xff, 0xff, 0xff, 0xff, 0xff,
	0xff, 0xff, 0xff, 0xff, 0xff, 0xff, 0xff, 0xff, 0xff, 0xff, 0xff, 0xff, 0xff, 0xff, 0xff, 0xff,
	0xff, 0xff, 0xff, 0xff, 0xff, 0xff, 0xff, 0xff, 0xff, 0xff, 0xff, 0xff, 0xff, 0xff, 0xff, 0xff,
	0xff, 0xff, 0xff, 0xff, 0xff, 0xff, 0xff, 0xff, 0xff, 0xff, 0xff, 0xff, 0xff, 0xff, 0xff, 0xff,
	0xff, 0xff, 0xff, 0xff, 0xff, 0xff, 0xff, 0xff, 0xff, 0xff, 0xff, 0xff, 0xff, 0xff, 0xff, 0xff,
	0xff, 0xff, 0xff, 0xff, 0xff, 0xff, 0xff, 0xff, 0xff, 0xff, 0xff, 0xff, 0xff, 0xff, 0xff, 0xff,
	0xff, 0xff, 0xff, 0xff, 0xff, 0xff, 0xff, 0xff, 0xff, 0xff, 0xff, 0xff, 0xff, 0xff, 0xff, 0xff,
	0xff, 0xff, 0xff, 0xff, 0xff, 0xff, 0xff, 0xff, 0xff, 0xff, 0xff, 0xff, 0xff, 0xff, 0xff, 0xff,
	0xff, 0xff, 0xff, 0xff, 0xff, 0xff, 0xff, 0xff, 0xff, 0xff, 0xff, 0xff, 0xff, 0xff, 0xff, 0xff,
	0xff, 0xff, 0xff, 0xff, 0xff, 0xff, 0xff, 0xff, 0xff, 0xff, 0xff, 0xff, 0xff, 0xff, 0xff, 0xff,
	0xff, 0xff, 0xff, 0xff, 0xff, 0xff, 0xff, 0xff, 0xff, 0xff, 0xff, 0xff, 0xff, 0xff, 0xff, 0xff,
	0xff, 0xff, 0xff, 0xff, 0xff, 0xff, 0xff, 0xff, 0xff, 0xff, 0xff, 0xff, 0xff, 0xff, 0xff, 0xff,
	0xff, 0xff, 0xff, 0xff, 0xff, 0xff, 0xff, 0xff, 0xff, 0xff, 0xff, 0xff, 0xff, 0xff, 0xff, 0xff,
	0xff, 0xff, 0xff, 0xff, 0xff, 0xff, 0xff, 0xff, 0xff, 0xff, 0xff, 0xff, 0xff, 0xff, 0xff, 0xff,
	0xff, 0xff, 0xff, 0xff, 0xff, 0xff, 0xff, 0xff, 0xff, 0xff, 0xff, 0xff, 0xff, 0xff, 0xff, 0xff,
	0xff, 0xff, 0xff, 0xff, 0xff, 0xff, 0xff, 0xff, 0xff, 0xff, 0xff, 0xff, 0xff, 0xff, 0xff, 0xff,
	0xff, 0xff, 0xff, 0xff, 0xff, 0xff, 0xff, 0xff, 0xff, 0xff, 0xff, 0xff, 0xff, 0xff, 0xff, 0xff,
	0xff, 0xff, 0xff, 0xff, 0xff, 0xff, 0xff, 0xff, 0xff, 0xff, 0xff, 0xff, 0xff, 0xff, 0xff, 0xff,
	0xff, 0xff, 0xff, 0xff, 0xff, 0xff, 0xff, 0xff, 0xff, 0xff, 0xff, 0xff, 0xff, 0xff, 0xff, 0xff,
	0xff, 0xff, 0xff, 0xff, 0xff, 0xff, 0xff, 0xff, 0xff, 0xff, 0xff, 0xff, 0xff, 0xff, 0xff, 0xff,
	0xff, 0xff, 0xff, 0xff, 0xff, 0xff, 0xff, 0xff, 0xff, 0xff, 0xff, 0xff, 0xff, 0xff, 0xff, 0xff,
	0xff, 0xff, 0xff, 0xff, 0xff, 0xff, 0xff, 0xff, 0xff, 0xff, 0xff, 0xff, 0xff, 0xff, 0xff, 0xff,
	0xff, 0xff, 0xff, 0xff, 0xff, 0xff, 0xff, 0xff, 0xff, 0xff, 0xff, 0xff, 0xff, 0xff, 0xff, 0xff,
	0xff, 0xff, 0xff, 0xff, 0xff, 0xff, 0xff, 0xff, 0xff, 0xff, 0xff, 0xff, 0xff, 0xff, 0xff, 0xff,
	0xff, 0xff, 0xff, 0xff, 0xff, 0xff, 0xff, 0xff, 0xff, 0xff, 0xff, 0xff, 0xff, 0xff, 0xff, 0xff,
	0xff, 0xff, 0xff, 0xff, 0xff, 0xff, 0xff, 0xff, 0xff, 0xff, 0xff, 0xff, 0xff, 0xff, 0xff, 0xff,
	0xff, 0xff, 0xff, 0xff, 0xff, 0xff, 0xff, 0xff, 0xff, 0xff, 0xff, 0xff, 0xff, 0xff, 0xff, 0xff,
	0xff, 0xff, 0xff, 0xff, 0xff, 0xff, 0xff, 0xff, 0xff, 0xff, 0xff, 0xff, 0xff, 0xff, 0xff, 0xff,
	0xff, 0xff, 0xff, 0xff, 0xff, 0xff, 0xff, 0xff, 0xff, 0xff, 0xff, 0xff, 0xff, 0xff, 0xff, 0xff,
	0xff, 0xff, 0xff, 0xff, 0xff, 0xff, 0xff, 0xff, 0xff, 0xff, 0xff, 0xff, 0xff, 0xff, 0xff, 0xff,
	0xff, 0xff, 0xff, 0xff, 0xff, 0xff, 0xff, 0xff, 0xff, 0xff, 0xff, 0xff, 0xff, 0xff, 0xff, 0xff,
	0xff, 0xff, 0xff, 0xff, 0xff, 0xff, 0xff, 0xff, 0xff, 0xff, 0xff, 0xff, 0xff, 0xff, 0xff, 0xff,
	0xff, 0xff, 0xff, 0xff, 0xff, 0xff, 0xff, 0xff, 0xff, 0xff, 0xff, 0xff, 0xff, 0xff, 0xff, 0xff,
	0xff, 0xff, 0xff, 0xff, 0xff, 0xff, 0xff, 0xff, 0xff, 0xff, 0xff, 0xff, 0xff, 0xff, 0xff, 0xff,
	0xff, 0xff, 0xff, 0xff, 0xff, 0xff, 0xff, 0xff, 0xff, 0xff, 0xff, 0xff, 0xff, 0xff, 0xff, 0xff,
	0xff, 0xff, 0xff, 0xff, 0xff, 0xff, 0xff, 0xff, 0xff, 0xff, 0xff, 0xff, 0xff, 0xff, 0xff, 0xff,
	0xff, 0xff, 0xff, 0xff, 0xff, 0xff, 0xff, 0xff, 0xff, 0xff, 0xff, 0xff, 0xff, 0xff, 0xff, 0xff,
	0xff, 0xff, 0xff, 0xff, 0xff, 0xff, 0xff, 0xff, 0xff, 0xff, 0xff, 0xff, 0xff, 0xff, 0xff, 0xff,
	0xff, 0xff, 0xff, 0xff, 0xff, 0xff, 0xff, 0xff, 0xff, 0xff, 0xff, 0xff, 0xff, 0xff, 0xff, 0xff,
	0xff, 0xff, 0xff, 0xff, 0xff, 0xff, 0xff, 0xff, 0xff, 0xff, 0xff, 0xff, 0xff, 0xff, 0xff, 0xff,
	0xff, 0xff, 0xff, 0xff, 0xff, 0xff, 0xff, 0xff, 0xff, 0xff, 0xff, 0xff, 0xff, 0xff, 0xff, 0xff,
	0xff, 0xff, 0xff, 0xff, 0xff, 0xff, 0xff, 0xff, 0xff, 0xff, 0xff, 0xff, 0xff, 0xff, 0xff, 0xff,
	0xff, 0xff, 0xff, 0xff, 0xff, 0xff, 0xff, 0xff, 0xff, 0xff, 0xff, 0xff, 0xff, 0xff, 0xff, 0xff,
	0xff, 0xff, 0xff, 0xff, 0xff, 0xff, 0xff, 0xff, 0xff, 0xff, 0xff, 0xff, 0xff, 0xff, 0xff, 0xff,
	0xff, 0xff, 0xff, 0xff, 0xff, 0xff, 0xff, 0xff, 0xff, 0xff, 0xff, 0xff, 0xff, 0xff, 0xff, 0xff,
	0xff, 0xff, 0xff, 0xff, 0xff, 0xff, 0xff, 0xff, 0xff, 0xff, 0xff, 0xff, 0xff, 0xff, 0xff, 0xff,
	0xff, 0xff, 0xff, 0xff, 0xff, 0xff, 0xff, 0xff, 0xff, 0xff, 0xff, 0xff, 0xff, 0xff, 0xff, 0xff,
	0xff, 0xff, 0xff, 0xff, 0xff, 0xff, 0xff, 0xff, 0xff, 0xff, 0xff, 0xff, 0xff, 0xff, 0xff, 0xff,
	0xff, 0xff, 0xff, 0xff, 0xff, 0xff, 0xff, 0xff, 0xff, 0xff, 0xff, 0xff, 0xff, 0xff, 0xff, 0xff,
	0xff, 0xff, 0xff, 0xff, 0xff, 0xff, 0xff, 0xff, 0xff, 0xff, 0xff, 0xff, 0xff, 0xff, 0xff, 0xff,
	0xff, 0xff, 0xff, 0xff, 0xff, 0xff, 0xff, 0xff, 0xff, 0xff, 0xff, 0xff, 0xff, 0xff, 0xff, 0xff,
	0xff, 0xff, 0xff, 0xff, 0xff, 0xff, 0xff, 0xff, 0xff, 0xff, 0xff, 0xff, 0xff, 0xff, 0xff, 0xff,
	0xff, 0xff, 0xff, 0xff, 0xff, 0xff, 0xff, 0xff, 0xff, 0xff, 0xff, 0xff, 0xff, 0xff, 0xff, 0xff,
	0xff, 0xff, 0xff, 0xff, 0xff, 0xff, 0xff, 0xff, 0xff, 0xff, 0xff, 0xff, 0xff, 0xff, 0xff, 0xff,
	0xff, 0xff, 0xff, 0xff, 0xff, 0xff, 0xff, 0xff, 0xff, 0xff, 0xff, 0xff, 0xff, 0xff, 0xff, 0xff,
	0xff, 0xff, 0xff, 0xff, 0xff, 0xff, 0xff, 0xff, 0xff, 0xff, 0xff, 0xff, 0xff, 0xff, 0xff, 0xff,
	0xff, 0xff, 0xff, 0xff, 0xff, 0xff, 0xff, 0xff, 0xff, 0xff, 0xff, 0xff, 0xff, 0xff, 0xff, 0xff,
	0xff, 0xff, 0xff, 0xff, 0xff, 0xff, 0xff, 0xff, 0xff, 0xff, 0xff, 0xff, 0xff, 0xff, 0xff, 0xff,
	0xff, 0xff, 0xff, 0xff, 0xff, 0xff, 0xff, 0xff, 0xff, 0xff, 0xff, 0xff, 0xff, 0xff, 0xff, 0xff,
	0xff, 0xff, 0xff, 0xff, 0xff, 0xff, 0xff, 0xff, 0xff, 0xff, 0xff, 0xff, 0xff, 0xff, 0xff, 0xff,
	0xff, 0xff, 0xff, 0xff, 0xff, 0xff, 0xff, 0xff, 0xff, 0xff, 0xff, 0xff, 0xff, 0xff, 0xff, 0xff,
	0xff, 0xff, 0xff, 0xff, 0xff, 0xff, 0xff, 0xff, 0xff, 0xff, 0xff, 0xff, 0xff, 0xff, 0xff, 0xff,
	0xff, 0xff, 0xff, 0xff, 0xff, 0xff, 0xff, 0xff, 0xff, 0xff, 0xff, 0xff, 0xff, 0xff, 0xff, 0xff,
	0xff, 0xff, 0xff, 0xff, 0xff, 0xff, 0xff, 0xff, 0xff, 0xff, 0xff, 0xff, 0xff, 0xff, 0xff, 0xff,
	0xff, 0xff, 0xff, 0xff, 0xff, 0xff, 0xff, 0xff, 0xff, 0xff, 0xff, 0xff, 0xff, 0xff, 0xff, 0xff,
	0xff, 0xff, 0xff, 0xff, 0xff, 0xff, 0xff, 0xff, 0xff, 0xff, 0xff, 0xff, 0xff, 0xff, 0xff, 0xff,
	0xff, 0xff, 0xff, 0xff, 0xff, 0xff, 0xff, 0xff, 0xff, 0xff, 0xff, 0xff, 0xff, 0xff, 0xff, 0xff,
	0xff, 0xff, 0xff, 0xff, 0xff, 0xff, 0xff, 0xff, 0xff, 0xff, 0xff, 0xff, 0xff, 0xff, 0xff, 0xff,
	0xff, 0xff, 0xff, 0xff, 0xff, 0xff, 0xff, 0xff, 0xff, 0xff, 0xff, 0xff, 0xff, 0xff, 0xff, 0xff,
	0xff, 0xff, 0xff, 0xff, 0xff, 0xff, 0xff, 0xff, 0xff, 0xff, 0xff, 0xff, 0xff, 0xff, 0xff, 0xff,
	0xff, 0xff, 0xff, 0xff, 0xff, 0xff, 0xff, 0xff, 0xff, 0xff, 0xff, 0xff, 0xff, 0xff, 0xff, 0xff,
	0xff, 0xff, 0xff, 0xff, 0xff, 0xff, 0xff, 0xff, 0xff, 0xff, 0xff, 0xff, 0xff, 0xff, 0xff, 0xff,
	0xff, 0xff, 0xff, 0xff, 0xff, 0xff, 0xff, 0xff, 0xff, 0xff, 0xff, 0xff, 0xff, 0xff, 0xff, 0xff,
	0xff, 0xff, 0xff, 0xff, 0xff, 0xff, 0xff, 0xff, 0xff, 0xff, 0xff, 0xff, 0xff, 0xff, 0xff, 0xff,
	0xff, 0xff, 0xff, 0xff, 0xff, 0xff, 0xff, 0xff, 0xff, 0xff, 0xff, 0xff, 0xff, 0xff, 0xff, 0xff,
	0xff, 0xff, 0xff, 0xff, 0xff, 0xff, 0xff, 0xff, 0xff, 0xff, 0xff, 0xff, 0xff, 0xff, 0xff, 0xff,
	0xff, 0xff, 0xff, 0xff, 0xff, 0xff, 0xff, 0xff, 0xff, 0xff, 0xff, 0xff, 0xff, 0xff, 0xff, 0xff,
	0xff, 0xff, 0xff, 0xff, 0xff, 0xff, 0xff, 0xff, 0xff, 0xff, 0xff, 0xff, 0xff, 0xff, 0xff, 0xff,
	0xff, 0xff, 0xff, 0xff, 0xff, 0xff, 0xff, 0xff, 0xff, 0xff, 0xff, 0xff, 0xff, 0xff, 0xff, 0xff,
	0xff, 0xff, 0xff, 0xff, 0xff, 0xff, 0xff, 0xff, 0xff, 0xff, 0xff, 0xff, 0xff, 0xff, 0xff, 0xff,
	0xff, 0xff, 0xff, 0xff, 0xff, 0xff, 0xff, 0xff, 0xff, 0xff, 0xff, 0xff, 0xff, 0xff, 0xff, 0xff,
	0xff, 0xff, 0xff, 0xff, 0xff, 0xff, 0xff, 0xff, 0xff, 0xff, 0xff, 0xff, 0xff, 0xff, 0xff, 0xff,
	0xff, 0xff, 0xff, 0xff, 0xff, 0xff, 0xff, 0xff, 0xff, 0xff, 0xff, 0xff, 0xff, 0xff, 0xff, 0xff,
	0xff, 0xff, 0xff, 0xff, 0xff, 0xff, 0xff, 0xff, 0xff, 0xff, 0xff, 0xff, 0xff, 0xff, 0xff, 0xff,
	0xff, 0xff, 0xff, 0xff, 0xff, 0xff, 0xff, 0xff, 0xff, 0xff, 0xff, 0xff, 0xff, 0xff, 0xff, 0xff,
	0xff, 0xff, 0xff, 0xff, 0xff, 0xff, 0xff, 0xff, 0xff, 0xff, 0xff, 0xff, 0xff, 0xff, 0xff, 0xff,
	0xff, 0xff, 0xff, 0xff, 0xff, 0xff, 0xff, 0xff, 0xff, 0xff, 0xff, 0xff, 0xff, 0xff, 0xff, 0xff,
	0xff, 0xff, 0xff, 0xff, 0xff, 0xff, 0xff, 0xff, 0xff, 0xff, 0xff, 0xff, 0xff, 0xff, 0xff, 0xff,
	0xff, 0xff, 0xff, 0xff, 0xff, 0xff, 0xff, 0xff, 0xff, 0xff, 0xff, 0xff, 0xff, 0xff, 0xff, 0xff,
	0xff, 0xff, 0xff, 0xff, 0xff, 0xff, 0xff, 0xff, 0xff, 0xff, 0xff, 0xff, 0xff, 0xff, 0xff, 0xff,
	0xff, 0xff, 0xff, 0xff, 0xff, 0xff, 0xff, 0xff, 0xff, 0xff, 0xff, 0xff, 0xff, 0xff, 0xff, 0xff,
	0xff, 0xff, 0xff, 0xff, 0xff, 0xff, 0xff, 0xff, 0xff, 0xff, 0xff, 0xff, 0xff, 0xff, 0xff, 0xff,
	0xff, 0xff, 0xff, 0xff, 0xff, 0xff, 0xff, 0xff, 0xff, 0xff, 0xff, 0xff, 0xff, 0xff, 0xff, 0xff,
	0xff, 0xff, 0xff, 0xff, 0xff, 0xff, 0xff, 0xff, 0xff, 0xff, 0xff, 0xff, 0xff, 0xff, 0xff, 0xff,
	0xff, 0xff, 0xff, 0xff, 0xff, 0xff, 0xff, 0xff, 0xff, 0xff, 0xff, 0xff, 0xff, 0xff, 0xff, 0xff,
	0xff, 0xff, 0xff, 0xff, 0xff, 0xff, 0xff, 0xff, 0xff, 0xff, 0xff, 0xff, 0xff, 0xff, 0xff, 0xff,
	0xff, 0xff, 0xff, 0xff, 0xff, 0xff, 0xff, 0xff, 0xff, 0xff, 0xff, 0xff, 0xff, 0xff, 0xff, 0xff,
	0xff, 0xff, 0xff, 0xff, 0xff, 0xff, 0xff, 0xff, 0xff, 0xff, 0xff, 0xff, 0xff, 0xff, 0xff, 0xff,
	0xff, 0xff, 0xff, 0xff, 0xff, 0xff, 0xff, 0xff, 0xff, 0xff, 0xff, 0xff, 0xff, 0xff, 0xff, 0xff,
	0xff, 0xff, 0xff, 0xff, 0xff, 0xff, 0xff, 0xff, 0xff, 0xff, 0xff, 0xff, 0xff, 0xff, 0xff, 0xff,
	0xff, 0xff, 0xff, 0xff, 0xff, 0xff, 0xff, 0xff, 0xff, 0xff, 0xff, 0xff, 0xff, 0xff, 0xff, 0xff,
	0xff, 0xff, 0xff, 0xff, 0xff, 0xff, 0xff, 0xff, 0xff, 0xff, 0xff, 0xff, 0xff, 0xff, 0xff, 0xff,
	0xff, 0xff, 0xff, 0xff, 0xff, 0xff, 0xff, 0xff, 0xff, 0xff, 0xff, 0xff, 0xff, 0xff, 0xff, 0xff,
	0xff, 0xff, 0xff, 0xff, 0xff, 0xff, 0xff, 0xff, 0xff, 0xff, 0xff, 0xff, 0xff, 0xff, 0xff, 0xff,
	0xff, 0xff, 0xff, 0xff, 0xff, 0xff, 0xff, 0xff, 0xff, 0xff, 0xff, 0xff, 0xff, 0xff, 0xff, 0xff,
	0xff, 0xff, 0xff, 0xff, 0xff, 0xff, 0xff, 0xff, 0xff, 0xff, 0xff, 0xff, 0xff, 0xff, 0xff, 0xff,
	0x00, 0x40, 0x00, 0x00, 0xff, 0xff, 0xff, 0xff, 0xff, 0xff, 0xff, 0xff, 0xff, 0xff, 0xff, 0xff,
	0xff, 0xff, 0xff, 0xff, 0xff, 0xff, 0xff, 0xff, 0xff, 0xff, 0xff, 0xff, 0xff, 0xff, 0xff, 0xff,
	0xff, 0xff, 0xff, 0xff, 0xff, 0xff, 0xff, 0xff, 0xff, 0xff, 0xff, 0xff, 0xff, 0xff, 0xff, 0xff,
	0xff, 0xff, 0xff, 0xff, 0xff, 0xff, 0xff, 0xff, 0xff, 0xff, 0xff, 0xff, 0xff, 0xff, 0xff, 0xff,
	0xff, 0xff, 0xff, 0xff, 0xff, 0xff, 0xff, 0xff, 0xff, 0xff, 0xff, 0xff, 0xff, 0xff, 0xff, 0xff,
	0xff, 0xff, 0xff, 0xff, 0xff, 0xff, 0xff, 0xff, 0xff, 0xff, 0xff, 0xff, 0xff, 0xff, 0xff, 0xff,
	0xff, 0xff, 0xff, 0xff, 0xff, 0xff, 0xff, 0xff, 0xff, 0xff, 0xff, 0xff, 0xff, 0xff, 0xff, 0xff,
	0xff, 0xff, 0xff, 0xff, 0xff, 0xff, 0xff, 0xff, 0xff, 0xff, 0xff, 0xff, 0xff, 0xff, 0xff, 0xff,
	0xff, 0xff, 0xff, 0xff, 0xff, 0xff, 0xff, 0xff, 0xff, 0xff, 0xff, 0xff, 0xff, 0xff, 0xff, 0xff,
	0xff, 0xff, 0xff, 0xff, 0xff, 0xff, 0xff, 0xff, 0xff, 0xff, 0xff, 0xff, 0xff, 0xff, 0xff, 0xff,
	0xff, 0xff, 0xff, 0xff, 0xff, 0xff, 0xff, 0xff, 0xff, 0xff, 0xff, 0xff, 0xff, 0xff, 0xff, 0xff,
	0xff, 0xff, 0xff, 0xff, 0xff, 0xff, 0xff, 0xff, 0xff, 0xff, 0xff, 0xff, 0xff, 0xff, 0xff, 0xff,
	0xff, 0xff, 0xff, 0xff, 0xff, 0xff, 0xff, 0xff, 0xff, 0xff, 0xff, 0xff, 0xff, 0xff, 0xff, 0xff,
	0xff, 0xff, 0xff, 0xff, 0xff, 0xff, 0xff, 0xff, 0xff, 0xff, 0xff, 0xff, 0xff, 0xff, 0xff, 0xff,
	0xff, 0xff, 0xff, 0xff, 0xff, 0xff, 0xff, 0xff, 0xff, 0xff, 0xff, 0xff, 0xff, 0xff, 0xff, 0xff,
	0xff, 0xff, 0xff, 0xff, 0xff, 0xff, 0xff, 0xff, 0xff, 0xff, 0xff, 0xff, 0xff, 0xff, 0xff, 0xff,
	0xff, 0xff, 0xff, 0xff, 0xff, 0xff, 0xff, 0xff, 0xff, 0xff, 0xff, 0xff, 0xff, 0xff, 0xff, 0xff,
	0xff, 0xff, 0xff, 0xff, 0xff, 0xff, 0xff, 0xff, 0xff, 0xff, 0xff, 0xff, 0xff, 0xff, 0xff, 0xff,
	0xff, 0xff, 0xff, 0xff, 0xff, 0xff, 0xff, 0xff, 0xff, 0xff, 0xff, 0xff, 0xff, 0xff, 0xff, 0xff,
	0xff, 0xff, 0xff, 0xff, 0xff, 0xff, 0xff, 0xff, 0xff, 0xff, 0xff, 0xff, 0xff, 0xff, 0xff, 0xff,
	0xff, 0xff, 0xff, 0xff, 0xff, 0xff, 0xff, 0xff, 0xff, 0xff, 0xff, 0xff, 0xff, 0xff, 0xff, 0xff,
	0xff, 0xff, 0xff, 0xff, 0xff, 0xff, 0xff, 0xff, 0xff, 0xff, 0xff, 0xff, 0xff, 0xff, 0xff, 0xff,
	0xff, 0xff, 0xff, 0xff, 0xff, 0xff, 0xff, 0xff, 0xff, 0xff, 0xff, 0xff, 0xff, 0xff, 0xff, 0xff,
	0xff, 0xff, 0xff, 0xff, 0xff, 0xff, 0xff, 0xff, 0xff, 0xff, 0xff, 0xff, 0xff, 0xff, 0xff, 0xff,
	0xff, 0xff, 0xff, 0xff, 0xff, 0xff, 0xff, 0xff, 0xff, 0xff, 0xff, 0xff, 0xff, 0xff, 0xff, 0xff,
	0xff, 0xff, 0xff, 0xff, 0xff, 0xff, 0xff, 0xff, 0xff, 0xff, 0xff, 0xff, 0xff, 0xff, 0xff, 0xff,
	0xff, 0xff, 0xff, 0xff, 0xff, 0xff, 0xff, 0xff, 0xff, 0xff, 0xff, 0xff, 0xff, 0xff, 0xff, 0xff,
	0xff, 0xff, 0xff, 0xff, 0xff, 0xff, 0xff, 0xff, 0xff, 0xff, 0xff, 0xff, 0xff, 0xff, 0xff, 0xff,
	0xff, 0xff, 0xff, 0xff, 0xff, 0xff, 0xff, 0xff, 0xff, 0xff, 0xff, 0xff, 0xff, 0xff, 0xff, 0xff,
	0xff, 0xff, 0xff, 0xff, 0xff, 0xff, 0xff, 0xff, 0xff, 0xff, 0xff, 0xff, 0xff, 0xff, 0xff, 0xff,
	0xff, 0xff, 0xff, 0xff, 0xff, 0xff, 0xff, 0xff, 0xff, 0xff, 0xff, 0xff, 0xff, 0xff, 0xff, 0xff,
	0xff, 0xff, 0xff, 0xff, 0xff, 0xff, 0xff, 0xff, 0xff, 0xff, 0xff, 0xff, 0xff, 0xff, 0xff, 0xff,
	0xff, 0xff, 0xff, 0xff, 0xff, 0xff, 0xff, 0xff, 0xff, 0xff, 0xff, 0xff, 0xff, 0xff, 0xff, 0xff,
	0xff, 0xff, 0xff, 0xff, 0xff, 0xff, 0xff, 0xff, 0xff, 0xff, 0xff, 0xff, 0xff, 0xff, 0xff, 0xff,
	0xff, 0xff, 0xff, 0xff, 0xff, 0xff, 0xff, 0xff, 0xff, 0xff, 0xff, 0xff, 0xff, 0xff, 0xff, 0xff,
	0xff, 0xff, 0xff, 0xff, 0xff, 0xff, 0xff, 0xff, 0xff, 0xff, 0xff, 0xff, 0xff, 0xff, 0xff, 0xff,
	0xff, 0xff, 0xff, 0xff, 0xff, 0xff, 0xff, 0xff, 0xff, 0xff, 0xff, 0xff, 0xff, 0xff, 0xff, 0xff,
	0xff, 0xff, 0xff, 0xff, 0xff, 0xff, 0xff, 0xff, 0xff, 0xff, 0xff, 0xff, 0xff, 0xff, 0xff, 0xff,
	0xff, 0xff, 0xff, 0xff, 0xff, 0xff, 0xff, 0xff, 0xff, 0xff, 0xff, 0xff, 0xff, 0xff, 0xff, 0xff,
	0xff, 0xff, 0xff, 0xff, 0xff, 0xff, 0xff, 0xff, 0xff, 0xff, 0xff, 0xff, 0xff, 0xff, 0xff, 0xff,
	0xff, 0xff, 0xff, 0xff, 0xff, 0xff, 0xff, 0xff, 0xff, 0xff, 0xff, 0xff, 0xff, 0xff, 0xff, 0xff,
	0xff, 0xff, 0xff, 0xff, 0xff, 0xff, 0xff, 0xff, 0xff, 0xff, 0xff, 0xff, 0xff, 0xff, 0xff, 0xff,
	0xff, 0xff, 0xff, 0xff, 0xff, 0xff, 0xff, 0xff, 0xff, 0xff, 0xff, 0xff, 0xff, 0xff, 0xff, 0xff,
	0xff, 0xff, 0xff, 0xff, 0xff, 0xff, 0xff, 0xff, 0xff, 0xff, 0xff, 0xff, 0xff, 0xff, 0xff, 0xff,
	0xff, 0xff, 0xff, 0xff, 0xff, 0xff, 0xff, 0xff, 0xff, 0xff, 0xff, 0xff, 0xff, 0xff, 0xff, 0xff,
	0xff, 0xff, 0xff, 0xff, 0xff, 0xff, 0xff, 0xff, 0xff, 0xff, 0xff, 0xff, 0xff, 0xff, 0xff, 0xff,
	0xff, 0xff, 0xff, 0xff, 0xff, 0xff, 0xff, 0xff, 0xff, 0xff, 0xff, 0xff, 0xff, 0xff, 0xff, 0xff,
	0xff, 0xff, 0xff, 0xff, 0xff, 0xff, 0xff, 0xff, 0xff, 0xff, 0xff, 0xff, 0xff, 0xff, 0xff, 0xff,
	0xff, 0xff, 0xff, 0xff, 0xff, 0xff, 0xff, 0xff, 0xff, 0xff, 0xff, 0xff, 0xff, 0xff, 0xff, 0xff,
	0xff, 0xff, 0xff, 0xff, 0xff, 0xff, 0xff, 0xff, 0xff, 0xff, 0xff, 0xff, 0xff, 0xff, 0xff, 0xff,
	0xff, 0xff, 0xff, 0xff, 0xff, 0xff, 0xff, 0xff, 0xff, 0xff, 0xff, 0xff, 0xff, 0xff, 0xff, 0xff,
	0xff, 0xff, 0xff, 0xff, 0xff, 0xff, 0xff, 0xff, 0xff, 0xff, 0xff, 0xff, 0xff, 0xff, 0xff, 0xff,
	0xff, 0xff, 0xff, 0xff, 0xff, 0xff, 0xff, 0xff, 0xff, 0xff, 0xff, 0xff, 0xff, 0xff, 0xff, 0xff,
	0xff, 0xff, 0xff, 0xff, 0xff, 0xff, 0xff, 0xff, 0xff, 0xff, 0xff, 0xff, 0xff, 0xff, 0xff, 0xff,
	0xff, 0xff, 0xff, 0xff, 0xff, 0xff, 0xff, 0xff, 0xff, 0xff, 0xff, 0xff, 0xff, 0xff, 0xff, 0xff,
	0xff, 0xff, 0xff, 0xff, 0xff, 0xff, 0xff, 0xff, 0xff, 0xff, 0xff, 0xff, 0xff, 0xff, 0xff, 0xff,
	0xff, 0xff, 0xff, 0xff, 0xff, 0xff, 0xff, 0xff, 0xff, 0xff, 0xff, 0xff, 0xff, 0xff, 0xff, 0xff,
	0xff, 0xff, 0xff, 0xff, 0xff, 0xff, 0xff, 0xff, 0xff, 0xff, 0xff, 0xff, 0xff, 0xff, 0xff, 0xff,
	0xff, 0xff, 0xff, 0xff, 0xff, 0xff, 0xff, 0xff, 0xff, 0xff, 0xff, 0xff, 0xff, 0xff, 0xff, 0xff,
	0xff, 0xff, 0xff, 0xff, 0xff, 0xff, 0xff, 0xff, 0xff, 0xff, 0xff, 0xff, 0xff, 0xff, 0xff, 0xff,
	0xff, 0xff, 0xff, 0xff, 0xff, 0xff, 0xff, 0xff, 0xff, 0xff, 0xff, 0xff, 0xff, 0xff, 0xff, 0xff,
	0xff, 0xff, 0xff, 0xff, 0xff, 0xff, 0xff, 0xff, 0xff, 0xff, 0xff, 0xff, 0xff, 0xff, 0xff, 0xff,
	0xff, 0xff, 0xff, 0xff, 0xff, 0xff, 0xff, 0xff, 0xff, 0xff, 0xff, 0xff, 0xff, 0xff, 0xff, 0xff,
	0xff, 0xff, 0xff, 0xff, 0xff, 0xff, 0xff, 0xff, 0xff, 0xff, 0xff, 0xff, 0xff, 0xff, 0xff, 0xff,
	0xff, 0xff, 0xff, 0xff, 0xff, 0xff, 0xff, 0xff, 0xff, 0xff, 0xff, 0xff, 0xff, 0xff, 0xff, 0xff,
	0xff, 0xff, 0xff, 0xff, 0xff, 0xff, 0xff, 0xff, 0xff, 0xff, 0xff, 0xff, 0xff, 0xff, 0xff, 0xff,
	0xff, 0xff, 0xff, 0xff, 0xff, 0xff, 0xff, 0xff, 0xff, 0xff, 0xff, 0xff, 0xff, 0xff, 0xff, 0xff,
	0xff, 0xff, 0xff, 0xff, 0xff, 0xff, 0xff, 0xff, 0xff, 0xff, 0xff, 0xff, 0xff, 0xff, 0xff, 0xff,
	0xff, 0xff, 0xff, 0xff, 0xff, 0xff, 0xff, 0xff, 0xff, 0xff, 0xff, 0xff, 0xff, 0xff, 0xff, 0xff,
	0xff, 0xff, 0xff, 0xff, 0xff, 0xff, 0xff, 0xff, 0xff, 0xff, 0xff, 0xff, 0xff, 0xff, 0xff, 0xff,
	0xff, 0xff, 0xff, 0xff, 0xff, 0xff, 0xff, 0xff, 0xff, 0xff, 0xff, 0xff, 0xff, 0xff, 0xff, 0xff,
	0xff, 0xff, 0xff, 0xff, 0xff, 0xff, 0xff, 0xff, 0xff, 0xff, 0xff, 0xff, 0xff, 0xff, 0xff, 0xff,
	0xff, 0xff, 0xff, 0xff, 0xff, 0xff, 0xff, 0xff, 0xff, 0xff, 0xff, 0xff, 0xff, 0xff, 0xff, 0xff,
	0xff, 0xff, 0xff, 0xff, 0xff, 0xff, 0xff, 0xff, 0xff, 0xff, 0xff, 0xff, 0xff, 0xff, 0xff, 0xff,
	0xff, 0xff, 0xff, 0xff, 0xff, 0xff, 0xff, 0xff, 0xff, 0xff, 0xff, 0xff, 0xff, 0xff, 0xff, 0xff,
	0xff, 0xff, 0xff, 0xff, 0xff, 0xff, 0xff, 0xff, 0xff, 0xff, 0xff, 0xff, 0xff, 0xff, 0xff, 0xff,
	0xff, 0xff, 0xff, 0xff, 0xff, 0xff, 0xff, 0xff, 0xff, 0xff, 0xff, 0xff, 0xff, 0xff, 0xff, 0xff,
	0xff, 0xff, 0xff, 0xff, 0xff, 0xff, 0xff, 0xff, 0xff, 0xff, 0xff, 0xff, 0xff, 0xff, 0xff, 0xff,
	0xff, 0xff, 0xff, 0xff, 0xff, 0xff, 0xff, 0xff, 0xff, 0xff, 0xff, 0xff, 0xff, 0xff, 0xff, 0xff,
	0xff, 0xff, 0xff, 0xff, 0xff, 0xff, 0xff, 0xff, 0xff, 0xff, 0xff, 0xff, 0xff, 0xff, 0xff, 0xff,
	0xff, 0xff, 0xff, 0xff, 0xff, 0xff, 0xff, 0xff, 0xff, 0xff, 0xff, 0xff, 0xff, 0xff, 0xff, 0xff,
	0xff, 0xff, 0xff, 0xff, 0xff, 0xff, 0xff, 0xff, 0xff, 0xff, 0xff, 0xff, 0xff, 0xff, 0xff, 0xff,
	0xff, 0xff, 0xff, 0xff, 0xff, 0xff, 0xff, 0xff, 0xff, 0xff, 0xff, 0xff, 0xff, 0xff, 0xff, 0xff,
	0xff, 0xff, 0xff, 0xff, 0xff, 0xff, 0xff, 0xff, 0xff, 0xff, 0xff, 0xff, 0xff, 0xff, 0xff, 0xff,
	0xff, 0xff, 0xff, 0xff, 0xff, 0xff, 0xff, 0xff, 0xff, 0xff, 0xff, 0xff, 0xff, 0xff, 0xff, 0xff,
	0xff, 0xff, 0xff, 0xff, 0xff, 0xff, 0xff, 0xff, 0xff, 0xff, 0xff, 0xff, 0xff, 0xff, 0xff, 0xff,
	0xff, 0xff, 0xff, 0xff, 0xff, 0xff, 0xff, 0xff, 0xff, 0xff, 0xff, 0xff, 0xff, 0xff, 0xff, 0xff,
	0xff, 0xff, 0xff, 0xff, 0xff, 0xff, 0xff, 0xff, 0xff, 0xff, 0xff, 0xff, 0xff, 0xff, 0xff, 0xff,
	0xff, 0xff, 0xff, 0xff, 0xff, 0xff, 0xff, 0xff, 0xff, 0xff, 0xff, 0xff, 0xff, 0xff, 0xff, 0xff,
	0xff, 0xff, 0xff, 0xff, 0xff, 0xff, 0xff, 0xff, 0xff, 0xff, 0xff, 0xff, 0xff, 0xff, 0xff, 0xff,
	0xff, 0xff, 0xff, 0xff, 0xff, 0xff, 0xff, 0xff, 0xff, 0xff, 0xff, 0xff, 0xff, 0xff, 0xff, 0xff,
	0xff, 0xff, 0xff, 0xff, 0xff, 0xff, 0xff, 0xff, 0xff, 0xff, 0xff, 0xff, 0xff, 0xff, 0xff, 0xff,
	0xff, 0xff, 0xff, 0xff, 0xff, 0xff, 0xff, 0xff, 0xff, 0xff, 0xff, 0xff, 0xff, 0xff, 0xff, 0xff,
	0xff, 0xff, 0xff, 0xff, 0xff, 0xff, 0xff, 0xff, 0xff, 0xff, 0xff, 0xff, 0xff, 0xff, 0xff, 0xff,
	0xff, 0xff, 0xff, 0xff, 0xff, 0xff, 0xff, 0xff, 0xff, 0xff, 0xff, 0xff, 0xff, 0xff, 0xff, 0xff,
	0xff, 0xff, 0xff, 0xff, 0xff, 0xff, 0xff, 0xff, 0xff, 0xff, 0xff, 0xff, 0xff, 0xff, 0xff, 0xff,
	0xff, 0xff, 0xff, 0xff, 0xff, 0xff, 0xff, 0xff, 0xff, 0xff, 0xff, 0xff, 0xff, 0xff, 0xff, 0xff,
	0xff, 0xff, 0xff, 0xff, 0xff, 0xff, 0xff, 0xff, 0xff, 0xff, 0xff, 0xff, 0xff, 0xff, 0xff, 0xff,
	0xff, 0xff, 0xff, 0xff, 0xff, 0xff, 0xff, 0xff, 0xff, 0xff, 0xff, 0xff, 0xff, 0xff, 0xff, 0xff,
	0xff, 0xff, 0xff, 0xff, 0xff, 0xff, 0xff, 0xff, 0xff, 0xff, 0xff, 0xff, 0xff, 0xff, 0xff, 0xff,
	0xff, 0xff, 0xff, 0xff, 0xff, 0xff, 0xff, 0xff, 0xff, 0xff, 0xff, 0xff, 0xff, 0xff, 0xff, 0xff,
	0xff, 0xff, 0xff, 0xff, 0xff, 0xff, 0xff, 0xff, 0xff, 0xff, 0xff, 0xff, 0xff, 0xff, 0xff, 0xff,
	0xff, 0xff, 0xff, 0xff, 0xff, 0xff, 0xff, 0xff, 0xff, 0xff, 0xff, 0xff, 0xff, 0xff, 0xff, 0xff,
	0xff, 0xff, 0xff, 0xff, 0xff, 0xff, 0xff, 0xff, 0xff, 0xff, 0xff, 0xff, 0xff, 0xff, 0xff, 0xff,
	0xff, 0xff, 0xff, 0xff, 0xff, 0xff, 0xff, 0xff, 0xff, 0xff, 0xff, 0xff, 0xff, 0xff, 0xff, 0xff,
	0xff, 0xff, 0xff, 0xff, 0xff, 0xff, 0xff, 0xff, 0xff, 0xff, 0xff, 0xff, 0xff, 0xff, 0xff, 0xff,
	0xff, 0xff, 0xff, 0xff, 0xff, 0xff, 0xff, 0xff, 0xff, 0xff, 0xff, 0xff, 0xff, 0xff, 0xff, 0xff,
	0xff, 0xff, 0xff, 0xff, 0xff, 0xff, 0xff, 0xff, 0xff, 0xff, 0xff, 0xff, 0xff, 0xff, 0xff, 0xff,
	0xff, 0xff, 0xff, 0xff, 0xff, 0xff, 0xff, 0xff, 0xff, 0xff, 0xff, 0xff, 0xff, 0xff, 0xff, 0xff,
	0xff, 0xff, 0xff, 0xff, 0xff, 0xff, 0xff, 0xff, 0xff, 0xff, 0xff, 0xff, 0xff, 0xff, 0xff, 0xff,
	0xff, 0xff, 0xff, 0xff, 0xff, 0xff, 0xff, 0xff, 0xff, 0xff, 0xff, 0xff, 0xff, 0xff, 0xff, 0xff,
	0xff, 0xff, 0xff, 0xff, 0xff, 0xff, 0xff, 0xff, 0xff, 0xff, 0xff, 0xff, 0xff, 0xff, 0xff, 0xff,
	0xff, 0xff, 0xff, 0xff, 0xff, 0xff, 0xff, 0xff, 0xff, 0xff, 0xff, 0xff, 0xff, 0xff, 0xff, 0xff,
	0xff, 0xff, 0xff, 0xff, 0xff, 0xff, 0xff, 0xff, 0xff, 0xff, 0xff, 0xff, 0xff, 0xff, 0xff, 0xff,
	0xff, 0xff, 0xff, 0xff, 0xff, 0xff, 0xff, 0xff, 0xff, 0xff, 0xff, 0xff, 0xff, 0xff, 0xff, 0xff,
	0xff, 0xff, 0xff, 0xff, 0xff, 0xff, 0xff, 0xff, 0xff, 0xff, 0xff, 0xff, 0xff, 0xff, 0xff, 0xff,
	0xff, 0xff, 0xff, 0xff, 0xff, 0xff, 0xff, 0xff, 0xff, 0xff, 0xff, 0xff, 0xff, 0xff, 0xff, 0xff,
	0xff, 0xff, 0xff, 0xff, 0xff, 0xff, 0xff, 0xff, 0xff, 0xff, 0xff, 0xff, 0xff, 0xff, 0xff, 0xff,
	0xff, 0xff, 0xff, 0xff, 0xff, 0xff, 0xff, 0xff, 0xff, 0xff, 0xff, 0xff, 0xff, 0xff, 0xff, 0xff,
	0xff, 0xff, 0xff, 0xff, 0xff, 0xff, 0xff, 0xff, 0xff, 0xff, 0xff, 0xff, 0xff, 0xff, 0xff, 0xff,
	0xff, 0xff, 0xff, 0xff, 0xff, 0xff, 0xff, 0xff, 0xff, 0xff, 0xff, 0xff, 0xff, 0xff, 0xff, 0xff,
	0xff, 0xff, 0xff, 0xff, 0xff, 0xff, 0xff, 0xff, 0xff, 0xff, 0xff, 0xff, 0xff, 0xff, 0xff, 0xff,
	0xff, 0xff, 0xff, 0xff, 0xff, 0xff, 0xff, 0xff, 0xff, 0xff, 0xff, 0xff, 0xff, 0xff, 0xff, 0xff,
	0xff, 0xff, 0xff, 0xff, 0xff, 0xff, 0xff, 0xff, 0xff, 0xff, 0xff, 0xff, 0xff, 0xff, 0xff, 0xff,
	0xff, 0xff, 0xff, 0xff, 0xff, 0xff, 0xff, 0xff, 0xff, 0xff, 0xff, 0xff, 0xff, 0xff, 0xff, 0xff,
	0xff, 0xff, 0xff, 0xff, 0xff, 0xff, 0xff, 0xff, 0xff, 0xff, 0xff, 0xff, 0xff, 0xff, 0xff, 0xff,
	0xff, 0xff, 0xff, 0xff, 0xff, 0xff, 0xff, 0xff, 0xff, 0xff, 0xff, 0xff, 0xff, 0xff, 0xff, 0xff,
	0xff, 0xff, 0xff, 0xff, 0xff, 0xff, 0xff, 0xff, 0xff, 0xff, 0xff, 0xff, 0xff, 0xff, 0xff, 0xff,
	0xff, 0xff, 0xff, 0xff, 0xff, 0xff, 0xff, 0xff, 0xff, 0xff, 0xff, 0xff, 0xff, 0xff, 0xff, 0xff,
	0xff, 0xff, 0xff, 0xff, 0xff, 0xff, 0xff, 0xff, 0xff, 0xff, 0xff, 0xff, 0xff, 0xff, 0xff, 0xff,
	0xff, 0xff, 0xff, 0xff, 0xff, 0xff, 0xff, 0xff, 0xff, 0xff, 0xff, 0xff, 0xff, 0xff, 0xff, 0xff,
	0xff, 0xff, 0xff, 0xff, 0xff, 0xff, 0xff, 0xff, 0xff, 0xff, 0xff, 0xff, 0xff, 0xff, 0xff, 0xff,
	0xff, 0xff, 0xff, 0xff, 0xff, 0xff, 0xff, 0xff, 0xff, 0xff, 0xff, 0xff, 0xff, 0xff, 0xff, 0xff,
	0xff, 0xff, 0xff, 0xff, 0xff, 0xff, 0xff, 0xff, 0xff, 0xff, 0xff, 0xff, 0xff, 0xff, 0xff, 0xff,
	0xff, 0xff, 0xff, 0xff, 0xff, 0xff, 0xff, 0xff, 0xff, 0xff, 0xff, 0xff, 0xff, 0xff, 0xff, 0xff,
	0xff, 0xff, 0xff, 0xff, 0xff, 0xff, 0xff, 0xff, 0xff, 0xff, 0xff, 0xff, 0xff, 0xff, 0xff, 0xff,
	0xff, 0xff, 0xff, 0xff, 0xff, 0xff, 0xff, 0xff, 0xff, 0xff, 0xff, 0xff, 0xff, 0xff, 0xff, 0xff,
	0xff, 0xff, 0xff, 0xff, 0xff, 0xff, 0xff, 0xff, 0xff, 0xff, 0xff, 0xff, 0xff, 0xff, 0xff, 0xff,
	0xff, 0xff, 0xff, 0xff, 0xff, 0xff, 0xff, 0xff, 0xff, 0xff, 0xff, 0xff, 0xff, 0xff, 0xff, 0xff,
	0xff, 0xff, 0xff, 0xff, 0xff, 0xff, 0xff, 0xff, 0xff, 0xff, 0xff, 0xff, 0xff, 0xff, 0xff, 0xff,
	0xff, 0xff, 0xff, 0xff, 0xff, 0xff, 0xff, 0xff, 0xff, 0xff, 0xff, 0xff, 0xff, 0xff, 0xff, 0xff,
	0xff, 0xff, 0xff, 0xff, 0xff, 0xff, 0xff, 0xff, 0xff, 0xff, 0xff, 0xff, 0xff, 0xff, 0xff, 0xff,
	0xff, 0xff, 0xff, 0xff, 0xff, 0xff, 0xff, 0xff, 0xff, 0xff, 0xff, 0xff, 0xff, 0xff, 0xff, 0xff,
	0xff, 0xff, 0xff, 0xff, 0xff, 0xff, 0xff, 0xff, 0xff, 0xff, 0xff, 0xff, 0xff, 0xff, 0xff, 0xff,
	0xff, 0xff, 0xff, 0xff, 0xff, 0xff, 0xff, 0xff, 0xff, 0xff, 0xff, 0xff, 0xff, 0xff, 0xff, 0xff,
	0xff, 0xff, 0xff, 0xff, 0xff, 0xff, 0xff, 0xff, 0xff, 0xff, 0xff, 0xff, 0xff, 0xff, 0xff, 0xff,
	0xff, 0xff, 0xff, 0xff, 0xff, 0xff, 0xff, 0xff, 0xff, 0xff, 0xff, 0xff, 0xff, 0xff, 0xff, 0xff,
	0xff, 0xff, 0xff, 0xff, 0xff, 0xff, 0xff, 0xff, 0xff, 0xff, 0xff, 0xff, 0xff, 0xff, 0xff, 0xff,
	0xff, 0xff, 0xff, 0xff, 0xff, 0xff, 0xff, 0xff, 0xff, 0xff, 0xff, 0xff, 0xff, 0xff, 0xff, 0xff,
	0xff, 0xff, 0xff, 0xff, 0xff, 0xff, 0xff, 0xff, 0xff, 0xff, 0xff, 0xff, 0xff, 0xff, 0xff, 0xff,
	0xff, 0xff, 0xff, 0xff, 0xff, 0xff, 0xff, 0xff, 0xff, 0xff, 0xff, 0xff, 0xff, 0xff, 0xff, 0xff,
	0xff, 0xff, 0xff, 0xff, 0xff, 0xff, 0xff, 0xff, 0xff, 0xff, 0xff, 0xff, 0xff, 0xff, 0xff, 0xff,
	0xff, 0xff, 0xff, 0xff, 0xff, 0xff, 0xff, 0xff, 0xff, 0xff, 0xff, 0xff, 0xff, 0xff, 0xff, 0xff,
	0xff, 0xff, 0xff, 0xff, 0xff, 0xff, 0xff, 0xff, 0xff, 0xff, 0xff, 0xff, 0xff, 0xff, 0xff, 0xff,
	0xff, 0xff, 0xff, 0xff, 0xff, 0xff, 0xff, 0xff, 0xff, 0xff, 0xff, 0xff, 0xff, 0xff, 0xff, 0xff,
	0xff, 0xff, 0xff, 0xff, 0xff, 0xff, 0xff, 0xff, 0xff, 0xff, 0xff, 0xff, 0xff, 0xff, 0xff, 0xff,
	0xff, 0xff, 0xff, 0xff, 0xff, 0xff, 0xff, 0xff, 0xff, 0xff, 0xff, 0xff, 0xff, 0xff, 0xff, 0xff,
	0xff, 0xff, 0xff, 0xff, 0xff, 0xff, 0xff, 0xff, 0xff, 0xff, 0xff, 0xff, 0xff, 0xff, 0xff, 0xff,
	0xff, 0xff, 0xff, 0xff, 0xff, 0xff, 0xff, 0xff, 0xff, 0xff, 0xff, 0xff, 0xff, 0xff, 0xff, 0xff,
	0xff, 0xff, 0xff, 0xff, 0xff, 0xff, 0xff, 0xff, 0xff, 0xff, 0xff, 0xff, 0xff, 0xff, 0xff, 0xff,
	0xff, 0xff, 0xff, 0xff, 0xff, 0xff, 0xff, 0xff, 0xff, 0xff, 0xff, 0xff, 0xff, 0xff, 0xff, 0xff,
	0xff, 0xff, 0xff, 0xff, 0xff, 0xff, 0xff, 0xff, 0xff, 0xff, 0xff, 0xff, 0xff, 0xff, 0xff, 0xff,
	0xff, 0xff, 0xff, 0xff, 0xff, 0xff, 0xff, 0xff, 0xff, 0xff, 0xff, 0xff, 0xff, 0xff, 0xff, 0xff,
	0xff, 0xff, 0xff, 0xff, 0xff, 0xff, 0xff, 0xff, 0xff, 0xff, 0xff, 0xff, 0xff, 0xff, 0xff, 0xff,
	0xff, 0xff, 0xff, 0xff, 0xff, 0xff, 0xff, 0xff, 0xff, 0xff, 0xff, 0xff, 0xff, 0xff, 0xff, 0xff,
	0xff, 0xff, 0xff, 0xff, 0xff, 0xff, 0xff, 0xff, 0xff, 0xff, 0xff, 0xff, 0xff, 0xff, 0xff, 0xff,
	0xff, 0xff, 0xff, 0xff, 0xff, 0xff, 0xff, 0xff, 0xff, 0xff, 0xff, 0xff, 0xff, 0xff, 0xff, 0xff,
	0xff, 0xff, 0xff, 0xff, 0xff, 0xff, 0xff, 0xff, 0xff, 0xff, 0xff, 0xff, 0xff, 0xff, 0xff, 0xff,
	0xff, 0xff, 0xff, 0xff, 0xff, 0xff, 0xff, 0xff, 0xff, 0xff, 0xff, 0xff, 0xff, 0xff, 0xff, 0xff,
	0xff, 0xff, 0xff, 0xff, 0xff, 0xff, 0xff, 0xff, 0xff, 0xff, 0xff, 0xff, 0xff, 0xff, 0xff, 0xff,
	0xff, 0xff, 0xff, 0xff, 0xff, 0xff, 0xff, 0xff, 0xff, 0xff, 0xff, 0xff, 0xff, 0xff, 0xff, 0xff,
	0xff, 0xff, 0xff, 0xff, 0xff, 0xff, 0xff, 0xff, 0xff, 0xff, 0xff, 0xff, 0xff, 0xff, 0xff, 0xff,
	0xff, 0xff, 0xff, 0xff, 0xff, 0xff, 0xff, 0xff, 0xff, 0xff, 0xff, 0xff, 0xff, 0xff, 0xff, 0xff,
	0xff, 0xff, 0xff, 0xff, 0xff, 0xff, 0xff, 0xff, 0xff, 0xff, 0xff, 0xff, 0xff, 0xff, 0xff, 0xff,
	0xff, 0xff, 0xff, 0xff, 0xff, 0xff, 0xff, 0xff, 0xff, 0xff, 0xff, 0xff, 0xff, 0xff, 0xff, 0xff,
	0xff, 0xff, 0xff, 0xff, 0xff, 0xff, 0xff, 0xff, 0xff, 0xff, 0xff, 0xff, 0xff, 0xff, 0xff, 0xff,
	0xff, 0xff, 0xff, 0xff, 0xff, 0xff, 0xff, 0xff, 0xff, 0xff, 0xff, 0xff, 0xff, 0xff, 0xff, 0xff,
	0xff, 0xff, 0xff, 0xff, 0xff, 0xff, 0xff, 0xff, 0xff, 0xff, 0xff, 0xff, 0xff, 0xff, 0xff, 0xff,
	0xff, 0xff, 0xff, 0xff, 0xff, 0xff, 0xff, 0xff, 0xff, 0xff, 0xff, 0xff, 0xff, 0xff, 0xff, 0xff,
	0xff, 0xff, 0xff, 0xff, 0xff, 0xff, 0xff, 0xff, 0xff, 0xff, 0xff, 0xff, 0xff, 0xff, 0xff, 0xff,
	0xff, 0xff, 0xff, 0xff, 0xff, 0xff, 0xff, 0xff, 0xff, 0xff, 0xff, 0xff, 0xff, 0xff, 0xff, 0xff,
	0xff, 0xff, 0xff, 0xff, 0xff, 0xff, 0xff, 0xff, 0xff, 0xff, 0xff, 0xff, 0xff, 0xff, 0xff, 0xff,
	0xff, 0xff, 0xff, 0xff, 0xff, 0xff, 0xff, 0xff, 0xff, 0xff, 0xff, 0xff, 0xff, 0xff, 0xff, 0xff,
	0xff, 0xff, 0xff, 0xff, 0xff, 0xff, 0xff, 0xff, 0xff, 0xff, 0xff, 0xff, 0xff, 0xff, 0xff, 0xff,
	0xff, 0xff, 0xff, 0xff, 0xff, 0xff, 0xff, 0xff, 0xff, 0xff, 0xff, 0xff, 0xff, 0xff, 0xff, 0xff,
	0xff, 0xff, 0xff, 0xff, 0xff, 0xff, 0xff, 0xff, 0xff, 0xff, 0xff, 0xff, 0xff, 0xff, 0xff, 0xff,
	0xff, 0xff, 0xff, 0xff, 0xff, 0xff, 0xff, 0xff, 0xff, 0xff, 0xff, 0xff, 0xff, 0xff, 0xff, 0xff,
	0xff, 0xff, 0xff, 0xff, 0xff, 0xff, 0xff, 0xff, 0xff, 0xff, 0xff, 0xff, 0xff, 0xff, 0xff, 0xff,
	0xff, 0xff, 0xff, 0xff, 0xff, 0xff, 0xff, 0xff, 0xff, 0xff, 0xff, 0xff, 0xff, 0xff, 0xff, 0xff,
	0xff, 0xff, 0xff, 0xff, 0xff, 0xff, 0xff, 0xff, 0xff, 0xff, 0xff, 0xff, 0xff, 0xff, 0xff, 0xff,
	0xff, 0xff, 0xff, 0xff, 0xff, 0xff, 0xff, 0xff, 0xff, 0xff, 0xff, 0xff, 0xff, 0xff, 0xff, 0xff,
	0xff, 0xff, 0xff, 0xff, 0xff, 0xff, 0xff, 0xff, 0xff, 0xff, 0xff, 0xff, 0xff, 0xff, 0xff, 0xff,
	0xff, 0xff, 0xff, 0xff, 0xff, 0xff, 0xff, 0xff, 0xff, 0xff, 0xff, 0xff, 0xff, 0xff, 0xff, 0xff,
	0xff, 0xff, 0xff, 0xff, 0xff, 0xff, 0xff, 0xff, 0xff, 0xff, 0xff, 0xff, 0xff, 0xff, 0xff, 0xff,
	0xff, 0xff, 0xff, 0xff, 0xff, 0xff, 0xff, 0xff, 0xff, 0xff, 0xff, 0xff, 0xff, 0xff, 0xff, 0xff,
	0xff, 0xff, 0xff, 0xff, 0xff, 0xff, 0xff, 0xff, 0xff, 0xff, 0xff, 0xff, 0xff, 0xff, 0xff, 0xff,
	0xff, 0xff, 0xff, 0xff, 0xff, 0xff, 0xff, 0xff, 0xff, 0xff, 0xff, 0xff, 0xff, 0xff, 0xff, 0xff,
	0xff, 0xff, 0xff, 0xff, 0xff, 0xff, 0xff, 0xff, 0xff, 0xff, 0xff, 0xff, 0xff, 0xff, 0xff, 0xff,
	0xff, 0xff, 0xff, 0xff, 0xff, 0xff, 0xff, 0xff, 0xff, 0xff, 0xff, 0xff, 0xff, 0xff, 0xff, 0xff,
	0xff, 0xff, 0xff, 0xff, 0xff, 0xff, 0xff, 0xff, 0xff, 0xff, 0xff, 0xff, 0xff, 0xff, 0xff, 0xff,
	0xff, 0xff, 0xff, 0xff, 0xff, 0xff, 0xff, 0xff, 0xff, 0xff, 0xff, 0xff, 0xff, 0xff, 0xff, 0xff,
	0xff, 0xff, 0xff, 0xff, 0xff, 0xff, 0xff, 0xff, 0xff, 0xff, 0xff, 0xff, 0xff, 0xff, 0xff, 0xff,
	0xff, 0xff, 0xff, 0xff, 0xff, 0xff, 0xff, 0xff, 0xff, 0xff, 0xff, 0xff, 0xff, 0xff, 0xff, 0xff,
	0xff, 0xff, 0xff, 0xff, 0xff, 0xff, 0xff, 0xff, 0xff, 0xff, 0xff, 0xff, 0xff, 0xff, 0xff, 0xff,
	0xff, 0xff, 0xff, 0xff, 0xff, 0xff, 0xff, 0xff, 0xff, 0xff, 0xff, 0xff, 0xff, 0xff, 0xff, 0xff,
	0xff, 0xff, 0xff, 0xff, 0xff, 0xff, 0xff, 0xff, 0xff, 0xff, 0xff, 0xff, 0xff, 0xff, 0xff, 0xff,
	0xff, 0xff, 0xff, 0xff, 0xff, 0xff, 0xff, 0xff, 0xff, 0xff, 0xff, 0xff, 0xff, 0xff, 0xff, 0xff,
	0xff, 0xff, 0xff, 0xff, 0xff, 0xff, 0xff, 0xff, 0xff, 0xff, 0xff, 0xff, 0xff, 0xff, 0xff, 0xff,
	0xff, 0xff, 0xff, 0xff, 0xff, 0xff, 0xff, 0xff, 0xff, 0xff, 0xff, 0xff, 0xff, 0xff, 0xff, 0xff,
	0xff, 0xff, 0xff, 0xff, 0xff, 0xff, 0xff, 0xff, 0xff, 0xff, 0xff, 0xff, 0xff, 0xff, 0xff, 0xff,
	0xff, 0xff, 0xff, 0xff, 0xff, 0xff, 0xff, 0xff, 0xff, 0xff, 0xff, 0xff, 0xff, 0xff, 0xff, 0xff,
	0xff, 0xff, 0xff, 0xff, 0xff, 0xff, 0xff, 0xff, 0xff, 0xff, 0xff, 0xff, 0xff, 0xff, 0xff, 0xff,
	0xff, 0xff, 0xff, 0xff, 0xff, 0xff, 0xff, 0xff, 0xff, 0xff, 0xff, 0xff, 0xff, 0xff, 0xff, 0xff,
	0xff, 0xff, 0xff, 0xff, 0xff, 0xff, 0xff, 0xff, 0xff, 0xff, 0xff, 0xff, 0xff, 0xff, 0xff, 0xff,
	0xff, 0xff, 0xff, 0xff, 0xff, 0xff, 0xff, 0xff, 0xff, 0xff, 0xff, 0xff, 0xff, 0xff, 0xff, 0xff,
	0xff, 0xff, 0xff, 0xff, 0xff, 0xff, 0xff, 0xff, 0xff, 0xff, 0xff, 0xff, 0xff, 0xff, 0xff, 0xff,
	0xff, 0xff, 0xff, 0xff, 0xff, 0xff, 0xff, 0xff, 0xff, 0xff, 0xff, 0xff, 0xff, 0xff, 0xff, 0xff,
	0xff, 0xff, 0xff, 0xff, 0xff, 0xff, 0xff, 0xff, 0xff, 0xff, 0xff, 0xff, 0xff, 0xff, 0xff, 0xff,
	0xff, 0xff, 0xff, 0xff, 0xff, 0xff, 0xff, 0xff, 0xff, 0xff, 0xff, 0xff, 0xff, 0xff, 0xff, 0xff,
	0xff, 0xff, 0xff, 0xff, 0xff, 0xff, 0xff, 0xff, 0xff, 0xff, 0xff, 0xff, 0xff, 0xff, 0xff, 0xff,
	0xff, 0xff, 0xff, 0xff, 0xff, 0xff, 0xff, 0xff, 0xff, 0xff, 0xff, 0xff, 0xff, 0xff, 0xff, 0xff,
	0xff, 0xff, 0xff, 0xff, 0xff, 0xff, 0xff, 0xff, 0xff, 0xff, 0xff, 0xff, 0xff, 0xff, 0xff, 0xff,
	0xff, 0xff, 0xff, 0xff, 0xff, 0xff, 0xff, 0xff, 0xff, 0xff, 0xff, 0xff, 0xff, 0xff, 0xff, 0xff,
	0xff, 0xff, 0xff, 0xff, 0xff, 0xff, 0xff, 0xff, 0xff, 0xff, 0xff, 0xff, 0xff, 0xff, 0xff, 0xff,
	0xff, 0xff, 0xff, 0xff, 0xff, 0xff, 0xff, 0xff, 0xff, 0xff, 0xff, 0xff, 0xff, 0xff, 0xff, 0xff,
	0xff, 0xff, 0xff, 0xff, 0xff, 0xff, 0xff, 0xff, 0xff, 0xff, 0xff, 0xff, 0xff, 0xff, 0xff, 0xff,
	0xff, 0xff, 0xff, 0xff, 0xff, 0xff, 0xff, 0xff, 0xff, 0xff, 0xff, 0xff, 0xff, 0xff, 0xff, 0xff,
	0xff, 0xff, 0xff, 0xff, 0xff, 0xff, 0xff, 0xff, 0xff, 0xff, 0xff, 0xff, 0xff, 0xff, 0xff, 0xff,
	0xff, 0xff, 0xff, 0xff, 0xff, 0xff, 0xff, 0xff, 0xff, 0xff, 0xff, 0xff, 0xff, 0xff, 0xff, 0xff,
	0xff, 0xff, 0xff, 0xff, 0xff, 0xff, 0xff, 0xff, 0xff, 0xff, 0xff, 0xff, 0xff, 0xff, 0xff, 0xff,
	0xff, 0xff, 0xff, 0xff, 0xff, 0xff, 0xff, 0xff, 0xff, 0xff, 0xff, 0xff, 0xff, 0xff, 0xff, 0xff,
	0xff, 0xff, 0xff, 0xff, 0xff, 0xff, 0xff, 0xff, 0xff, 0xff, 0xff, 0xff, 0xff, 0xff, 0xff, 0xff,
	0xff, 0xff, 0xff, 0xff, 0xff, 0xff, 0xff, 0xff, 0xff, 0xff, 0xff, 0xff, 0xff, 0xff, 0xff, 0xff,
	0xff, 0xff, 0xff, 0xff, 0xff, 0xff, 0xff, 0xff, 0xff, 0xff, 0xff, 0xff, 0xff, 0xff, 0xff, 0xff,
	0xff, 0xff, 0xff, 0xff, 0xff, 0xff, 0xff, 0xff, 0xff, 0xff, 0xff, 0xff, 0xff, 0xff, 0xff, 0xff,
	0xff, 0xff, 0xff, 0xff, 0xff, 0xff, 0xff, 0xff, 0xff, 0xff, 0xff, 0xff, 0xff, 0xff, 0xff, 0xff,
	0xff, 0xff, 0xff, 0xff, 0xff, 0xff, 0xff, 0xff, 0xff, 0xff, 0xff, 0xff, 0xff, 0xff, 0xff, 0xff,
	0xff, 0xff, 0xff, 0xff, 0xff, 0xff, 0xff, 0xff, 0xff, 0xff, 0xff, 0xff, 0xff, 0xff, 0xff, 0xff,
	0xff, 0xff, 0xff, 0xff, 0xff, 0xff, 0xff, 0xff, 0xff, 0xff, 0xff, 0xff, 0xff, 0xff, 0xff, 0xff,
	0xff, 0xff, 0xff, 0xff, 0xff, 0xff, 0xff, 0xff, 0xff, 0xff, 0xff, 0xff, 0xff, 0xff, 0xff, 0xff,
	0xff, 0xff, 0xff, 0xff, 0xff, 0xff, 0xff, 0xff, 0xff, 0xff, 0xff, 0xff, 0xff, 0xff, 0xff, 0xff,
	0xff, 0xff, 0xff, 0xff, 0xff, 0xff, 0xff, 0xff, 0xff, 0xff, 0xff, 0xff, 0xff, 0xff, 0xff, 0xff,
	0xff, 0xff, 0xff, 0xff, 0xff, 0xff, 0xff, 0xff, 0xff, 0xff, 0xff, 0xff, 0xff, 0xff, 0xff, 0xff,
	0xff, 0xff, 0xff, 0xff, 0xff, 0xff, 0xff, 0xff, 0xff, 0xff, 0xff, 0xff, 0xff, 0xff, 0xff, 0xff,
	0xff, 0xff, 0xff, 0xff, 0xff, 0xff, 0xff, 0xff, 0xff, 0xff, 0xff, 0xff, 0xff, 0xff, 0xff, 0xff,
	0xff, 0xff, 0xff, 0xff, 0xff, 0xff, 0xff, 0xff, 0xff, 0xff, 0xff, 0xff, 0xff, 0xff, 0xff, 0xff,
	0xff, 0xff, 0xff, 0xff, 0xff, 0xff, 0xff, 0xff, 0xff, 0xff, 0xff, 0xff, 0xff, 0xff, 0xff, 0xff,
	0xff, 0xff, 0xff, 0xff, 0xff, 0xff, 0xff, 0xff, 0xff, 0xff, 0xff, 0xff, 0xff, 0xff, 0xff, 0xff,
	0xff, 0xff, 0xff, 0xff, 0xff, 0xff, 0xff, 0xff, 0xff, 0xff, 0xff, 0xff, 0xff, 0xff, 0xff, 0xff,
	0xff, 0xff, 0xff, 0xff, 0xff, 0xff, 0xff, 0xff, 0xff, 0xff, 0xff, 0xff, 0xff, 0xff, 0xff, 0xff,
	0xff, 0xff, 0xff, 0xff, 0xff, 0xff, 0xff, 0xff, 0xff, 0xff, 0xff, 0xff, 0xff, 0xff, 0xff, 0xff,
	0xff, 0xff, 0xff, 0xff, 0xff, 0xff, 0xff, 0xff, 0xff, 0xff, 0xff, 0xff, 0xff, 0xff, 0xff, 0xff,
	0xff, 0xff, 0xff, 0xff, 0xff, 0xff, 0xff, 0xff, 0xff, 0xff, 0xff, 0xff, 0xff, 0xff, 0xff, 0xff,
	0xff, 0xff, 0xff, 0xff, 0xff, 0xff, 0xff, 0xff, 0xff, 0xff, 0xff, 0xff, 0xff, 0xff, 0xff, 0xff,
	0xff, 0xff, 0xff, 0xff, 0xff, 0xff, 0xff, 0xff, 0xff, 0xff, 0xff, 0xff, 0xff, 0xff, 0xff, 0xff,
	0xff, 0xff, 0xff, 0xff, 0xff, 0xff, 0xff, 0xff, 0xff, 0xff, 0xff, 0xff, 0xff, 0xff, 0xff, 0xff,
	0x00, 0x50, 0x00, 0x00, 0xff, 0xff, 0xff, 0xff, 0xff, 0xff, 0xff, 0xff, 0xff, 0xff, 0xff, 0xff,
	0xff, 0xff, 0xff, 0xff, 0xff, 0xff, 0xff, 0xff, 0xff, 0xff, 0xff, 0xff, 0xff, 0xff, 0xff, 0xff,
	0xff, 0xff, 0xff, 0xff, 0xff, 0xff, 0xff, 0xff, 0xff, 0xff, 0xff, 0xff, 0xff, 0xff, 0xff, 0xff,
	0xff, 0xff, 0xff, 0xff, 0xff, 0xff, 0xff, 0xff, 0xff, 0xff, 0xff, 0xff, 0xff, 0xff, 0xff, 0xff,
	0xff, 0xff, 0xff, 0xff, 0xff, 0xff, 0xff, 0xff, 0xff, 0xff, 0xff, 0xff, 0xff, 0xff, 0xff, 0xff,
	0xff, 0xff, 0xff, 0xff, 0xff, 0xff, 0xff, 0xff, 0xff, 0xff, 0xff, 0xff, 0xff, 0xff, 0xff, 0xff,
	0xff, 0xff, 0xff, 0xff, 0xff, 0xff, 0xff, 0xff, 0xff, 0xff, 0xff, 0xff, 0xff, 0xff, 0xff, 0xff,
	0xff, 0xff, 0xff, 0xff, 0xff, 0xff, 0xff, 0xff, 0xff, 0xff, 0xff, 0xff, 0xff, 0xff, 0xff, 0xff,
	0xff, 0xff, 0xff, 0xff, 0xff, 0xff, 0xff, 0xff, 0xff, 0xff, 0xff, 0xff, 0xff, 0xff, 0xff, 0xff,
	0xff, 0xff, 0xff, 0xff, 0xff, 0xff, 0xff, 0xff, 0xff, 0xff, 0xff, 0xff, 0xff, 0xff, 0xff, 0xff,
	0xff, 0xff, 0xff, 0xff, 0xff, 0xff, 0xff, 0xff, 0xff, 0xff, 0xff, 0xff, 0xff, 0xff, 0xff, 0xff,
	0xff, 0xff, 0xff, 0xff, 0xff, 0xff, 0xff, 0xff, 0xff, 0xff, 0xff, 0xff, 0xff, 0xff, 0xff, 0xff,
	0xff, 0xff, 0xff, 0xff, 0xff, 0xff, 0xff, 0xff, 0xff, 0xff, 0xff, 0xff, 0xff, 0xff, 0xff, 0xff,
	0xff, 0xff, 0xff, 0xff, 0xff, 0xff, 0xff, 0xff, 0xff, 0xff, 0xff, 0xff, 0xff, 0xff, 0xff, 0xff,
	0xff, 0xff, 0xff, 0xff, 0xff, 0xff, 0xff, 0xff, 0xff, 0xff, 0xff, 0xff, 0xff, 0xff, 0xff, 0xff,
	0xff, 0xff, 0xff, 0xff, 0xff, 0xff, 0xff, 0xff, 0xff, 0xff, 0xff, 0xff, 0xff, 0xff, 0xff, 0xff,
	0xff, 0xff, 0xff, 0xff, 0xff, 0xff, 0xff, 0xff, 0xff, 0xff, 0xff, 0xff, 0xff, 0xff, 0xff, 0xff,
	0xff, 0xff, 0xff, 0xff, 0xff, 0xff, 0xff, 0xff, 0xff, 0xff, 0xff, 0xff, 0xff, 0xff, 0xff, 0xff,
	0xff, 0xff, 0xff, 0xff, 0xff, 0xff, 0xff, 0xff, 0xff, 0xff, 0xff, 0xff, 0xff, 0xff, 0xff, 0xff,
	0xff, 0xff, 0xff, 0xff, 0xff, 0xff, 0xff, 0xff, 0xff, 0xff, 0xff, 0xff, 0xff, 0xff, 0xff, 0xff,
	0xff, 0xff, 0xff, 0xff, 0xff, 0xff, 0xff, 0xff, 0xff, 0xff, 0xff, 0xff, 0xff, 0xff, 0xff, 0xff,
	0xff, 0xff, 0xff, 0xff, 0xff, 0xff, 0xff, 0xff, 0xff, 0xff, 0xff, 0xff, 0xff, 0xff, 0xff, 0xff,
	0xff, 0xff, 0xff, 0xff, 0xff, 0xff, 0xff, 0xff, 0xff, 0xff, 0xff, 0xff, 0xff, 0xff, 0xff, 0xff,
	0xff, 0xff, 0xff, 0xff, 0xff, 0xff, 0xff, 0xff, 0xff, 0xff, 0xff, 0xff, 0xff, 0xff, 0xff, 0xff,
	0xff, 0xff, 0xff, 0xff, 0xff, 0xff, 0xff, 0xff, 0xff, 0xff, 0xff, 0xff, 0xff, 0xff, 0xff, 0xff,
	0xff, 0xff, 0xff, 0xff, 0xff, 0xff, 0xff, 0xff, 0xff, 0xff, 0xff, 0xff, 0xff, 0xff, 0xff, 0xff,
	0xff, 0xff, 0xff, 0xff, 0xff, 0xff, 0xff, 0xff, 0xff, 0xff, 0xff, 0xff, 0xff, 0xff, 0xff, 0xff,
	0xff, 0xff, 0xff, 0xff, 0xff, 0xff, 0xff, 0xff, 0xff, 0xff, 0xff, 0xff, 0xff, 0xff, 0xff, 0xff,
	0xff, 0xff, 0xff, 0xff, 0xff, 0xff, 0xff, 0xff, 0xff, 0xff, 0xff, 0xff, 0xff, 0xff, 0xff, 0xff,
	0xff, 0xff, 0xff, 0xff, 0xff, 0xff, 0xff, 0xff, 0xff, 0xff, 0xff, 0xff, 0xff, 0xff, 0xff, 0xff,
	0xff, 0xff, 0xff, 0xff, 0xff, 0xff, 0xff, 0xff, 0xff, 0xff, 0xff, 0xff, 0xff, 0xff, 0xff, 0xff,
	0xff, 0xff, 0xff, 0xff, 0xff, 0xff, 0xff, 0xff, 0xff, 0xff, 0xff, 0xff, 0xff, 0xff, 0xff, 0xff,
	0xff, 0xff, 0xff, 0xff, 0xff, 0xff, 0xff, 0xff, 0xff, 0xff, 0xff, 0xff, 0xff, 0xff, 0xff, 0xff,
	0xff, 0xff, 0xff, 0xff, 0xff, 0xff, 0xff, 0xff, 0xff, 0xff, 0xff, 0xff, 0xff, 0xff, 0xff, 0xff,
	0xff, 0xff, 0xff, 0xff, 0xff, 0xff, 0xff, 0xff, 0xff, 0xff, 0xff, 0xff, 0xff, 0xff, 0xff, 0xff,
	0xff, 0xff, 0xff, 0xff, 0xff, 0xff, 0xff, 0xff, 0xff, 0xff, 0xff, 0xff, 0xff, 0xff, 0xff, 0xff,
	0xff, 0xff, 0xff, 0xff, 0xff, 0xff, 0xff, 0xff, 0xff, 0xff, 0xff, 0xff, 0xff, 0xff, 0xff, 0xff,
	0xff, 0xff, 0xff, 0xff, 0xff, 0xff, 0xff, 0xff, 0xff, 0xff, 0xff, 0xff, 0xff, 0xff, 0xff, 0xff,
	0xff, 0xff, 0xff, 0xff, 0xff, 0xff, 0xff, 0xff, 0xff, 0xff, 0xff, 0xff, 0xff, 0xff, 0xff, 0xff,
	0xff, 0xff, 0xff, 0xff, 0xff, 0xff, 0xff, 0xff, 0xff, 0xff, 0xff, 0xff, 0xff, 0xff, 0xff, 0xff,
	0xff, 0xff, 0xff, 0xff, 0xff, 0xff, 0xff, 0xff, 0xff, 0xff, 0xff, 0xff, 0xff, 0xff, 0xff, 0xff,
	0xff, 0xff, 0xff, 0xff, 0xff, 0xff, 0xff, 0xff, 0xff, 0xff, 0xff, 0xff, 0xff, 0xff, 0xff, 0xff,
	0xff, 0xff, 0xff, 0xff, 0xff, 0xff, 0xff, 0xff, 0xff, 0xff, 0xff, 0xff, 0xff, 0xff, 0xff, 0xff,
	0xff, 0xff, 0xff, 0xff, 0xff, 0xff, 0xff, 0xff, 0xff, 0xff, 0xff, 0xff, 0xff, 0xff, 0xff, 0xff,
	0xff, 0xff, 0xff, 0xff, 0xff, 0xff, 0xff, 0xff, 0xff, 0xff, 0xff, 0xff, 0xff, 0xff, 0xff, 0xff,
	0xff, 0xff, 0xff, 0xff, 0xff, 0xff, 0xff, 0xff, 0xff, 0xff, 0xff, 0xff, 0xff, 0xff, 0xff, 0xff,
	0xff, 0xff, 0xff, 0xff, 0xff, 0xff, 0xff, 0xff, 0xff, 0xff, 0xff, 0xff, 0xff, 0xff, 0xff, 0xff,
	0xff, 0xff, 0xff, 0xff, 0xff, 0xff, 0xff, 0xff, 0xff, 0xff, 0xff, 0xff, 0xff, 0xff, 0xff, 0xff,
	0xff, 0xff, 0xff, 0xff, 0xff, 0xff, 0xff, 0xff, 0xff, 0xff, 0xff, 0xff, 0xff, 0xff, 0xff, 0xff,
	0xff, 0xff, 0xff, 0xff, 0xff, 0xff, 0xff, 0xff, 0xff, 0xff, 0xff, 0xff, 0xff, 0xff, 0xff, 0xff,
	0xff, 0xff, 0xff, 0xff, 0xff, 0xff, 0xff, 0xff, 0xff, 0xff, 0xff, 0xff, 0xff, 0xff, 0xff, 0xff,
	0xff, 0xff, 0xff, 0xff, 0xff, 0xff, 0xff, 0xff, 0xff, 0xff, 0xff, 0xff, 0xff, 0xff, 0xff, 0xff,
	0xff, 0xff, 0xff, 0xff, 0xff, 0xff, 0xff, 0xff, 0xff, 0xff, 0xff, 0xff, 0xff, 0xff, 0xff, 0xff,
	0xff, 0xff, 0xff, 0xff, 0xff, 0xff, 0xff, 0xff, 0xff, 0xff, 0xff, 0xff, 0xff, 0xff, 0xff, 0xff,
	0xff, 0xff, 0xff, 0xff, 0xff, 0xff, 0xff, 0xff, 0xff, 0xff, 0xff, 0xff, 0xff, 0xff, 0xff, 0xff,
	0xff, 0xff, 0xff, 0xff, 0xff, 0xff, 0xff, 0xff, 0xff, 0xff, 0xff, 0xff, 0xff, 0xff, 0xff, 0xff,
	0xff, 0xff, 0xff, 0xff, 0xff, 0xff, 0xff, 0xff, 0xff, 0xff, 0xff, 0xff, 0xff, 0xff, 0xff, 0xff,
	0xff, 0xff, 0xff, 0xff, 0xff, 0xff, 0xff, 0xff, 0xff, 0xff, 0xff, 0xff, 0xff, 0xff, 0xff, 0xff,
	0xff, 0xff, 0xff, 0xff, 0xff, 0xff, 0xff, 0xff, 0xff, 0xff, 0xff, 0xff, 0xff, 0xff, 0xff, 0xff,
	0xff, 0xff, 0xff, 0xff, 0xff, 0xff, 0xff, 0xff, 0xff, 0xff, 0xff, 0xff, 0xff, 0xff, 0xff, 0xff,
	0xff, 0xff, 0xff, 0xff, 0xff, 0xff, 0xff, 0xff, 0xff, 0xff, 0xff, 0xff, 0xff, 0xff, 0xff, 0xff,
	0xff, 0xff, 0xff, 0xff, 0xff, 0xff, 0xff, 0xff, 0xff, 0xff, 0xff, 0xff, 0xff, 0xff, 0xff, 0xff,
	0xff, 0xff, 0xff, 0xff, 0xff, 0xff, 0xff, 0xff, 0xff, 0xff, 0xff, 0xff, 0xff, 0xff, 0xff, 0xff,
	0xff, 0xff, 0xff, 0xff, 0xff, 0xff, 0xff, 0xff, 0xff, 0xff, 0xff, 0xff, 0xff, 0xff, 0xff, 0xff,
	0xff, 0xff, 0xff, 0xff, 0xff, 0xff, 0xff, 0xff, 0xff, 0xff, 0xff, 0xff, 0xff, 0xff, 0xff, 0xff,
	0xff, 0xff, 0xff, 0xff, 0xff, 0xff, 0xff, 0xff, 0xff, 0xff, 0xff, 0xff, 0xff, 0xff, 0xff, 0xff,
	0xff, 0xff, 0xff, 0xff, 0xff, 0xff, 0xff, 0xff, 0xff, 0xff, 0xff, 0xff, 0xff, 0xff, 0xff, 0xff,
	0xff, 0xff, 0xff, 0xff, 0xff, 0xff, 0xff, 0xff, 0xff, 0xff, 0xff, 0xff, 0xff, 0xff, 0xff, 0xff,
	0xff, 0xff, 0xff, 0xff, 0xff, 0xff, 0xff, 0xff, 0xff, 0xff, 0xff, 0xff, 0xff, 0xff, 0xff, 0xff,
	0xff, 0xff, 0xff, 0xff, 0xff, 0xff, 0xff, 0xff, 0xff, 0xff, 0xff, 0xff, 0xff, 0xff, 0xff, 0xff,
	0xff, 0xff, 0xff, 0xff, 0xff, 0xff, 0xff, 0xff, 0xff, 0xff, 0xff, 0xff, 0xff, 0xff, 0xff, 0xff,
	0xff, 0xff, 0xff, 0xff, 0xff, 0xff, 0xff, 0xff, 0xff, 0xff, 0xff, 0xff, 0xff, 0xff, 0xff, 0xff,
	0xff, 0xff, 0xff, 0xff, 0xff, 0xff, 0xff, 0xff, 0xff, 0xff, 0xff, 0xff, 0xff, 0xff, 0xff, 0xff,
	0xff, 0xff, 0xff, 0xff, 0xff, 0xff, 0xff, 0xff, 0xff, 0xff, 0xff, 0xff, 0xff, 0xff, 0xff, 0xff,
	0xff, 0xff, 0xff, 0xff, 0xff, 0xff, 0xff, 0xff, 0xff, 0xff, 0xff, 0xff, 0xff, 0xff, 0xff, 0xff,
	0xff, 0xff, 0xff, 0xff, 0xff, 0xff, 0xff, 0xff, 0xff, 0xff, 0xff, 0xff, 0xff, 0xff, 0xff, 0xff,
	0xff, 0xff, 0xff, 0xff, 0xff, 0xff, 0xff, 0xff, 0xff, 0xff, 0xff, 0xff, 0xff, 0xff, 0xff, 0xff,
	0xff, 0xff, 0xff, 0xff, 0xff, 0xff, 0xff, 0xff, 0xff, 0xff, 0xff, 0xff, 0xff, 0xff, 0xff, 0xff,
	0xff, 0xff, 0xff, 0xff, 0xff, 0xff, 0xff, 0xff, 0xff, 0xff, 0xff, 0xff, 0xff, 0xff, 0xff, 0xff,
	0xff, 0xff, 0xff, 0xff, 0xff, 0xff, 0xff, 0xff, 0xff, 0xff, 0xff, 0xff, 0xff, 0xff, 0xff, 0xff,
	0xff, 0xff, 0xff, 0xff, 0xff, 0xff, 0xff, 0xff, 0xff, 0xff, 0xff, 0xff, 0xff, 0xff, 0xff, 0xff,
	0xff, 0xff, 0xff, 0xff, 0xff, 0xff, 0xff, 0xff, 0xff, 0xff, 0xff, 0xff, 0xff, 0xff, 0xff, 0xff,
	0xff, 0xff, 0xff, 0xff, 0xff, 0xff, 0xff, 0xff, 0xff, 0xff, 0xff, 0xff, 0xff, 0xff, 0xff, 0xff,
	0xff, 0xff, 0xff, 0xff, 0xff, 0xff, 0xff, 0xff, 0xff, 0xff, 0xff, 0xff, 0xff, 0xff, 0xff, 0xff,
	0xff, 0xff, 0xff, 0xff, 0xff, 0xff, 0xff, 0xff, 0xff, 0xff, 0xff, 0xff, 0xff, 0xff, 0xff, 0xff,
	0xff, 0xff, 0xff, 0xff, 0xff, 0xff, 0xff, 0xff, 0xff, 0xff, 0xff, 0xff, 0xff, 0xff, 0xff, 0xff,
	0xff, 0xff, 0xff, 0xff, 0xff, 0xff, 0xff, 0xff, 0xff, 0xff, 0xff, 0xff, 0xff, 0xff, 0xff, 0xff,
	0xff, 0xff, 0xff, 0xff, 0xff, 0xff, 0xff, 0xff, 0xff, 0xff, 0xff, 0xff, 0xff, 0xff, 0xff, 0xff,
	0xff, 0xff, 0xff, 0xff, 0xff, 0xff, 0xff, 0xff, 0xff, 0xff, 0xff, 0xff, 0xff, 0xff, 0xff, 0xff,
	0xff, 0xff, 0xff, 0xff, 0xff, 0xff, 0xff, 0xff, 0xff, 0xff, 0xff, 0xff, 0xff, 0xff, 0xff, 0xff,
	0xff, 0xff, 0xff, 0xff, 0xff, 0xff, 0xff, 0xff, 0xff, 0xff, 0xff, 0xff, 0xff, 0xff, 0xff, 0xff,
	0xff, 0xff, 0xff, 0xff, 0xff, 0xff, 0xff, 0xff, 0xff, 0xff, 0xff, 0xff, 0xff, 0xff, 0xff, 0xff,
	0xff, 0xff, 0xff, 0xff, 0xff, 0xff, 0xff, 0xff, 0xff, 0xff, 0xff, 0xff, 0xff, 0xff, 0xff, 0xff,
	0xff, 0xff, 0xff, 0xff, 0xff, 0xff, 0xff, 0xff, 0xff, 0xff, 0xff, 0xff, 0xff, 0xff, 0xff, 0xff,
	0xff, 0xff, 0xff, 0xff, 0xff, 0xff, 0xff, 0xff, 0xff, 0xff, 0xff, 0xff, 0xff, 0xff, 0xff, 0xff,
	0xff, 0xff, 0xff, 0xff, 0xff, 0xff, 0xff, 0xff, 0xff, 0xff, 0xff, 0xff, 0xff, 0xff, 0xff, 0xff,
	0xff, 0xff, 0xff, 0xff, 0xff, 0xff, 0xff, 0xff, 0xff, 0xff, 0xff, 0xff, 0xff, 0xff, 0xff, 0xff,
	0xff, 0xff, 0xff, 0xff, 0xff, 0xff, 0xff, 0xff, 0xff, 0xff, 0xff, 0xff, 0xff, 0xff, 0xff, 0xff,
	0xff, 0xff, 0xff, 0xff, 0xff, 0xff, 0xff, 0xff, 0xff, 0xff, 0xff, 0xff, 0xff, 0xff, 0xff, 0xff,
	0xff, 0xff, 0xff, 0xff, 0xff, 0xff, 0xff, 0xff, 0xff, 0xff, 0xff, 0xff, 0xff, 0xff, 0xff, 0xff,
	0xff, 0xff, 0xff, 0xff, 0xff, 0xff, 0xff, 0xff, 0xff, 0xff, 0xff, 0xff, 0xff, 0xff, 0xff, 0xff,
	0xff, 0xff, 0xff, 0xff, 0xff, 0xff, 0xff, 0xff, 0xff, 0xff, 0xff, 0xff, 0xff, 0xff, 0xff, 0xff,
	0xff, 0xff, 0xff, 0xff, 0xff, 0xff, 0xff, 0xff, 0xff, 0xff, 0xff, 0xff, 0xff, 0xff, 0xff, 0xff,
	0xff, 0xff, 0xff, 0xff, 0xff, 0xff, 0xff, 0xff, 0xff, 0xff, 0xff, 0xff, 0xff, 0xff, 0xff, 0xff,
	0xff, 0xff, 0xff, 0xff, 0xff, 0xff, 0xff, 0xff, 0xff, 0xff, 0xff, 0xff, 0xff, 0xff, 0xff, 0xff,
	0xff, 0xff, 0xff, 0xff, 0xff, 0xff, 0xff, 0xff, 0xff, 0xff, 0xff, 0xff, 0xff, 0xff, 0xff, 0xff,
	0xff, 0xff, 0xff, 0xff, 0xff, 0xff, 0xff, 0xff, 0xff, 0xff, 0xff, 0xff, 0xff, 0xff, 0xff, 0xff,
	0xff, 0xff, 0xff, 0xff, 0xff, 0xff, 0xff, 0xff, 0xff, 0xff, 0xff, 0xff, 0xff, 0xff, 0xff, 0xff,
	0xff, 0xff, 0xff, 0xff, 0xff, 0xff, 0xff, 0xff, 0xff, 0xff, 0xff, 0xff, 0xff, 0xff, 0xff, 0xff,
	0xff, 0xff, 0xff, 0xff, 0xff, 0xff, 0xff, 0xff, 0xff, 0xff, 0xff, 0xff, 0xff, 0xff, 0xff, 0xff,
	0xff, 0xff, 0xff, 0xff, 0xff, 0xff, 0xff, 0xff, 0xff, 0xff, 0xff, 0xff, 0xff, 0xff, 0xff, 0xff,
	0xff, 0xff, 0xff, 0xff, 0xff, 0xff, 0xff, 0xff, 0xff, 0xff, 0xff, 0xff, 0xff, 0xff, 0xff, 0xff,
	0xff, 0xff, 0xff, 0xff, 0xff, 0xff, 0xff, 0xff, 0xff, 0xff, 0xff, 0xff, 0xff, 0xff, 0xff, 0xff,
	0xff, 0xff, 0xff, 0xff, 0xff, 0xff, 0xff, 0xff, 0xff, 0xff, 0xff, 0xff, 0xff, 0xff, 0xff, 0xff,
	0xff, 0xff, 0xff, 0xff, 0xff, 0xff, 0xff, 0xff, 0xff, 0xff, 0xff, 0xff, 0xff, 0xff, 0xff, 0xff,
	0xff, 0xff, 0xff, 0xff, 0xff, 0xff, 0xff, 0xff, 0xff, 0xff, 0xff, 0xff, 0xff, 0xff, 0xff, 0xff,
	0xff, 0xff, 0xff, 0xff, 0xff, 0xff, 0xff, 0xff, 0xff, 0xff, 0xff, 0xff, 0xff, 0xff, 0xff, 0xff,
	0xff, 0xff, 0xff, 0xff, 0xff, 0xff, 0xff, 0xff, 0xff, 0xff, 0xff, 0xff, 0xff, 0xff, 0xff, 0xff,
	0xff, 0xff, 0xff, 0xff, 0xff, 0xff, 0xff, 0xff, 0xff, 0xff, 0xff, 0xff, 0xff, 0xff, 0xff, 0xff,
	0xff, 0xff, 0xff, 0xff, 0xff, 0xff, 0xff, 0xff, 0xff, 0xff, 0xff, 0xff, 0xff, 0xff, 0xff, 0xff,
	0xff, 0xff, 0xff, 0xff, 0xff, 0xff, 0xff, 0xff, 0xff, 0xff, 0xff, 0xff, 0xff, 0xff, 0xff, 0xff,
	0xff, 0xff, 0xff, 0xff, 0xff, 0xff, 0xff, 0xff, 0xff, 0xff, 0xff, 0xff, 0xff, 0xff, 0xff, 0xff,
	0xff, 0xff, 0xff, 0xff, 0xff, 0xff, 0xff, 0xff, 0xff, 0xff, 0xff, 0xff, 0xff, 0xff, 0xff, 0xff,
	0xff, 0xff, 0xff, 0xff, 0xff, 0xff, 0xff, 0xff, 0xff, 0xff, 0xff, 0xff, 0xff, 0xff, 0xff, 0xff,
	0xff, 0xff, 0xff, 0xff, 0xff, 0xff, 0xff, 0xff, 0xff, 0xff, 0xff, 0xff, 0xff, 0xff, 0xff, 0xff,
	0xff, 0xff, 0xff, 0xff, 0xff, 0xff, 0xff, 0xff, 0xff, 0xff, 0xff, 0xff, 0xff, 0xff, 0xff, 0xff,
	0xff, 0xff, 0xff, 0xff, 0xff, 0xff, 0xff, 0xff, 0xff, 0xff, 0xff, 0xff, 0xff, 0xff, 0xff, 0xff,
	0xff, 0xff, 0xff, 0xff, 0xff, 0xff, 0xff, 0xff, 0xff, 0xff, 0xff, 0xff, 0xff, 0xff, 0xff, 0xff,
	0xff, 0xff, 0xff, 0xff, 0xff, 0xff, 0xff, 0xff, 0xff, 0xff, 0xff, 0xff, 0xff, 0xff, 0xff, 0xff,
	0xff, 0xff, 0xff, 0xff, 0xff, 0xff, 0xff, 0xff, 0xff, 0xff, 0xff, 0xff, 0xff, 0xff, 0xff, 0xff,
	0xff, 0xff, 0xff, 0xff, 0xff, 0xff, 0xff, 0xff, 0xff, 0xff, 0xff, 0xff, 0xff, 0xff, 0xff, 0xff,
	0xff, 0xff, 0xff, 0xff, 0xff, 0xff, 0xff, 0xff, 0xff, 0xff, 0xff, 0xff, 0xff, 0xff, 0xff, 0xff,
	0xff, 0xff, 0xff, 0xff, 0xff, 0xff, 0xff, 0xff, 0xff, 0xff, 0xff, 0xff, 0xff, 0xff, 0xff, 0xff,
	0xff, 0xff, 0xff, 0xff, 0xff, 0xff, 0xff, 0xff, 0xff, 0xff, 0xff, 0xff, 0xff, 0xff, 0xff, 0xff,
	0xff, 0xff, 0xff, 0xff, 0xff, 0xff, 0xff, 0xff, 0xff, 0xff, 0xff, 0xff, 0xff, 0xff, 0xff, 0xff,
	0xff, 0xff, 0xff, 0xff, 0xff, 0xff, 0xff, 0xff, 0xff, 0xff, 0xff, 0xff, 0xff, 0xff, 0xff, 0xff,
	0xff, 0xff, 0xff, 0xff, 0xff, 0xff, 0xff, 0xff, 0xff, 0xff, 0xff, 0xff, 0xff, 0xff, 0xff, 0xff,
	0xff, 0xff, 0xff, 0xff, 0xff, 0xff, 0xff, 0xff, 0xff, 0xff, 0xff, 0xff, 0xff, 0xff, 0xff, 0xff,
	0xff, 0xff, 0xff, 0xff, 0xff, 0xff, 0xff, 0xff, 0xff, 0xff, 0xff, 0xff, 0xff, 0xff, 0xff, 0xff,
	0xff, 0xff, 0xff, 0xff, 0xff, 0xff, 0xff, 0xff, 0xff, 0xff, 0xff, 0xff, 0xff, 0xff, 0xff, 0xff,
	0xff, 0xff, 0xff, 0xff, 0xff, 0xff, 0xff, 0xff, 0xff, 0xff, 0xff, 0xff, 0xff, 0xff, 0xff, 0xff,
	0xff, 0xff, 0xff, 0xff, 0xff, 0xff, 0xff, 0xff, 0xff, 0xff, 0xff, 0xff, 0xff, 0xff, 0xff, 0xff,
	0xff, 0xff, 0xff, 0xff, 0xff, 0xff, 0xff, 0xff, 0xff, 0xff, 0xff, 0xff, 0xff, 0xff, 0xff, 0xff,
	0xff, 0xff, 0xff, 0xff, 0xff, 0xff, 0xff, 0xff, 0xff, 0xff, 0xff, 0xff, 0xff, 0xff, 0xff, 0xff,
	0xff, 0xff, 0xff, 0xff, 0xff, 0xff, 0xff, 0xff, 0xff, 0xff, 0xff, 0xff, 0xff, 0xff, 0xff, 0xff,
	0xff, 0xff, 0xff, 0xff, 0xff, 0xff, 0xff, 0xff, 0xff, 0xff, 0xff, 0xff, 0xff, 0xff, 0xff, 0xff,
	0xff, 0xff, 0xff, 0xff, 0xff, 0xff, 0xff, 0xff, 0xff, 0xff, 0xff, 0xff, 0xff, 0xff, 0xff, 0xff,
	0xff, 0xff, 0xff, 0xff, 0xff, 0xff, 0xff, 0xff, 0xff, 0xff, 0xff, 0xff, 0xff, 0xff, 0xff, 0xff,
	0xff, 0xff, 0xff, 0xff, 0xff, 0xff, 0xff, 0xff, 0xff, 0xff, 0xff, 0xff, 0xff, 0xff, 0xff, 0xff,
	0xff, 0xff, 0xff, 0xff, 0xff, 0xff, 0xff, 0xff, 0xff, 0xff, 0xff, 0xff, 0xff, 0xff, 0xff, 0xff,
	0xff, 0xff, 0xff, 0xff, 0xff, 0xff, 0xff, 0xff, 0xff, 0xff, 0xff, 0xff, 0xff, 0xff, 0xff, 0xff,
	0xff, 0xff, 0xff, 0xff, 0xff, 0xff, 0xff, 0xff, 0xff, 0xff, 0xff, 0xff, 0xff, 0xff, 0xff, 0xff,
	0xff, 0xff, 0xff, 0xff, 0xff, 0xff, 0xff, 0xff, 0xff, 0xff, 0xff, 0xff, 0xff, 0xff, 0xff, 0xff,
	0xff, 0xff, 0xff, 0xff, 0xff, 0xff, 0xff, 0xff, 0xff, 0xff, 0xff, 0xff, 0xff, 0xff, 0xff, 0xff,
	0xff, 0xff, 0xff, 0xff, 0xff, 0xff, 0xff, 0xff, 0xff, 0xff, 0xff, 0xff, 0xff, 0xff, 0xff, 0xff,
	0xff, 0xff, 0xff, 0xff, 0xff, 0xff, 0xff, 0xff, 0xff, 0xff, 0xff, 0xff, 0xff, 0xff, 0xff, 0xff,
	0xff, 0xff, 0xff, 0xff, 0xff, 0xff, 0xff, 0xff, 0xff, 0xff, 0xff, 0xff, 0xff, 0xff, 0xff, 0xff,
	0xff, 0xff, 0xff, 0xff, 0xff, 0xff, 0xff, 0xff, 0xff, 0xff, 0xff, 0xff, 0xff, 0xff, 0xff, 0xff,
	0xff, 0xff, 0xff, 0xff, 0xff, 0xff, 0xff, 0xff, 0xff, 0xff, 0xff, 0xff, 0xff, 0xff, 0xff, 0xff,
	0xff, 0xff, 0xff, 0xff, 0xff, 0xff, 0xff, 0xff, 0xff, 0xff, 0xff, 0xff, 0xff, 0xff, 0xff, 0xff,
	0xff, 0xff, 0xff, 0xff, 0xff, 0xff, 0xff, 0xff, 0xff, 0xff, 0xff, 0xff, 0xff, 0xff, 0xff, 0xff,
	0xff, 0xff, 0xff, 0xff, 0xff, 0xff, 0xff, 0xff, 0xff, 0xff, 0xff, 0xff, 0xff, 0xff, 0xff, 0xff,
	0xff, 0xff, 0xff, 0xff, 0xff, 0xff, 0xff, 0xff, 0xff, 0xff, 0xff, 0xff, 0xff, 0xff, 0xff, 0xff,
	0xff, 0xff, 0xff, 0xff, 0xff, 0xff, 0xff, 0xff, 0xff, 0xff, 0xff, 0xff, 0xff, 0xff, 0xff, 0xff,
	0xff, 0xff, 0xff, 0xff, 0xff, 0xff, 0xff, 0xff, 0xff, 0xff, 0xff, 0xff, 0xff, 0xff, 0xff, 0xff,
	0xff, 0xff, 0xff, 0xff, 0xff, 0xff, 0xff, 0xff, 0xff, 0xff, 0xff, 0xff, 0xff, 0xff, 0xff, 0xff,
	0xff, 0xff, 0xff, 0xff, 0xff, 0xff, 0xff, 0xff, 0xff, 0xff, 0xff, 0xff, 0xff, 0xff, 0xff, 0xff,
	0xff, 0xff, 0xff, 0xff, 0xff, 0xff, 0xff, 0xff, 0xff, 0xff, 0xff, 0xff, 0xff, 0xff, 0xff, 0xff,
	0xff, 0xff, 0xff, 0xff, 0xff, 0xff, 0xff, 0xff, 0xff, 0xff, 0xff, 0xff, 0xff, 0xff, 0xff, 0xff,
	0xff, 0xff, 0xff, 0xff, 0xff, 0xff, 0xff, 0xff, 0xff, 0xff, 0xff, 0xff, 0xff, 0xff, 0xff, 0xff,
	0xff, 0xff, 0xff, 0xff, 0xff, 0xff, 0xff, 0xff, 0xff, 0xff, 0xff, 0xff, 0xff, 0xff, 0xff, 0xff,
	0xff, 0xff, 0xff, 0xff, 0xff, 0xff, 0xff, 0xff, 0xff, 0xff, 0xff, 0xff, 0xff, 0xff, 0xff, 0xff,
	0xff, 0xff, 0xff, 0xff, 0xff, 0xff, 0xff, 0xff, 0xff, 0xff, 0xff, 0xff, 0xff, 0xff, 0xff, 0xff,
	0xff, 0xff, 0xff, 0xff, 0xff, 0xff, 0xff, 0xff, 0xff, 0xff, 0xff, 0xff, 0xff, 0xff, 0xff, 0xff,
	0xff, 0xff, 0xff, 0xff, 0xff, 0xff, 0xff, 0xff, 0xff, 0xff, 0xff, 0xff, 0xff, 0xff, 0xff, 0xff,
	0xff, 0xff, 0xff, 0xff, 0xff, 0xff, 0xff, 0xff, 0xff, 0xff, 0xff, 0xff, 0xff, 0xff, 0xff, 0xff,
	0xff, 0xff, 0xff, 0xff, 0xff, 0xff, 0xff, 0xff, 0xff, 0xff, 0xff, 0xff, 0xff, 0xff, 0xff, 0xff,
	0xff, 0xff, 0xff, 0xff, 0xff, 0xff, 0xff, 0xff, 0xff, 0xff, 0xff, 0xff, 0xff, 0xff, 0xff, 0xff,
	0xff, 0xff, 0xff, 0xff, 0xff, 0xff, 0xff, 0xff, 0xff, 0xff, 0xff, 0xff, 0xff, 0xff, 0xff, 0xff,
	0xff, 0xff, 0xff, 0xff, 0xff, 0xff, 0xff, 0xff, 0xff, 0xff, 0xff, 0xff, 0xff, 0xff, 0xff, 0xff,
	0xff, 0xff, 0xff, 0xff, 0xff, 0xff, 0xff, 0xff, 0xff, 0xff, 0xff, 0xff, 0xff, 0xff, 0xff, 0xff,
	0xff, 0xff, 0xff, 0xff, 0xff, 0xff, 0xff, 0xff, 0xff, 0xff, 0xff, 0xff, 0xff, 0xff, 0xff, 0xff,
	0xff, 0xff, 0xff, 0xff, 0xff, 0xff, 0xff, 0xff, 0xff, 0xff, 0xff, 0xff, 0xff, 0xff, 0xff, 0xff,
	0xff, 0xff, 0xff, 0xff, 0xff, 0xff, 0xff, 0xff, 0xff, 0xff, 0xff, 0xff, 0xff, 0xff, 0xff, 0xff,
	0xff, 0xff, 0xff, 0xff, 0xff, 0xff, 0xff, 0xff, 0xff, 0xff, 0xff, 0xff, 0xff, 0xff, 0xff, 0xff,
	0xff, 0xff, 0xff, 0xff, 0xff, 0xff, 0xff, 0xff, 0xff, 0xff, 0xff, 0xff, 0xff, 0xff, 0xff, 0xff,
	0xff, 0xff, 0xff, 0xff, 0xff, 0xff, 0xff, 0xff, 0xff, 0xff, 0xff, 0xff, 0xff, 0xff, 0xff, 0xff,
	0xff, 0xff, 0xff, 0xff, 0xff, 0xff, 0xff, 0xff, 0xff, 0xff, 0xff, 0xff, 0xff, 0xff, 0xff, 0xff,
	0xff, 0xff, 0xff, 0xff, 0xff, 0xff, 0xff, 0xff, 0xff, 0xff, 0xff, 0xff, 0xff, 0xff, 0xff, 0xff,
	0xff, 0xff, 0xff, 0xff, 0xff, 0xff, 0xff, 0xff, 0xff, 0xff, 0xff, 0xff, 0xff, 0xff, 0xff, 0xff,
	0xff, 0xff, 0xff, 0xff, 0xff, 0xff, 0xff, 0xff, 0xff, 0xff, 0xff, 0xff, 0xff, 0xff, 0xff, 0xff,
	0xff, 0xff, 0xff, 0xff, 0xff, 0xff, 0xff, 0xff, 0xff, 0xff, 0xff, 0xff, 0xff, 0xff, 0xff, 0xff,
	0xff, 0xff, 0xff, 0xff, 0xff, 0xff, 0xff, 0xff, 0xff, 0xff, 0xff, 0xff, 0xff, 0xff, 0xff, 0xff,
	0xff, 0xff, 0xff, 0xff, 0xff, 0xff, 0xff, 0xff, 0xff, 0xff, 0xff, 0xff, 0xff, 0xff, 0xff, 0xff,
	0xff, 0xff, 0xff, 0xff, 0xff, 0xff, 0xff, 0xff, 0xff, 0xff, 0xff, 0xff, 0xff, 0xff, 0xff, 0xff,
	0xff, 0xff, 0xff, 0xff, 0xff, 0xff, 0xff, 0xff, 0xff, 0xff, 0xff, 0xff, 0xff, 0xff, 0xff, 0xff,
	0xff, 0xff, 0xff, 0xff, 0xff, 0xff, 0xff, 0xff, 0xff, 0xff, 0xff, 0xff, 0xff, 0xff, 0xff, 0xff,
	0xff, 0xff, 0xff, 0xff, 0xff, 0xff, 0xff, 0xff, 0xff, 0xff, 0xff, 0xff, 0xff, 0xff, 0xff, 0xff,
	0xff, 0xff, 0xff, 0xff, 0xff, 0xff, 0xff, 0xff, 0xff, 0xff, 0xff, 0xff, 0xff, 0xff, 0xff, 0xff,
	0xff, 0xff, 0xff, 0xff, 0xff, 0xff, 0xff, 0xff, 0xff, 0xff, 0xff, 0xff, 0xff, 0xff, 0xff, 0xff,
	0xff, 0xff, 0xff, 0xff, 0xff, 0xff, 0xff, 0xff, 0xff, 0xff, 0xff, 0xff, 0xff, 0xff, 0xff, 0xff,
	0xff, 0xff, 0xff, 0xff, 0xff, 0xff, 0xff, 0xff, 0xff, 0xff, 0xff, 0xff, 0xff, 0xff, 0xff, 0xff,
	0xff, 0xff, 0xff, 0xff, 0xff, 0xff, 0xff, 0xff, 0xff, 0xff, 0xff, 0xff, 0xff, 0xff, 0xff, 0xff,
	0xff, 0xff, 0xff, 0xff, 0xff, 0xff, 0xff, 0xff, 0xff, 0xff, 0xff, 0xff, 0xff, 0xff, 0xff, 0xff,
	0xff, 0xff, 0xff, 0xff, 0xff, 0xff, 0xff, 0xff, 0xff, 0xff, 0xff, 0xff, 0xff, 0xff, 0xff, 0xff,
	0xff, 0xff, 0xff, 0xff, 0xff, 0xff, 0xff, 0xff, 0xff, 0xff, 0xff, 0xff, 0xff, 0xff, 0xff, 0xff,
	0xff, 0xff, 0xff, 0xff, 0xff, 0xff, 0xff, 0xff, 0xff, 0xff, 0xff, 0xff, 0xff, 0xff, 0xff, 0xff,
	0xff, 0xff, 0xff, 0xff, 0xff, 0xff, 0xff, 0xff, 0xff, 0xff, 0xff, 0xff, 0xff, 0xff, 0xff, 0xff,
	0xff, 0xff, 0xff, 0xff, 0xff, 0xff, 0xff, 0xff, 0xff, 0xff, 0xff, 0xff, 0xff, 0xff, 0xff, 0xff,
	0xff, 0xff, 0xff, 0xff, 0xff, 0xff, 0xff, 0xff, 0xff, 0xff, 0xff, 0xff, 0xff, 0xff, 0xff, 0xff,
	0xff, 0xff, 0xff, 0xff, 0xff, 0xff, 0xff, 0xff, 0xff, 0xff, 0xff, 0xff, 0xff, 0xff, 0xff, 0xff,
	0xff, 0xff, 0xff, 0xff, 0xff, 0xff, 0xff, 0xff, 0xff, 0xff, 0xff, 0xff, 0xff, 0xff, 0xff, 0xff,
	0xff, 0xff, 0xff, 0xff, 0xff, 0xff, 0xff, 0xff, 0xff, 0xff, 0xff, 0xff, 0xff, 0xff, 0xff, 0xff,
	0xff, 0xff, 0xff, 0xff, 0xff, 0xff, 0xff, 0xff, 0xff, 0xff, 0xff, 0xff, 0xff, 0xff, 0xff, 0xff,
	0xff, 0xff, 0xff, 0xff, 0xff, 0xff, 0xff, 0xff, 0xff, 0xff, 0xff, 0xff, 0xff, 0xff, 0xff, 0xff,
	0xff, 0xff, 0xff, 0xff, 0xff, 0xff, 0xff, 0xff, 0xff, 0xff, 0xff, 0xff, 0xff, 0xff, 0xff, 0xff,
	0xff, 0xff, 0xff, 0xff, 0xff, 0xff, 0xff, 0xff, 0xff, 0xff, 0xff, 0xff, 0xff, 0xff, 0xff, 0xff,
	0xff, 0xff, 0xff, 0xff, 0xff, 0xff, 0xff, 0xff, 0xff, 0xff, 0xff, 0xff, 0xff, 0xff, 0xff, 0xff,
	0xff, 0xff, 0xff, 0xff, 0xff, 0xff, 0xff, 0xff, 0xff, 0xff, 0xff, 0xff, 0xff, 0xff, 0xff, 0xff,
	0xff, 0xff, 0xff, 0xff, 0xff, 0xff, 0xff, 0xff, 0xff, 0xff, 0xff, 0xff, 0xff, 0xff, 0xff, 0xff,
	0xff, 0xff, 0xff, 0xff, 0xff, 0xff, 0xff, 0xff, 0xff, 0xff, 0xff, 0xff, 0xff, 0xff, 0xff, 0xff,
	0xff, 0xff, 0xff, 0xff, 0xff, 0xff, 0xff, 0xff, 0xff, 0xff, 0xff, 0xff, 0xff, 0xff, 0xff, 0xff,
	0xff, 0xff, 0xff, 0xff, 0xff, 0xff, 0xff, 0xff, 0xff, 0xff, 0xff, 0xff, 0xff, 0xff, 0xff, 0xff,
	0xff, 0xff, 0xff, 0xff, 0xff, 0xff, 0xff, 0xff, 0xff, 0xff, 0xff, 0xff, 0xff, 0xff, 0xff, 0xff,
	0xff, 0xff, 0xff, 0xff, 0xff, 0xff, 0xff, 0xff, 0xff, 0xff, 0xff, 0xff, 0xff, 0xff, 0xff, 0xff,
	0xff, 0xff, 0xff, 0xff, 0xff, 0xff, 0xff, 0xff, 0xff, 0xff, 0xff, 0xff, 0xff, 0xff, 0xff, 0xff,
	0xff, 0xff, 0xff, 0xff, 0xff, 0xff, 0xff, 0xff, 0xff, 0xff, 0xff, 0xff, 0xff, 0xff, 0xff, 0xff,
	0xff, 0xff, 0xff, 0xff, 0xff, 0xff, 0xff, 0xff, 0xff, 0xff, 0xff, 0xff, 0xff, 0xff, 0xff, 0xff,
	0xff, 0xff, 0xff, 0xff, 0xff, 0xff, 0xff, 0xff, 0xff, 0xff, 0xff, 0xff, 0xff, 0xff, 0xff, 0xff,
	0xff, 0xff, 0xff, 0xff, 0xff, 0xff, 0xff, 0xff, 0xff, 0xff, 0xff, 0xff, 0xff, 0xff, 0xff, 0xff,
	0xff, 0xff, 0xff, 0xff, 0xff, 0xff, 0xff, 0xff, 0xff, 0xff, 0xff, 0xff, 0xff, 0xff, 0xff, 0xff,
	0xff, 0xff, 0xff, 0xff, 0xff, 0xff, 0xff, 0xff, 0xff, 0xff, 0xff, 0xff, 0xff, 0xff, 0xff, 0xff,
	0xff, 0xff, 0xff, 0xff, 0xff, 0xff, 0xff, 0xff, 0xff, 0xff, 0xff, 0xff, 0xff, 0xff, 0xff, 0xff,
	0xff, 0xff, 0xff, 0xff, 0xff, 0xff, 0xff, 0xff, 0xff, 0xff, 0xff, 0xff, 0xff, 0xff, 0xff, 0xff,
	0xff, 0xff, 0xff, 0xff, 0xff, 0xff, 0xff, 0xff, 0xff, 0xff, 0xff, 0xff, 0xff, 0xff, 0xff, 0xff,
	0xff, 0xff, 0xff, 0xff, 0xff, 0xff, 0xff, 0xff, 0xff, 0xff, 0xff, 0xff, 0xff, 0xff, 0xff, 0xff,
	0xff, 0xff, 0xff, 0xff, 0xff, 0xff, 0xff, 0xff, 0xff, 0xff, 0xff, 0xff, 0xff, 0xff, 0xff, 0xff,
	0xff, 0xff, 0xff, 0xff, 0xff, 0xff, 0xff, 0xff, 0xff, 0xff, 0xff, 0xff, 0xff, 0xff, 0xff, 0xff,
	0xff, 0xff, 0xff, 0xff, 0xff, 0xff, 0xff, 0xff, 0xff, 0xff, 0xff, 0xff, 0xff, 0xff, 0xff, 0xff,
	0xff, 0xff, 0xff, 0xff, 0xff, 0xff, 0xff, 0xff, 0xff, 0xff, 0xff, 0xff, 0xff, 0xff, 0xff, 0xff,
	0xff, 0xff, 0xff, 0xff, 0xff, 0xff, 0xff, 0xff, 0xff, 0xff, 0xff, 0xff, 0xff, 0xff, 0xff, 0xff,
	0xff, 0xff, 0xff, 0xff, 0xff, 0xff, 0xff, 0xff, 0xff, 0xff, 0xff, 0xff, 0xff, 0xff, 0xff, 0xff,
	0xff, 0xff, 0xff, 0xff, 0xff, 0xff, 0xff, 0xff, 0xff, 0xff, 0xff, 0xff, 0xff, 0xff, 0xff, 0xff,
	0xff, 0xff, 0xff, 0xff, 0xff, 0xff, 0xff, 0xff, 0xff, 0xff, 0xff, 0xff, 0xff, 0xff, 0xff, 0xff,
	0xff, 0xff, 0xff, 0xff, 0xff, 0xff, 0xff, 0xff, 0xff, 0xff, 0xff, 0xff, 0xff, 0xff, 0xff, 0xff,
	0xff, 0xff, 0xff, 0xff, 0xff, 0xff, 0xff, 0xff, 0xff, 0xff, 0xff, 0xff, 0xff, 0xff, 0xff, 0xff,
	0xff, 0xff, 0xff, 0xff, 0xff, 0xff, 0xff, 0xff, 0xff, 0xff, 0xff, 0xff, 0xff, 0xff, 0xff, 0xff,
	0xff, 0xff, 0xff, 0xff, 0xff, 0xff, 0xff, 0xff, 0xff, 0xff, 0xff, 0xff, 0xff, 0xff, 0xff, 0xff,
	0xff, 0xff, 0xff, 0xff, 0xff, 0xff, 0xff, 0xff, 0xff, 0xff, 0xff, 0xff, 0xff, 0xff, 0xff, 0xff,
	0xff, 0xff, 0xff, 0xff, 0xff, 0xff, 0xff, 0xff, 0xff, 0xff, 0xff, 0xff, 0xff, 0xff, 0xff, 0xff,
	0xff, 0xff, 0xff, 0xff, 0xff, 0xff, 0xff, 0xff, 0xff, 0xff, 0xff, 0xff, 0xff, 0xff, 0xff, 0xff,
	0xff, 0xff, 0xff, 0xff, 0xff, 0xff, 0xff, 0xff, 0xff, 0xff, 0xff, 0xff, 0xff, 0xff, 0xff, 0xff,
	0xff, 0xff, 0xff, 0xff, 0xff, 0xff, 0xff, 0xff, 0xff, 0xff, 0xff, 0xff, 0xff, 0xff, 0xff, 0xff,
	0xff, 0xff, 0xff, 0xff, 0xff, 0xff, 0xff, 0xff, 0xff, 0xff, 0xff, 0xff, 0xff, 0xff, 0xff, 0xff,
	0xff, 0xff, 0xff, 0xff, 0xff, 0xff, 0xff, 0xff, 0xff, 0xff, 0xff, 0xff, 0xff, 0xff, 0xff, 0xff,
	0xff, 0xff, 0xff, 0xff, 0xff, 0xff, 0xff, 0xff, 0xff, 0xff, 0xff, 0xff, 0xff, 0xff, 0xff, 0xff,
	0x00, 0x60, 0x00, 0x00, 0xff, 0xff, 0xff, 0xff, 0xff, 0xff, 0xff, 0xff, 0xff, 0xff, 0xff, 0xff,
	0xff, 0xff, 0xff, 0xff, 0xff, 0xff, 0xff, 0xff, 0xff, 0xff, 0xff, 0xff, 0xff, 0xff, 0xff, 0xff,
	0xff, 0xff, 0xff, 0xff, 0xff, 0xff, 0xff, 0xff, 0xff, 0xff, 0xff, 0xff, 0xff, 0xff, 0xff, 0xff,
	0xff, 0xff, 0xff, 0xff, 0xff, 0xff, 0xff, 0xff, 0xff, 0xff, 0xff, 0xff, 0xff, 0xff, 0xff, 0xff,
	0xff, 0xff, 0xff, 0xff, 0xff, 0xff, 0xff, 0xff, 0xff, 0xff, 0xff, 0xff, 0xff, 0xff, 0xff, 0xff,
	0xff, 0xff, 0xff, 0xff, 0xff, 0xff, 0xff, 0xff, 0xff, 0xff, 0xff, 0xff, 0xff, 0xff, 0xff, 0xff,
	0xff, 0xff, 0xff, 0xff, 0xff, 0xff, 0xff, 0xff, 0xff, 0xff, 0xff, 0xff, 0xff, 0xff, 0xff, 0xff,
	0xff, 0xff, 0xff, 0xff, 0xff, 0xff, 0xff, 0xff, 0xff, 0xff, 0xff, 0xff, 0xff, 0xff, 0xff, 0xff,
	0xff, 0xff, 0xff, 0xff, 0xff, 0xff, 0xff, 0xff, 0xff, 0xff, 0xff, 0xff, 0xff, 0xff, 0xff, 0xff,
	0xff, 0xff, 0xff, 0xff, 0xff, 0xff, 0xff, 0xff, 0xff, 0xff, 0xff, 0xff, 0xff, 0xff, 0xff, 0xff,
	0xff, 0xff, 0xff, 0xff, 0xff, 0xff, 0xff, 0xff, 0xff, 0xff, 0xff, 0xff, 0xff, 0xff, 0xff, 0xff,
	0xff, 0xff, 0xff, 0xff, 0xff, 0xff, 0xff, 0xff, 0xff, 0xff, 0xff, 0xff, 0xff, 0xff, 0xff, 0xff,
	0xff, 0xff, 0xff, 0xff, 0xff, 0xff, 0xff, 0xff, 0xff, 0xff, 0xff, 0xff, 0xff, 0xff, 0xff, 0xff,
	0xff, 0xff, 0xff, 0xff, 0xff, 0xff, 0xff, 0xff, 0xff, 0xff, 0xff, 0xff, 0xff, 0xff, 0xff, 0xff,
	0xff, 0xff, 0xff, 0xff, 0xff, 0xff, 0xff, 0xff, 0xff, 0xff, 0xff, 0xff, 0xff, 0xff, 0xff, 0xff,
	0xff, 0xff, 0xff, 0xff, 0xff, 0xff, 0xff, 0xff, 0xff, 0xff, 0xff, 0xff, 0xff, 0xff, 0xff, 0xff,
	0xff, 0xff, 0xff, 0xff, 0xff, 0xff, 0xff, 0xff, 0xff, 0xff, 0xff, 0xff, 0xff, 0xff, 0xff, 0xff,
	0xff, 0xff, 0xff, 0xff, 0xff, 0xff, 0xff, 0xff, 0xff, 0xff, 0xff, 0xff, 0xff, 0xff, 0xff, 0xff,
	0xff, 0xff, 0xff, 0xff, 0xff, 0xff, 0xff, 0xff, 0xff, 0xff, 0xff, 0xff, 0xff, 0xff, 0xff, 0xff,
	0xff, 0xff, 0xff, 0xff, 0xff, 0xff, 0xff, 0xff, 0xff, 0xff, 0xff, 0xff, 0xff, 0xff, 0xff, 0xff,
	0xff, 0xff, 0xff, 0xff, 0xff, 0xff, 0xff, 0xff, 0xff, 0xff, 0xff, 0xff, 0xff, 0xff, 0xff, 0xff,
	0xff, 0xff, 0xff, 0xff, 0xff, 0xff, 0xff, 0xff, 0xff, 0xff, 0xff, 0xff, 0xff, 0xff, 0xff, 0xff,
	0xff, 0xff, 0xff, 0xff, 0xff, 0xff, 0xff, 0xff, 0xff, 0xff, 0xff, 0xff, 0xff, 0xff, 0xff, 0xff,
	0xff, 0xff, 0xff, 0xff, 0xff, 0xff, 0xff, 0xff, 0xff, 0xff, 0xff, 0xff, 0xff, 0xff, 0xff, 0xff,
	0xff, 0xff, 0xff, 0xff, 0xff, 0xff, 0xff, 0xff, 0xff, 0xff, 0xff, 0xff, 0xff, 0xff, 0xff, 0xff,
	0xff, 0xff, 0xff, 0xff, 0xff, 0xff, 0xff, 0xff, 0xff, 0xff, 0xff, 0xff, 0xff, 0xff, 0xff, 0xff,
	0xff, 0xff, 0xff, 0xff, 0xff, 0xff, 0xff, 0xff, 0xff, 0xff, 0xff, 0xff, 0xff, 0xff, 0xff, 0xff,
	0xff, 0xff, 0xff, 0xff, 0xff, 0xff, 0xff, 0xff, 0xff, 0xff, 0xff, 0xff, 0xff, 0xff, 0xff, 0xff,
	0xff, 0xff, 0xff, 0xff, 0xff, 0xff, 0xff, 0xff, 0xff, 0xff, 0xff, 0xff, 0xff, 0xff, 0xff, 0xff,
	0xff, 0xff, 0xff, 0xff, 0xff, 0xff, 0xff, 0xff, 0xff, 0xff, 0xff, 0xff, 0xff, 0xff, 0xff, 0xff,
	0xff, 0xff, 0xff, 0xff, 0xff, 0xff, 0xff, 0xff, 0xff, 0xff, 0xff, 0xff, 0xff, 0xff, 0xff, 0xff,
	0xff, 0xff, 0xff, 0xff, 0xff, 0xff, 0xff, 0xff, 0xff, 0xff, 0xff, 0xff, 0xff, 0xff, 0xff, 0xff,
	0xff, 0xff, 0xff, 0xff, 0xff, 0xff, 0xff, 0xff, 0xff, 0xff, 0xff, 0xff, 0xff, 0xff, 0xff, 0xff,
	0xff, 0xff, 0xff, 0xff, 0xff, 0xff, 0xff, 0xff, 0xff, 0xff, 0xff, 0xff, 0xff, 0xff, 0xff, 0xff,
	0xff, 0xff, 0xff, 0xff, 0xff, 0xff, 0xff, 0xff, 0xff, 0xff, 0xff, 0xff, 0xff, 0xff, 0xff, 0xff,
	0xff, 0xff, 0xff, 0xff, 0xff, 0xff, 0xff, 0xff, 0xff, 0xff, 0xff, 0xff, 0xff, 0xff, 0xff, 0xff,
	0xff, 0xff, 0xff, 0xff, 0xff, 0xff, 0xff, 0xff, 0xff, 0xff, 0xff, 0xff, 0xff, 0xff, 0xff, 0xff,
	0xff, 0xff, 0xff, 0xff, 0xff, 0xff, 0xff, 0xff, 0xff, 0xff, 0xff, 0xff, 0xff, 0xff, 0xff, 0xff,
	0xff, 0xff, 0xff, 0xff, 0xff, 0xff, 0xff, 0xff, 0xff, 0xff, 0xff, 0xff, 0xff, 0xff, 0xff, 0xff,
	0xff, 0xff, 0xff, 0xff, 0xff, 0xff, 0xff, 0xff, 0xff, 0xff, 0xff, 0xff, 0xff, 0xff, 0xff, 0xff,
	0xff, 0xff, 0xff, 0xff, 0xff, 0xff, 0xff, 0xff, 0xff, 0xff, 0xff, 0xff, 0xff, 0xff, 0xff, 0xff,
	0xff, 0xff, 0xff, 0xff, 0xff, 0xff, 0xff, 0xff, 0xff, 0xff, 0xff, 0xff, 0xff, 0xff, 0xff, 0xff,
	0xff, 0xff, 0xff, 0xff, 0xff, 0xff, 0xff, 0xff, 0xff, 0xff, 0xff, 0xff, 0xff, 0xff, 0xff, 0xff,
	0xff, 0xff, 0xff, 0xff, 0xff, 0xff, 0xff, 0xff, 0xff, 0xff, 0xff, 0xff, 0xff, 0xff, 0xff, 0xff,
	0xff, 0xff, 0xff, 0xff, 0xff, 0xff, 0xff, 0xff, 0xff, 0xff, 0xff, 0xff, 0xff, 0xff, 0xff, 0xff,
	0xff, 0xff, 0xff, 0xff, 0xff, 0xff, 0xff, 0xff, 0xff, 0xff, 0xff, 0xff, 0xff, 0xff, 0xff, 0xff,
	0xff, 0xff, 0xff, 0xff, 0xff, 0xff, 0xff, 0xff, 0xff, 0xff, 0xff, 0xff, 0xff, 0xff, 0xff, 0xff,
	0xff, 0xff, 0xff, 0xff, 0xff, 0xff, 0xff, 0xff, 0xff, 0xff, 0xff, 0xff, 0xff, 0xff, 0xff, 0xff,
	0xff, 0xff, 0xff, 0xff, 0xff, 0xff, 0xff, 0xff, 0xff, 0xff, 0xff, 0xff, 0xff, 0xff, 0xff, 0xff,
	0xff, 0xff, 0xff, 0xff, 0xff, 0xff, 0xff, 0xff, 0xff, 0xff, 0xff, 0xff, 0xff, 0xff, 0xff, 0xff,
	0xff, 0xff, 0xff, 0xff, 0xff, 0xff, 0xff, 0xff, 0xff, 0xff, 0xff, 0xff, 0xff, 0xff, 0xff, 0xff,
	0xff, 0xff, 0xff, 0xff, 0xff, 0xff, 0xff, 0xff, 0xff, 0xff, 0xff, 0xff, 0xff, 0xff, 0xff, 0xff,
	0xff, 0xff, 0xff, 0xff, 0xff, 0xff, 0xff, 0xff, 0xff, 0xff, 0xff, 0xff, 0xff, 0xff, 0xff, 0xff,
	0xff, 0xff, 0xff, 0xff, 0xff, 0xff, 0xff, 0xff, 0xff, 0xff, 0xff, 0xff, 0xff, 0xff, 0xff, 0xff,
	0xff, 0xff, 0xff, 0xff, 0xff, 0xff, 0xff, 0xff, 0xff, 0xff, 0xff, 0xff, 0xff, 0xff, 0xff, 0xff,
	0xff, 0xff, 0xff, 0xff, 0xff, 0xff, 0xff, 0xff, 0xff, 0xff, 0xff, 0xff, 0xff, 0xff, 0xff, 0xff,
	0xff, 0xff, 0xff, 0xff, 0xff, 0xff, 0xff, 0xff, 0xff, 0xff, 0xff, 0xff, 0xff, 0xff, 0xff, 0xff,
	0xff, 0xff, 0xff, 0xff, 0xff, 0xff, 0xff, 0xff, 0xff, 0xff, 0xff, 0xff, 0xff, 0xff, 0xff, 0xff,
	0xff, 0xff, 0xff, 0xff, 0xff, 0xff, 0xff, 0xff, 0xff, 0xff, 0xff, 0xff, 0xff, 0xff, 0xff, 0xff,
	0xff, 0xff, 0xff, 0xff, 0xff, 0xff, 0xff, 0xff, 0xff, 0xff, 0xff, 0xff, 0xff, 0xff, 0xff, 0xff,
	0xff, 0xff, 0xff, 0xff, 0xff, 0xff, 0xff, 0xff, 0xff, 0xff, 0xff, 0xff, 0xff, 0xff, 0xff, 0xff,
	0xff, 0xff, 0xff, 0xff, 0xff, 0xff, 0xff, 0xff, 0xff, 0xff, 0xff, 0xff, 0xff, 0xff, 0xff, 0xff,
	0xff, 0xff, 0xff, 0xff, 0xff, 0xff, 0xff, 0xff, 0xff, 0xff, 0xff, 0xff, 0xff, 0xff, 0xff, 0xff,
	0xff, 0xff, 0xff, 0xff, 0xff, 0xff, 0xff, 0xff, 0xff, 0xff, 0xff, 0xff, 0xff, 0xff, 0xff, 0xff,
	0xff, 0xff, 0xff, 0xff, 0xff, 0xff, 0xff, 0xff, 0xff, 0xff, 0xff, 0xff, 0xff, 0xff, 0xff, 0xff,
	0xff, 0xff, 0xff, 0xff, 0xff, 0xff, 0xff, 0xff, 0xff, 0xff, 0xff, 0xff, 0xff, 0xff, 0xff, 0xff,
	0xff, 0xff, 0xff, 0xff, 0xff, 0xff, 0xff, 0xff, 0xff, 0xff, 0xff, 0xff, 0xff, 0xff, 0xff, 0xff,
	0xff, 0xff, 0xff, 0xff, 0xff, 0xff, 0xff, 0xff, 0xff, 0xff, 0xff, 0xff, 0xff, 0xff, 0xff, 0xff,
	0xff, 0xff, 0xff, 0xff, 0xff, 0xff, 0xff, 0xff, 0xff, 0xff, 0xff, 0xff, 0xff, 0xff, 0xff, 0xff,
	0xff, 0xff, 0xff, 0xff, 0xff, 0xff, 0xff, 0xff, 0xff, 0xff, 0xff, 0xff, 0xff, 0xff, 0xff, 0xff,
	0xff, 0xff, 0xff, 0xff, 0xff, 0xff, 0xff, 0xff, 0xff, 0xff, 0xff, 0xff, 0xff, 0xff, 0xff, 0xff,
	0xff, 0xff, 0xff, 0xff, 0xff, 0xff, 0xff, 0xff, 0xff, 0xff, 0xff, 0xff, 0xff, 0xff, 0xff, 0xff,
	0xff, 0xff, 0xff, 0xff, 0xff, 0xff, 0xff, 0xff, 0xff, 0xff, 0xff, 0xff, 0xff, 0xff, 0xff, 0xff,
	0xff, 0xff, 0xff, 0xff, 0xff, 0xff, 0xff, 0xff, 0xff, 0xff, 0xff, 0xff, 0xff, 0xff, 0xff, 0xff,
	0xff, 0xff, 0xff, 0xff, 0xff, 0xff, 0xff, 0xff, 0xff, 0xff, 0xff, 0xff, 0xff, 0xff, 0xff, 0xff,
	0xff, 0xff, 0xff, 0xff, 0xff, 0xff, 0xff, 0xff, 0xff, 0xff, 0xff, 0xff, 0xff, 0xff, 0xff, 0xff,
	0xff, 0xff, 0xff, 0xff, 0xff, 0xff, 0xff, 0xff, 0xff, 0xff, 0xff, 0xff, 0xff, 0xff, 0xff, 0xff,
	0xff, 0xff, 0xff, 0xff, 0xff, 0xff, 0xff, 0xff, 0xff, 0xff, 0xff, 0xff, 0xff, 0xff, 0xff, 0xff,
	0xff, 0xff, 0xff, 0xff, 0xff, 0xff, 0xff, 0xff, 0xff, 0xff, 0xff, 0xff, 0xff, 0xff, 0xff, 0xff,
	0xff, 0xff, 0xff, 0xff, 0xff, 0xff, 0xff, 0xff, 0xff, 0xff, 0xff, 0xff, 0xff, 0xff, 0xff, 0xff,
	0xff, 0xff, 0xff, 0xff, 0xff, 0xff, 0xff, 0xff, 0xff, 0xff, 0xff, 0xff, 0xff, 0xff, 0xff, 0xff,
	0xff, 0xff, 0xff, 0xff, 0xff, 0xff, 0xff, 0xff, 0xff, 0xff, 0xff, 0xff, 0xff, 0xff, 0xff, 0xff,
	0xff, 0xff, 0xff, 0xff, 0xff, 0xff, 0xff, 0xff, 0xff, 0xff, 0xff, 0xff, 0xff, 0xff, 0xff, 0xff,
	0xff, 0xff, 0xff, 0xff, 0xff, 0xff, 0xff, 0xff, 0xff, 0xff, 0xff, 0xff, 0xff, 0xff, 0xff, 0xff,
	0xff, 0xff, 0xff, 0xff, 0xff, 0xff, 0xff, 0xff, 0xff, 0xff, 0xff, 0xff, 0xff, 0xff, 0xff, 0xff,
	0xff, 0xff, 0xff, 0xff, 0xff, 0xff, 0xff, 0xff, 0xff, 0xff, 0xff, 0xff, 0xff, 0xff, 0xff, 0xff,
	0xff, 0xff, 0xff, 0xff, 0xff, 0xff, 0xff, 0xff, 0xff, 0xff, 0xff, 0xff, 0xff, 0xff, 0xff, 0xff,
	0xff, 0xff, 0xff, 0xff, 0xff, 0xff, 0xff, 0xff, 0xff, 0xff, 0xff, 0xff, 0xff, 0xff, 0xff, 0xff,
	0xff, 0xff, 0xff, 0xff, 0xff, 0xff, 0xff, 0xff, 0xff, 0xff, 0xff, 0xff, 0xff, 0xff, 0xff, 0xff,
	0xff, 0xff, 0xff, 0xff, 0xff, 0xff, 0xff, 0xff, 0xff, 0xff, 0xff, 0xff, 0xff, 0xff, 0xff, 0xff,
	0xff, 0xff, 0xff, 0xff, 0xff, 0xff, 0xff, 0xff, 0xff, 0xff, 0xff, 0xff, 0xff, 0xff, 0xff, 0xff,
	0xff, 0xff, 0xff, 0xff, 0xff, 0xff, 0xff, 0xff, 0xff, 0xff, 0xff, 0xff, 0xff, 0xff, 0xff, 0xff,
	0xff, 0xff, 0xff, 0xff, 0xff, 0xff, 0xff, 0xff, 0xff, 0xff, 0xff, 0xff, 0xff, 0xff, 0xff, 0xff,
	0xff, 0xff, 0xff, 0xff, 0xff, 0xff, 0xff, 0xff, 0xff, 0xff, 0xff, 0xff, 0xff, 0xff, 0xff, 0xff,
	0xff, 0xff, 0xff, 0xff, 0xff, 0xff, 0xff, 0xff, 0xff, 0xff, 0xff, 0xff, 0xff, 0xff, 0xff, 0xff,
	0xff, 0xff, 0xff, 0xff, 0xff, 0xff, 0xff, 0xff, 0xff, 0xff, 0xff, 0xff, 0xff, 0xff, 0xff, 0xff,
	0xff, 0xff, 0xff, 0xff, 0xff, 0xff, 0xff, 0xff, 0xff, 0xff, 0xff, 0xff, 0xff, 0xff, 0xff, 0xff,
	0xff, 0xff, 0xff, 0xff, 0xff, 0xff, 0xff, 0xff, 0xff, 0xff, 0xff, 0xff, 0xff, 0xff, 0xff, 0xff,
	0xff, 0xff, 0xff, 0xff, 0xff, 0xff, 0xff, 0xff, 0xff, 0xff, 0xff, 0xff, 0xff, 0xff, 0xff, 0xff,
	0xff, 0xff, 0xff, 0xff, 0xff, 0xff, 0xff, 0xff, 0xff, 0xff, 0xff, 0xff, 0xff, 0xff, 0xff, 0xff,
	0xff, 0xff, 0xff, 0xff, 0xff, 0xff, 0xff, 0xff, 0xff, 0xff, 0xff, 0xff, 0xff, 0xff, 0xff, 0xff,
	0xff, 0xff, 0xff, 0xff, 0xff, 0xff, 0xff, 0xff, 0xff, 0xff, 0xff, 0xff, 0xff, 0xff, 0xff, 0xff,
	0xff, 0xff, 0xff, 0xff, 0xff, 0xff, 0xff, 0xff, 0xff, 0xff, 0xff, 0xff, 0xff, 0xff, 0xff, 0xff,
	0xff, 0xff, 0xff, 0xff, 0xff, 0xff, 0xff, 0xff, 0xff, 0xff, 0xff, 0xff, 0xff, 0xff, 0xff, 0xff,
	0xff, 0xff, 0xff, 0xff, 0xff, 0xff, 0xff, 0xff, 0xff, 0xff, 0xff, 0xff, 0xff, 0xff, 0xff, 0xff,
	0xff, 0xff, 0xff, 0xff, 0xff, 0xff, 0xff, 0xff, 0xff, 0xff, 0xff, 0xff, 0xff, 0xff, 0xff, 0xff,
	0xff, 0xff, 0xff, 0xff, 0xff, 0xff, 0xff, 0xff, 0xff, 0xff, 0xff, 0xff, 0xff, 0xff, 0xff, 0xff,
	0xff, 0xff, 0xff, 0xff, 0xff, 0xff, 0xff, 0xff, 0xff, 0xff, 0xff, 0xff, 0xff, 0xff, 0xff, 0xff,
	0xff, 0xff, 0xff, 0xff, 0xff, 0xff, 0xff, 0xff, 0xff, 0xff, 0xff, 0xff, 0xff, 0xff, 0xff, 0xff,
	0xff, 0xff, 0xff, 0xff, 0xff, 0xff, 0xff, 0xff, 0xff, 0xff, 0xff, 0xff, 0xff, 0xff, 0xff, 0xff,
	0xff, 0xff, 0xff, 0xff, 0xff, 0xff, 0xff, 0xff, 0xff, 0xff, 0xff, 0xff, 0xff, 0xff, 0xff, 0xff,
	0xff, 0xff, 0xff, 0xff, 0xff, 0xff, 0xff, 0xff, 0xff, 0xff, 0xff, 0xff, 0xff, 0xff, 0xff, 0xff,
	0xff, 0xff, 0xff, 0xff, 0xff, 0xff, 0xff, 0xff, 0xff, 0xff, 0xff, 0xff, 0xff, 0xff, 0xff, 0xff,
	0xff, 0xff, 0xff, 0xff, 0xff, 0xff, 0xff, 0xff, 0xff, 0xff, 0xff, 0xff, 0xff, 0xff, 0xff, 0xff,
	0xff, 0xff, 0xff, 0xff, 0xff, 0xff, 0xff, 0xff, 0xff, 0xff, 0xff, 0xff, 0xff, 0xff, 0xff, 0xff,
	0xff, 0xff, 0xff, 0xff, 0xff, 0xff, 0xff, 0xff, 0xff, 0xff, 0xff, 0xff, 0xff, 0xff, 0xff, 0xff,
	0xff, 0xff, 0xff, 0xff, 0xff, 0xff, 0xff, 0xff, 0xff, 0xff, 0xff, 0xff, 0xff, 0xff, 0xff, 0xff,
	0xff, 0xff, 0xff, 0xff, 0xff, 0xff, 0xff, 0xff, 0xff, 0xff, 0xff, 0xff, 0xff, 0xff, 0xff, 0xff,
	0xff, 0xff, 0xff, 0xff, 0xff, 0xff, 0xff, 0xff, 0xff, 0xff, 0xff, 0xff, 0xff, 0xff, 0xff, 0xff,
	0xff, 0xff, 0xff, 0xff, 0xff, 0xff, 0xff, 0xff, 0xff, 0xff, 0xff, 0xff, 0xff, 0xff, 0xff, 0xff,
	0xff, 0xff, 0xff, 0xff, 0xff, 0xff, 0xff, 0xff, 0xff, 0xff, 0xff, 0xff, 0xff, 0xff, 0xff, 0xff,
	0xff, 0xff, 0xff, 0xff, 0xff, 0xff, 0xff, 0xff, 0xff, 0xff, 0xff, 0xff, 0xff, 0xff, 0xff, 0xff,
	0xff, 0xff, 0xff, 0xff, 0xff, 0xff, 0xff, 0xff, 0xff, 0xff, 0xff, 0xff, 0xff, 0xff, 0xff, 0xff,
	0xff, 0xff, 0xff, 0xff, 0xff, 0xff, 0xff, 0xff, 0xff, 0xff, 0xff, 0xff, 0xff, 0xff, 0xff, 0xff,
	0xff, 0xff, 0xff, 0xff, 0xff, 0xff, 0xff, 0xff, 0xff, 0xff, 0xff, 0xff, 0xff, 0xff, 0xff, 0xff,
	0xff, 0xff, 0xff, 0xff, 0xff, 0xff, 0xff, 0xff, 0xff, 0xff, 0xff, 0xff, 0xff, 0xff, 0xff, 0xff,
	0xff, 0xff, 0xff, 0xff, 0xff, 0xff, 0xff, 0xff, 0xff, 0xff, 0xff, 0xff, 0xff, 0xff, 0xff, 0xff,
	0xff, 0xff, 0xff, 0xff, 0xff, 0xff, 0xff, 0xff, 0xff, 0xff, 0xff, 0xff, 0xff, 0xff, 0xff, 0xff,
	0xff, 0xff, 0xff, 0xff, 0xff, 0xff, 0xff, 0xff, 0xff, 0xff, 0xff, 0xff, 0xff, 0xff, 0xff, 0xff,
	0xff, 0xff, 0xff, 0xff, 0xff, 0xff, 0xff, 0xff, 0xff, 0xff, 0xff, 0xff, 0xff, 0xff, 0xff, 0xff,
	0xff, 0xff, 0xff, 0xff, 0xff, 0xff, 0xff, 0xff, 0xff, 0xff, 0xff, 0xff, 0xff, 0xff, 0xff, 0xff,
	0xff, 0xff, 0xff, 0xff, 0xff, 0xff, 0xff, 0xff, 0xff, 0xff, 0xff, 0xff, 0xff, 0xff, 0xff, 0xff,
	0xff, 0xff, 0xff, 0xff, 0xff, 0xff, 0xff, 0xff, 0xff, 0xff, 0xff, 0xff, 0xff, 0xff, 0xff, 0xff,
	0xff, 0xff, 0xff, 0xff, 0xff, 0xff, 0xff, 0xff, 0xff, 0xff, 0xff, 0xff, 0xff, 0xff, 0xff, 0xff,
	0xff, 0xff, 0xff, 0xff, 0xff, 0xff, 0xff, 0xff, 0xff, 0xff, 0xff, 0xff, 0xff, 0xff, 0xff, 0xff,
	0xff, 0xff, 0xff, 0xff, 0xff, 0xff, 0xff, 0xff, 0xff, 0xff, 0xff, 0xff, 0xff, 0xff, 0xff, 0xff,
	0xff, 0xff, 0xff, 0xff, 0xff, 0xff, 0xff, 0xff, 0xff, 0xff, 0xff, 0xff, 0xff, 0xff, 0xff, 0xff,
	0xff, 0xff, 0xff, 0xff, 0xff, 0xff, 0xff, 0xff, 0xff, 0xff, 0xff, 0xff, 0xff, 0xff, 0xff, 0xff,
	0xff, 0xff, 0xff, 0xff, 0xff, 0xff, 0xff, 0xff, 0xff, 0xff, 0xff, 0xff, 0xff, 0xff, 0xff, 0xff,
	0xff, 0xff, 0xff, 0xff, 0xff, 0xff, 0xff, 0xff, 0xff, 0xff, 0xff, 0xff, 0xff, 0xff, 0xff, 0xff,
	0xff, 0xff, 0xff, 0xff, 0xff, 0xff, 0xff, 0xff, 0xff, 0xff, 0xff, 0xff, 0xff, 0xff, 0xff, 0xff,
	0xff, 0xff, 0xff, 0xff, 0xff, 0xff, 0xff, 0xff, 0xff, 0xff, 0xff, 0xff, 0xff, 0xff, 0xff, 0xff,
	0xff, 0xff, 0xff, 0xff, 0xff, 0xff, 0xff, 0xff, 0xff, 0xff, 0xff, 0xff, 0xff, 0xff, 0xff, 0xff,
	0xff, 0xff, 0xff, 0xff, 0xff, 0xff, 0xff, 0xff, 0xff, 0xff, 0xff, 0xff, 0xff, 0xff, 0xff, 0xff,
	0xff, 0xff, 0xff, 0xff, 0xff, 0xff, 0xff, 0xff, 0xff, 0xff, 0xff, 0xff, 0xff, 0xff, 0xff, 0xff,
	0xff, 0xff, 0xff, 0xff, 0xff, 0xff, 0xff, 0xff, 0xff, 0xff, 0xff, 0xff, 0xff, 0xff, 0xff, 0xff,
	0xff, 0xff, 0xff, 0xff, 0xff, 0xff, 0xff, 0xff, 0xff, 0xff, 0xff, 0xff, 0xff, 0xff, 0xff, 0xff,
	0xff, 0xff, 0xff, 0xff, 0xff, 0xff, 0xff, 0xff, 0xff, 0xff, 0xff, 0xff, 0xff, 0xff, 0xff, 0xff,
	0xff, 0xff, 0xff, 0xff, 0xff, 0xff, 0xff, 0xff, 0xff, 0xff, 0xff, 0xff, 0xff, 0xff, 0xff, 0xff,
	0xff, 0xff, 0xff, 0xff, 0xff, 0xff, 0xff, 0xff, 0xff, 0xff, 0xff, 0xff, 0xff, 0xff, 0xff, 0xff,
	0xff, 0xff, 0xff, 0xff, 0xff, 0xff, 0xff, 0xff, 0xff, 0xff, 0xff, 0xff, 0xff, 0xff, 0xff, 0xff,
	0xff, 0xff, 0xff, 0xff, 0xff, 0xff, 0xff, 0xff, 0xff, 0xff, 0xff, 0xff, 0xff, 0xff, 0xff, 0xff,
	0xff, 0xff, 0xff, 0xff, 0xff, 0xff, 0xff, 0xff, 0xff, 0xff, 0xff, 0xff, 0xff, 0xff, 0xff, 0xff,
	0xff, 0xff, 0xff, 0xff, 0xff, 0xff, 0xff, 0xff, 0xff, 0xff, 0xff, 0xff, 0xff, 0xff, 0xff, 0xff,
	0xff, 0xff, 0xff, 0xff, 0xff, 0xff, 0xff, 0xff, 0xff, 0xff, 0xff, 0xff, 0xff, 0xff, 0xff, 0xff,
	0xff, 0xff, 0xff, 0xff, 0xff, 0xff, 0xff, 0xff, 0xff, 0xff, 0xff, 0xff, 0xff, 0xff, 0xff, 0xff,
	0xff, 0xff, 0xff, 0xff, 0xff, 0xff, 0xff, 0xff, 0xff, 0xff, 0xff, 0xff, 0xff, 0xff, 0xff, 0xff,
	0xff, 0xff, 0xff, 0xff, 0xff, 0xff, 0xff, 0xff, 0xff, 0xff, 0xff, 0xff, 0xff, 0xff, 0xff, 0xff,
	0xff, 0xff, 0xff, 0xff, 0xff, 0xff, 0xff, 0xff, 0xff, 0xff, 0xff, 0xff, 0xff, 0xff, 0xff, 0xff,
	0xff, 0xff, 0xff, 0xff, 0xff, 0xff, 0xff, 0xff, 0xff, 0xff, 0xff, 0xff, 0xff, 0xff, 0xff, 0xff,
	0xff, 0xff, 0xff, 0xff, 0xff, 0xff, 0xff, 0xff, 0xff, 0xff, 0xff, 0xff, 0xff, 0xff, 0xff, 0xff,
	0xff, 0xff, 0xff, 0xff, 0xff, 0xff, 0xff, 0xff, 0xff, 0xff, 0xff, 0xff, 0xff, 0xff, 0xff, 0xff,
	0xff, 0xff, 0xff, 0xff, 0xff, 0xff, 0xff, 0xff, 0xff, 0xff, 0xff, 0xff, 0xff, 0xff, 0xff, 0xff,
	0xff, 0xff, 0xff, 0xff, 0xff, 0xff, 0xff, 0xff, 0xff, 0xff, 0xff, 0xff, 0xff, 0xff, 0xff, 0xff,
	0xff, 0xff, 0xff, 0xff, 0xff, 0xff, 0xff, 0xff, 0xff, 0xff, 0xff, 0xff, 0xff, 0xff, 0xff, 0xff,
	0xff, 0xff, 0xff, 0xff, 0xff, 0xff, 0xff, 0xff, 0xff, 0xff, 0xff, 0xff, 0xff, 0xff, 0xff, 0xff,
	0xff, 0xff, 0xff, 0xff, 0xff, 0xff, 0xff, 0xff, 0xff, 0xff, 0xff, 0xff, 0xff, 0xff, 0xff, 0xff,
	0xff, 0xff, 0xff, 0xff, 0xff, 0xff, 0xff, 0xff, 0xff, 0xff, 0xff, 0xff, 0xff, 0xff, 0xff, 0xff,
	0xff, 0xff, 0xff, 0xff, 0xff, 0xff, 0xff, 0xff, 0xff, 0xff, 0xff, 0xff, 0xff, 0xff, 0xff, 0xff,
	0xff, 0xff, 0xff, 0xff, 0xff, 0xff, 0xff, 0xff, 0xff, 0xff, 0xff, 0xff, 0xff, 0xff, 0xff, 0xff,
	0xff, 0xff, 0xff, 0xff, 0xff, 0xff, 0xff, 0xff, 0xff, 0xff, 0xff, 0xff, 0xff, 0xff, 0xff, 0xff,
	0xff, 0xff, 0xff, 0xff, 0xff, 0xff, 0xff, 0xff, 0xff, 0xff, 0xff, 0xff, 0xff, 0xff, 0xff, 0xff,
	0xff, 0xff, 0xff, 0xff, 0xff, 0xff, 0xff, 0xff, 0xff, 0xff, 0xff, 0xff, 0xff, 0xff, 0xff, 0xff,
	0xff, 0xff, 0xff, 0xff, 0xff, 0xff, 0xff, 0xff, 0xff, 0xff, 0xff, 0xff, 0xff, 0xff, 0xff, 0xff,
	0xff, 0xff, 0xff, 0xff, 0xff, 0xff, 0xff, 0xff, 0xff, 0xff, 0xff, 0xff, 0xff, 0xff, 0xff, 0xff,
	0xff, 0xff, 0xff, 0xff, 0xff, 0xff, 0xff, 0xff, 0xff, 0xff, 0xff, 0xff, 0xff, 0xff, 0xff, 0xff,
	0xff, 0xff, 0xff, 0xff, 0xff, 0xff, 0xff, 0xff, 0xff, 0xff, 0xff, 0xff, 0xff, 0xff, 0xff, 0xff,
	0xff, 0xff, 0xff, 0xff, 0xff, 0xff, 0xff, 0xff, 0xff, 0xff, 0xff, 0xff, 0xff, 0xff, 0xff, 0xff,
	0xff, 0xff, 0xff, 0xff, 0xff, 0xff, 0xff, 0xff, 0xff, 0xff, 0xff, 0xff, 0xff, 0xff, 0xff, 0xff,
	0xff, 0xff, 0xff, 0xff, 0xff, 0xff, 0xff, 0xff, 0xff, 0xff, 0xff, 0xff, 0xff, 0xff, 0xff, 0xff,
	0xff, 0xff, 0xff, 0xff, 0xff, 0xff, 0xff, 0xff, 0xff, 0xff, 0xff, 0xff, 0xff, 0xff, 0xff, 0xff,
	0xff, 0xff, 0xff, 0xff, 0xff, 0xff, 0xff, 0xff, 0xff, 0xff, 0xff, 0xff, 0xff, 0xff, 0xff, 0xff,
	0xff, 0xff, 0xff, 0xff, 0xff, 0xff, 0xff, 0xff, 0xff, 0xff, 0xff, 0xff, 0xff, 0xff, 0xff, 0xff,
	0xff, 0xff, 0xff, 0xff, 0xff, 0xff, 0xff, 0xff, 0xff, 0xff, 0xff, 0xff, 0xff, 0xff, 0xff, 0xff,
	0xff, 0xff, 0xff, 0xff, 0xff, 0xff, 0xff, 0xff, 0xff, 0xff, 0xff, 0xff, 0xff, 0xff, 0xff, 0xff,
	0xff, 0xff, 0xff, 0xff, 0xff, 0xff, 0xff, 0xff, 0xff, 0xff, 0xff, 0xff, 0xff, 0xff, 0xff, 0xff,
	0xff, 0xff, 0xff, 0xff, 0xff, 0xff, 0xff, 0xff, 0xff, 0xff, 0xff, 0xff, 0xff, 0xff, 0xff, 0xff,
	0xff, 0xff, 0xff, 0xff, 0xff, 0xff, 0xff, 0xff, 0xff, 0xff, 0xff, 0xff, 0xff, 0xff, 0xff, 0xff,
	0xff, 0xff, 0xff, 0xff, 0xff, 0xff, 0xff, 0xff, 0xff, 0xff, 0xff, 0xff, 0xff, 0xff, 0xff, 0xff,
	0xff, 0xff, 0xff, 0xff, 0xff, 0xff, 0xff, 0xff, 0xff, 0xff, 0xff, 0xff, 0xff, 0xff, 0xff, 0xff,
	0xff, 0xff, 0xff, 0xff, 0xff, 0xff, 0xff, 0xff, 0xff, 0xff, 0xff, 0xff, 0xff, 0xff, 0xff, 0xff,
	0xff, 0xff, 0xff, 0xff, 0xff, 0xff, 0xff, 0xff, 0xff, 0xff, 0xff, 0xff, 0xff, 0xff, 0xff, 0xff,
	0xff, 0xff, 0xff, 0xff, 0xff, 0xff, 0xff, 0xff, 0xff, 0xff, 0xff, 0xff, 0xff, 0xff, 0xff, 0xff,
	0xff, 0xff, 0xff, 0xff, 0xff, 0xff, 0xff, 0xff, 0xff, 0xff, 0xff, 0xff, 0xff, 0xff, 0xff, 0xff,
	0xff, 0xff, 0xff, 0xff, 0xff, 0xff, 0xff, 0xff, 0xff, 0xff, 0xff, 0xff, 0xff, 0xff, 0xff, 0xff,
	0xff, 0xff, 0xff, 0xff, 0xff, 0xff, 0xff, 0xff, 0xff, 0xff, 0xff, 0xff, 0xff, 0xff, 0xff, 0xff,
	0xff, 0xff, 0xff, 0xff, 0xff, 0xff, 0xff, 0xff, 0xff, 0xff, 0xff, 0xff, 0xff, 0xff, 0xff, 0xff,
	0xff, 0xff, 0xff, 0xff, 0xff, 0xff, 0xff, 0xff, 0xff, 0xff, 0xff, 0xff, 0xff, 0xff, 0xff, 0xff,
	0xff, 0xff, 0xff, 0xff, 0xff, 0xff, 0xff, 0xff, 0xff, 0xff, 0xff, 0xff, 0xff, 0xff, 0xff, 0xff,
	0xff, 0xff, 0xff, 0xff, 0xff, 0xff, 0xff, 0xff, 0xff, 0xff, 0xff, 0xff, 0xff, 0xff, 0xff, 0xff,
	0xff, 0xff, 0xff, 0xff, 0xff, 0xff, 0xff, 0xff, 0xff, 0xff, 0xff, 0xff, 0xff, 0xff, 0xff, 0xff,
	0xff, 0xff, 0xff, 0xff, 0xff, 0xff, 0xff, 0xff, 0xff, 0xff, 0xff, 0xff, 0xff, 0xff, 0xff, 0xff,
	0xff, 0xff, 0xff, 0xff, 0xff, 0xff, 0xff, 0xff, 0xff, 0xff, 0xff, 0xff, 0xff, 0xff, 0xff, 0xff,
	0xff, 0xff, 0xff, 0xff, 0xff, 0xff, 0xff, 0xff, 0xff, 0xff, 0xff, 0xff, 0xff, 0xff, 0xff, 0xff,
	0xff, 0xff, 0xff, 0xff, 0xff, 0xff, 0xff, 0xff, 0xff, 0xff, 0xff, 0xff, 0xff, 0xff, 0xff, 0xff,
	0xff, 0xff, 0xff, 0xff, 0xff, 0xff, 0xff, 0xff, 0xff, 0xff, 0xff, 0xff, 0xff, 0xff, 0xff, 0xff,
	0xff, 0xff, 0xff, 0xff, 0xff, 0xff, 0xff, 0xff, 0xff, 0xff, 0xff, 0xff, 0xff, 0xff, 0xff, 0xff,
	0xff, 0xff, 0xff, 0xff, 0xff, 0xff, 0xff, 0xff, 0xff, 0xff, 0xff, 0xff, 0xff, 0xff, 0xff, 0xff,
	0xff, 0xff, 0xff, 0xff, 0xff, 0xff, 0xff, 0xff, 0xff, 0xff, 0xff, 0xff, 0xff, 0xff, 0xff, 0xff,
	0xff, 0xff, 0xff, 0xff, 0xff, 0xff, 0xff, 0xff, 0xff, 0xff, 0xff, 0xff, 0xff, 0xff, 0xff, 0xff,
	0xff, 0xff, 0xff, 0xff, 0xff, 0xff, 0xff, 0xff, 0xff, 0xff, 0xff, 0xff, 0xff, 0xff, 0xff, 0xff,
	0xff, 0xff, 0xff, 0xff, 0xff, 0xff, 0xff, 0xff, 0xff, 0xff, 0xff, 0xff, 0xff, 0xff, 0xff, 0xff,
	0xff, 0xff, 0xff, 0xff, 0xff, 0xff, 0xff, 0xff, 0xff, 0xff, 0xff, 0xff, 0xff, 0xff, 0xff, 0xff,
	0xff, 0xff, 0xff, 0xff, 0xff, 0xff, 0xff, 0xff, 0xff, 0xff, 0xff, 0xff, 0xff, 0xff, 0xff, 0xff,
	0xff, 0xff, 0xff, 0xff, 0xff, 0xff, 0xff, 0xff, 0xff, 0xff, 0xff, 0xff, 0xff, 0xff, 0xff, 0xff,
	0xff, 0xff, 0xff, 0xff, 0xff, 0xff, 0xff, 0xff, 0xff, 0xff, 0xff, 0xff, 0xff, 0xff, 0xff, 0xff,
	0xff, 0xff, 0xff, 0xff, 0xff, 0xff, 0xff, 0xff, 0xff, 0xff, 0xff, 0xff, 0xff, 0xff, 0xff, 0xff,
	0xff, 0xff, 0xff, 0xff, 0xff, 0xff, 0xff, 0xff, 0xff, 0xff, 0xff, 0xff, 0xff, 0xff, 0xff, 0xff,
	0xff, 0xff, 0xff, 0xff, 0xff, 0xff, 0xff, 0xff, 0xff, 0xff, 0xff, 0xff, 0xff, 0xff, 0xff, 0xff,
	0xff, 0xff, 0xff, 0xff, 0xff, 0xff, 0xff, 0xff, 0xff, 0xff, 0xff, 0xff, 0xff, 0xff, 0xff, 0xff,
	0xff, 0xff, 0xff, 0xff, 0xff, 0xff, 0xff, 0xff, 0xff, 0xff, 0xff, 0xff, 0xff, 0xff, 0xff, 0xff,
	0xff, 0xff, 0xff, 0xff, 0xff, 0xff, 0xff, 0xff, 0xff, 0xff, 0xff, 0xff, 0xff, 0xff, 0xff, 0xff,
	0xff, 0xff, 0xff, 0xff, 0xff, 0xff, 0xff, 0xff, 0xff, 0xff, 0xff, 0xff, 0xff, 0xff, 0xff, 0xff,
	0xff, 0xff, 0xff, 0xff, 0xff, 0xff, 0xff, 0xff, 0xff, 0xff, 0xff, 0xff, 0xff, 0xff, 0xff, 0xff,
	0xff, 0xff, 0xff, 0xff, 0xff, 0xff, 0xff, 0xff, 0xff, 0xff, 0xff, 0xff, 0xff, 0xff, 0xff, 0xff,
	0xff, 0xff, 0xff, 0xff, 0xff, 0xff, 0xff, 0xff, 0xff, 0xff, 0xff, 0xff, 0xff, 0xff, 0xff, 0xff,
	0xff, 0xff, 0xff, 0xff, 0xff, 0xff, 0xff, 0xff, 0xff, 0xff, 0xff, 0xff, 0xff, 0xff, 0xff, 0xff,
	0xff, 0xff, 0xff, 0xff, 0xff, 0xff, 0xff, 0xff, 0xff, 0xff, 0xff, 0xff, 0xff, 0xff, 0xff, 0xff,
	0xff, 0xff, 0xff, 0xff, 0xff, 0xff, 0xff, 0xff, 0xff, 0xff, 0xff, 0xff, 0xff, 0xff, 0xff, 0xff,
	0xff, 0xff, 0xff, 0xff, 0xff, 0xff, 0xff, 0xff, 0xff, 0xff, 0xff, 0xff, 0xff, 0xff, 0xff, 0xff,
	0xff, 0xff, 0xff, 0xff, 0xff, 0xff, 0xff, 0xff, 0xff, 0xff, 0xff, 0xff, 0xff, 0xff, 0xff, 0xff,
	0xff, 0xff, 0xff, 0xff, 0xff, 0xff, 0xff, 0xff, 0xff, 0xff, 0xff, 0xff, 0xff, 0xff, 0xff, 0xff,
	0xff, 0xff, 0xff, 0xff, 0xff, 0xff, 0xff, 0xff, 0xff, 0xff, 0xff, 0xff, 0xff, 0xff, 0xff, 0xff,
	0xff, 0xff, 0xff, 0xff, 0xff, 0xff, 0xff, 0xff, 0xff, 0xff, 0xff, 0xff, 0xff, 0xff, 0xff, 0xff,
	0xff, 0xff, 0xff, 0xff, 0xff, 0xff, 0xff, 0xff, 0xff, 0xff, 0xff, 0xff, 0xff, 0xff, 0xff, 0xff,
	0xff, 0xff, 0xff, 0xff, 0xff, 0xff, 0xff, 0xff, 0xff, 0xff, 0xff, 0xff, 0xff, 0xff, 0xff, 0xff,
	0xff, 0xff, 0xff, 0xff, 0xff, 0xff, 0xff, 0xff, 0xff, 0xff, 0xff, 0xff, 0xff, 0xff, 0xff, 0xff,
	0xff, 0xff, 0xff, 0xff, 0xff, 0xff, 0xff, 0xff, 0xff, 0xff, 0xff, 0xff, 0xff, 0xff, 0xff, 0xff,
	0xff, 0xff, 0xff, 0xff, 0xff, 0xff, 0xff, 0xff, 0xff, 0xff, 0xff, 0xff, 0xff, 0xff, 0xff, 0xff,
	0xff, 0xff, 0xff, 0xff, 0xff, 0xff, 0xff, 0xff, 0xff, 0xff, 0xff, 0xff, 0xff, 0xff, 0xff, 0xff,
	0xff, 0xff, 0xff, 0xff, 0xff, 0xff, 0xff, 0xff, 0xff, 0xff, 0xff, 0xff, 0xff, 0xff, 0xff, 0xff,
	0xff, 0xff, 0xff, 0xff, 0xff, 0xff, 0xff, 0xff, 0xff, 0xff, 0xff, 0xff, 0xff, 0xff, 0xff, 0xff,
	0xff, 0xff, 0xff, 0xff, 0xff, 0xff, 0xff, 0xff, 0xff, 0xff, 0xff, 0xff, 0xff, 0xff, 0xff, 0xff,
	0xff, 0xff, 0xff, 0xff, 0xff, 0xff, 0xff, 0xff, 0xff, 0xff, 0xff, 0xff, 0xff, 0xff, 0xff, 0xff,
	0xff, 0xff, 0xff, 0xff, 0xff, 0xff, 0xff, 0xff, 0xff, 0xff, 0xff, 0xff, 0xff, 0xff, 0xff, 0xff,
	0xff, 0xff, 0xff, 0xff, 0xff, 0xff, 0xff, 0xff, 0xff, 0xff, 0xff, 0xff, 0xff, 0xff, 0xff, 0xff,
	0xff, 0xff, 0xff, 0xff, 0xff, 0xff, 0xff, 0xff, 0xff, 0xff, 0xff, 0xff, 0xff, 0xff, 0xff, 0xff,
	0xff, 0xff, 0xff, 0xff, 0xff, 0xff, 0xff, 0xff, 0xff, 0xff, 0xff, 0xff, 0xff, 0xff, 0xff, 0xff,
	0xff, 0xff, 0xff, 0xff, 0xff, 0xff, 0xff, 0xff, 0xff, 0xff, 0xff, 0xff, 0xff, 0xff, 0xff, 0xff,
	0xff, 0xff, 0xff, 0xff, 0xff, 0xff, 0xff, 0xff, 0xff, 0xff, 0xff, 0xff, 0xff, 0xff, 0xff, 0xff,
	0xff, 0xff, 0xff, 0xff, 0xff, 0xff, 0xff, 0xff, 0xff, 0xff, 0xff, 0xff, 0xff, 0xff, 0xff, 0xff,
	0xff, 0xff, 0xff, 0xff, 0xff, 0xff, 0xff, 0xff, 0xff, 0xff, 0xff, 0xff, 0xff, 0xff, 0xff, 0xff,
	0xff, 0xff, 0xff, 0xff, 0xff, 0xff, 0xff, 0xff, 0xff, 0xff, 0xff, 0xff, 0xff, 0xff, 0xff, 0xff,
	0xff, 0xff, 0xff, 0xff, 0xff, 0xff, 0xff, 0xff, 0xff, 0xff, 0xff, 0xff, 0xff, 0xff, 0xff, 0xff,
	0xff, 0xff, 0xff, 0xff, 0xff, 0xff, 0xff, 0xff, 0xff, 0xff, 0xff, 0xff, 0xff, 0xff, 0xff, 0xff,
	0xff, 0xff, 0xff, 0xff, 0xff, 0xff, 0xff, 0xff, 0xff, 0xff, 0xff, 0xff, 0xff, 0xff, 0xff, 0xff,
	0x00, 0x70, 0x00, 0x00, 0xff, 0xff, 0xff, 0xff, 0xff, 0xff, 0xff, 0xff, 0xff, 0xff, 0xff, 0xff,
	0xff, 0xff, 0xff, 0xff, 0xff, 0xff, 0xff, 0xff, 0xff, 0xff, 0xff, 0xff, 0xff, 0xff, 0xff, 0xff,
	0xff, 0xff, 0xff, 0xff, 0xff, 0xff, 0xff, 0xff, 0xff, 0xff, 0xff, 0xff, 0xff, 0xff, 0xff, 0xff,
	0xff, 0xff, 0xff, 0xff, 0xff, 0xff, 0xff, 0xff, 0xff, 0xff, 0xff, 0xff, 0xff, 0xff, 0xff, 0xff,
	0xff, 0xff, 0xff, 0xff, 0xff, 0xff, 0xff, 0xff, 0xff, 0xff, 0xff, 0xff, 0xff, 0xff, 0xff, 0xff,
	0xff, 0xff, 0xff, 0xff, 0xff, 0xff, 0xff, 0xff, 0xff, 0xff, 0xff, 0xff, 0xff, 0xff, 0xff, 0xff,
	0xff, 0xff, 0xff, 0xff, 0xff, 0xff, 0xff, 0xff, 0xff, 0xff, 0xff, 0xff, 0xff, 0xff, 0xff, 0xff,
	0xff, 0xff, 0xff, 0xff, 0xff, 0xff, 0xff, 0xff, 0xff, 0xff, 0xff, 0xff, 0xff, 0xff, 0xff, 0xff,
	0xff, 0xff, 0xff, 0xff, 0xff, 0xff, 0xff, 0xff, 0xff, 0xff, 0xff, 0xff, 0xff, 0xff, 0xff, 0xff,
	0xff, 0xff, 0xff, 0xff, 0xff, 0xff, 0xff, 0xff, 0xff, 0xff, 0xff, 0xff, 0xff, 0xff, 0xff, 0xff,
	0xff, 0xff, 0xff, 0xff, 0xff, 0xff, 0xff, 0xff, 0xff, 0xff, 0xff, 0xff, 0xff, 0xff, 0xff, 0xff,
	0xff, 0xff, 0xff, 0xff, 0xff, 0xff, 0xff, 0xff, 0xff, 0xff, 0xff, 0xff, 0xff, 0xff, 0xff, 0xff,
	0xff, 0xff, 0xff, 0xff, 0xff, 0xff, 0xff, 0xff, 0xff, 0xff, 0xff, 0xff, 0xff, 0xff, 0xff, 0xff,
	0xff, 0xff, 0xff, 0xff, 0xff, 0xff, 0xff, 0xff, 0xff, 0xff, 0xff, 0xff, 0xff, 0xff, 0xff, 0xff,
	0xff, 0xff, 0xff, 0xff, 0xff, 0xff, 0xff, 0xff, 0xff, 0xff, 0xff, 0xff, 0xff, 0xff, 0xff, 0xff,
	0xff, 0xff, 0xff, 0xff, 0xff, 0xff, 0xff, 0xff, 0xff, 0xff, 0xff, 0xff, 0xff, 0xff, 0xff, 0xff,
	0xff, 0xff, 0xff, 0xff, 0xff, 0xff, 0xff, 0xff, 0xff, 0xff, 0xff, 0xff, 0xff, 0xff, 0xff, 0xff,
	0xff, 0xff, 0xff, 0xff, 0xff, 0xff, 0xff, 0xff, 0xff, 0xff, 0xff, 0xff, 0xff, 0xff, 0xff, 0xff,
	0xff, 0xff, 0xff, 0xff, 0xff, 0xff, 0xff, 0xff, 0xff, 0xff, 0xff, 0xff, 0xff, 0xff, 0xff, 0xff,
	0xff, 0xff, 0xff, 0xff, 0xff, 0xff, 0xff, 0xff, 0xff, 0xff, 0xff, 0xff, 0xff, 0xff, 0xff, 0xff,
	0xff, 0xff, 0xff, 0xff, 0xff, 0xff, 0xff, 0xff, 0xff, 0xff, 0xff, 0xff, 0xff, 0xff, 0xff, 0xff,
	0xff, 0xff, 0xff, 0xff, 0xff, 0xff, 0xff, 0xff, 0xff, 0xff, 0xff, 0xff, 0xff, 0xff, 0xff, 0xff,
	0xff, 0xff, 0xff, 0xff, 0xff, 0xff, 0xff, 0xff, 0xff, 0xff, 0xff, 0xff, 0xff, 0xff, 0xff, 0xff,
	0xff, 0xff, 0xff, 0xff, 0xff, 0xff, 0xff, 0xff, 0xff, 0xff, 0xff, 0xff, 0xff, 0xff, 0xff, 0xff,
	0xff, 0xff, 0xff, 0xff, 0xff, 0xff, 0xff, 0xff, 0xff, 0xff, 0xff, 0xff, 0xff, 0xff, 0xff, 0xff,
	0xff, 0xff, 0xff, 0xff, 0xff, 0xff, 0xff, 0xff, 0xff, 0xff, 0xff, 0xff, 0xff, 0xff, 0xff, 0xff,
	0xff, 0xff, 0xff, 0xff, 0xff, 0xff, 0xff, 0xff, 0xff, 0xff, 0xff, 0xff, 0xff, 0xff, 0xff, 0xff,
	0xff, 0xff, 0xff, 0xff, 0xff, 0xff, 0xff, 0xff, 0xff, 0xff, 0xff, 0xff, 0xff, 0xff, 0xff, 0xff,
	0xff, 0xff, 0xff, 0xff, 0xff, 0xff, 0xff, 0xff, 0xff, 0xff, 0xff, 0xff, 0xff, 0xff, 0xff, 0xff,
	0xff, 0xff, 0xff, 0xff, 0xff, 0xff, 0xff, 0xff, 0xff, 0xff, 0xff, 0xff, 0xff, 0xff, 0xff, 0xff,
	0xff, 0xff, 0xff, 0xff, 0xff, 0xff, 0xff, 0xff, 0xff, 0xff, 0xff, 0xff, 0xff, 0xff, 0xff, 0xff,
	0xff, 0xff, 0xff, 0xff, 0xff, 0xff, 0xff, 0xff, 0xff, 0xff, 0xff, 0xff, 0xff, 0xff, 0xff, 0xff,
	0xff, 0xff, 0xff, 0xff, 0xff, 0xff, 0xff, 0xff, 0xff, 0xff, 0xff, 0xff, 0xff, 0xff, 0xff, 0xff,
	0xff, 0xff, 0xff, 0xff, 0xff, 0xff, 0xff, 0xff, 0xff, 0xff, 0xff, 0xff, 0xff, 0xff, 0xff, 0xff,
	0xff, 0xff, 0xff, 0xff, 0xff, 0xff, 0xff, 0xff, 0xff, 0xff, 0xff, 0xff, 0xff, 0xff, 0xff, 0xff,
	0xff, 0xff, 0xff, 0xff, 0xff, 0xff, 0xff, 0xff, 0xff, 0xff, 0xff, 0xff, 0xff, 0xff, 0xff, 0xff,
	0xff, 0xff, 0xff, 0xff, 0xff, 0xff, 0xff, 0xff, 0xff, 0xff, 0xff, 0xff, 0xff, 0xff, 0xff, 0xff,
	0xff, 0xff, 0xff, 0xff, 0xff, 0xff, 0xff, 0xff, 0xff, 0xff, 0xff, 0xff, 0xff, 0xff, 0xff, 0xff,
	0xff, 0xff, 0xff, 0xff, 0xff, 0xff, 0xff, 0xff, 0xff, 0xff, 0xff, 0xff, 0xff, 0xff, 0xff, 0xff,
	0xff, 0xff, 0xff, 0xff, 0xff, 0xff, 0xff, 0xff, 0xff, 0xff, 0xff, 0xff, 0xff, 0xff, 0xff, 0xff,
	0xff, 0xff, 0xff, 0xff, 0xff, 0xff, 0xff, 0xff, 0xff, 0xff, 0xff, 0xff, 0xff, 0xff, 0xff, 0xff,
	0xff, 0xff, 0xff, 0xff, 0xff, 0xff, 0xff, 0xff, 0xff, 0xff, 0xff, 0xff, 0xff, 0xff, 0xff, 0xff,
	0xff, 0xff, 0xff, 0xff, 0xff, 0xff, 0xff, 0xff, 0xff, 0xff, 0xff, 0xff, 0xff, 0xff, 0xff, 0xff,
	0xff, 0xff, 0xff, 0xff, 0xff, 0xff, 0xff, 0xff, 0xff, 0xff, 0xff, 0xff, 0xff, 0xff, 0xff, 0xff,
	0xff, 0xff, 0xff, 0xff, 0xff, 0xff, 0xff, 0xff, 0xff, 0xff, 0xff, 0xff, 0xff, 0xff, 0xff, 0xff,
	0xff, 0xff, 0xff, 0xff, 0xff, 0xff, 0xff, 0xff, 0xff, 0xff, 0xff, 0xff, 0xff, 0xff, 0xff, 0xff,
	0xff, 0xff, 0xff, 0xff, 0xff, 0xff, 0xff, 0xff, 0xff, 0xff, 0xff, 0xff, 0xff, 0xff, 0xff, 0xff,
	0xff, 0xff, 0xff, 0xff, 0xff, 0xff, 0xff, 0xff, 0xff, 0xff, 0xff, 0xff, 0xff, 0xff, 0xff, 0xff,
	0xff, 0xff, 0xff, 0xff, 0xff, 0xff, 0xff, 0xff, 0xff, 0xff, 0xff, 0xff, 0xff, 0xff, 0xff, 0xff,
	0xff, 0xff, 0xff, 0xff, 0xff, 0xff, 0xff, 0xff, 0xff, 0xff, 0xff, 0xff, 0xff, 0xff, 0xff, 0xff,
	0xff, 0xff, 0xff, 0xff, 0xff, 0xff, 0xff, 0xff, 0xff, 0xff, 0xff, 0xff, 0xff, 0xff, 0xff, 0xff,
	0xff, 0xff, 0xff, 0xff, 0xff, 0xff, 0xff, 0xff, 0xff, 0xff, 0xff, 0xff, 0xff, 0xff, 0xff, 0xff,
	0xff, 0xff, 0xff, 0xff, 0xff, 0xff, 0xff, 0xff, 0xff, 0xff, 0xff, 0xff, 0xff, 0xff, 0xff, 0xff,
	0xff, 0xff, 0xff, 0xff, 0xff, 0xff, 0xff, 0xff, 0xff, 0xff, 0xff, 0xff, 0xff, 0xff, 0xff, 0xff,
	0xff, 0xff, 0xff, 0xff, 0xff, 0xff, 0xff, 0xff, 0xff, 0xff, 0xff, 0xff, 0xff, 0xff, 0xff, 0xff,
	0xff, 0xff, 0xff, 0xff, 0xff, 0xff, 0xff, 0xff, 0xff, 0xff, 0xff, 0xff, 0xff, 0xff, 0xff, 0xff,
	0xff, 0xff, 0xff, 0xff, 0xff, 0xff, 0xff, 0xff, 0xff, 0xff, 0xff, 0xff, 0xff, 0xff, 0xff, 0xff,
	0xff, 0xff, 0xff, 0xff, 0xff, 0xff, 0xff, 0xff, 0xff, 0xff, 0xff, 0xff, 0xff, 0xff, 0xff, 0xff,
	0xff, 0xff, 0xff, 0xff, 0xff, 0xff, 0xff, 0xff, 0xff, 0xff, 0xff, 0xff, 0xff, 0xff, 0xff, 0xff,
	0xff, 0xff, 0xff, 0xff, 0xff, 0xff, 0xff, 0xff, 0xff, 0xff, 0xff, 0xff, 0xff, 0xff, 0xff, 0xff,
	0xff, 0xff, 0xff, 0xff, 0xff, 0xff, 0xff, 0xff, 0xff, 0xff, 0xff, 0xff, 0xff, 0xff, 0xff, 0xff,
	0xff, 0xff, 0xff, 0xff, 0xff, 0xff, 0xff, 0xff, 0xff, 0xff, 0xff, 0xff, 0xff, 0xff, 0xff, 0xff,
	0xff, 0xff, 0xff, 0xff, 0xff, 0xff, 0xff, 0xff, 0xff, 0xff, 0xff, 0xff, 0xff, 0xff, 0xff, 0xff,
	0xff, 0xff, 0xff, 0xff, 0xff, 0xff, 0xff, 0xff, 0xff, 0xff, 0xff, 0xff, 0xff, 0xff, 0xff, 0xff,
	0xff, 0xff, 0xff, 0xff, 0xff, 0xff, 0xff, 0xff, 0xff, 0xff, 0xff, 0xff, 0xff, 0xff, 0xff, 0xff,
	0xff, 0xff, 0xff, 0xff, 0xff, 0xff, 0xff, 0xff, 0xff, 0xff, 0xff, 0xff, 0xff, 0xff, 0xff, 0xff,
	0xff, 0xff, 0xff, 0xff, 0xff, 0xff, 0xff, 0xff, 0xff, 0xff, 0xff, 0xff, 0xff, 0xff, 0xff, 0xff,
	0xff, 0xff, 0xff, 0xff, 0xff, 0xff, 0xff, 0xff, 0xff, 0xff, 0xff, 0xff, 0xff, 0xff, 0xff, 0xff,
	0xff, 0xff, 0xff, 0xff, 0xff, 0xff, 0xff, 0xff, 0xff, 0xff, 0xff, 0xff, 0xff, 0xff, 0xff, 0xff,
	0xff, 0xff, 0xff, 0xff, 0xff, 0xff, 0xff, 0xff, 0xff, 0xff, 0xff, 0xff, 0xff, 0xff, 0xff, 0xff,
	0xff, 0xff, 0xff, 0xff, 0xff, 0xff, 0xff, 0xff, 0xff, 0xff, 0xff, 0xff, 0xff, 0xff, 0xff, 0xff,
	0xff, 0xff, 0xff, 0xff, 0xff, 0xff, 0xff, 0xff, 0xff, 0xff, 0xff, 0xff, 0xff, 0xff, 0xff, 0xff,
	0xff, 0xff, 0xff, 0xff, 0xff, 0xff, 0xff, 0xff, 0xff, 0xff, 0xff, 0xff, 0xff, 0xff, 0xff, 0xff,
	0xff, 0xff, 0xff, 0xff, 0xff, 0xff, 0xff, 0xff, 0xff, 0xff, 0xff, 0xff, 0xff, 0xff, 0xff, 0xff,
	0xff, 0xff, 0xff, 0xff, 0xff, 0xff, 0xff, 0xff, 0xff, 0xff, 0xff, 0xff, 0xff, 0xff, 0xff, 0xff,
	0xff, 0xff, 0xff, 0xff, 0xff, 0xff, 0xff, 0xff, 0xff, 0xff, 0xff, 0xff, 0xff, 0xff, 0xff, 0xff,
	0xff, 0xff, 0xff, 0xff, 0xff, 0xff, 0xff, 0xff, 0xff, 0xff, 0xff, 0xff, 0xff, 0xff, 0xff, 0xff,
	0xff, 0xff, 0xff, 0xff, 0xff, 0xff, 0xff, 0xff, 0xff, 0xff, 0xff, 0xff, 0xff, 0xff, 0xff, 0xff,
	0xff, 0xff, 0xff, 0xff, 0xff, 0xff, 0xff, 0xff, 0xff, 0xff, 0xff, 0xff, 0xff, 0xff, 0xff, 0xff,
	0xff, 0xff, 0xff, 0xff, 0xff, 0xff, 0xff, 0xff, 0xff, 0xff, 0xff, 0xff, 0xff, 0xff, 0xff, 0xff,
	0xff, 0xff, 0xff, 0xff, 0xff, 0xff, 0xff, 0xff, 0xff, 0xff, 0xff, 0xff, 0xff, 0xff, 0xff, 0xff,
	0xff, 0xff, 0xff, 0xff, 0xff, 0xff, 0xff, 0xff, 0xff, 0xff, 0xff, 0xff, 0xff, 0xff, 0xff, 0xff,
	0xff, 0xff, 0xff, 0xff, 0xff, 0xff, 0xff, 0xff, 0xff, 0xff, 0xff, 0xff, 0xff, 0xff, 0xff, 0xff,
	0xff, 0xff, 0xff, 0xff, 0xff, 0xff, 0xff, 0xff, 0xff, 0xff, 0xff, 0xff, 0xff, 0xff, 0xff, 0xff,
	0xff, 0xff, 0xff, 0xff, 0xff, 0xff, 0xff, 0xff, 0xff, 0xff, 0xff, 0xff, 0xff, 0xff, 0xff, 0xff,
	0xff, 0xff, 0xff, 0xff, 0xff, 0xff, 0xff, 0xff, 0xff, 0xff, 0xff, 0xff, 0xff, 0xff, 0xff, 0xff,
	0xff, 0xff, 0xff, 0xff, 0xff, 0xff, 0xff, 0xff, 0xff, 0xff, 0xff, 0xff, 0xff, 0xff, 0xff, 0xff,
	0xff, 0xff, 0xff, 0xff, 0xff, 0xff, 0xff, 0xff, 0xff, 0xff, 0xff, 0xff, 0xff, 0xff, 0xff, 0xff,
	0xff, 0xff, 0xff, 0xff, 0xff, 0xff, 0xff, 0xff, 0xff, 0xff, 0xff, 0xff, 0xff, 0xff, 0xff, 0xff,
	0xff, 0xff, 0xff, 0xff, 0xff, 0xff, 0xff, 0xff, 0xff, 0xff, 0xff, 0xff, 0xff, 0xff, 0xff, 0xff,
	0xff, 0xff, 0xff, 0xff, 0xff, 0xff, 0xff, 0xff, 0xff, 0xff, 0xff, 0xff, 0xff, 0xff, 0xff, 0xff,
	0xff, 0xff, 0xff, 0xff, 0xff, 0xff, 0xff, 0xff, 0xff, 0xff, 0xff, 0xff, 0xff, 0xff, 0xff, 0xff,
	0xff, 0xff, 0xff, 0xff, 0xff, 0xff, 0xff, 0xff, 0xff, 0xff, 0xff, 0xff, 0xff, 0xff, 0xff, 0xff,
	0xff, 0xff, 0xff, 0xff, 0xff, 0xff, 0xff, 0xff, 0xff, 0xff, 0xff, 0xff, 0xff, 0xff, 0xff, 0xff,
	0xff, 0xff, 0xff, 0xff, 0xff, 0xff, 0xff, 0xff, 0xff, 0xff, 0xff, 0xff, 0xff, 0xff, 0xff, 0xff,
	0xff, 0xff, 0xff, 0xff, 0xff, 0xff, 0xff, 0xff, 0xff, 0xff, 0xff, 0xff, 0xff, 0xff, 0xff, 0xff,
	0xff, 0xff, 0xff, 0xff, 0xff, 0xff, 0xff, 0xff, 0xff, 0xff, 0xff, 0xff, 0xff, 0xff, 0xff, 0xff,
	0xff, 0xff, 0xff, 0xff, 0xff, 0xff, 0xff, 0xff, 0xff, 0xff, 0xff, 0xff, 0xff, 0xff, 0xff, 0xff,
	0xff, 0xff, 0xff, 0xff, 0xff, 0xff, 0xff, 0xff, 0xff, 0xff, 0xff, 0xff, 0xff, 0xff, 0xff, 0xff,
	0xff, 0xff, 0xff, 0xff, 0xff, 0xff, 0xff, 0xff, 0xff, 0xff, 0xff, 0xff, 0xff, 0xff, 0xff, 0xff,
	0xff, 0xff, 0xff, 0xff, 0xff, 0xff, 0xff, 0xff, 0xff, 0xff, 0xff, 0xff, 0xff, 0xff, 0xff, 0xff,
	0xff, 0xff, 0xff, 0xff, 0xff, 0xff, 0xff, 0xff, 0xff, 0xff, 0xff, 0xff, 0xff, 0xff, 0xff, 0xff,
	0xff, 0xff, 0xff, 0xff, 0xff, 0xff, 0xff, 0xff, 0xff, 0xff, 0xff, 0xff, 0xff, 0xff, 0xff, 0xff,
	0xff, 0xff, 0xff, 0xff, 0xff, 0xff, 0xff, 0xff, 0xff, 0xff, 0xff, 0xff, 0xff, 0xff, 0xff, 0xff,
	0xff, 0xff, 0xff, 0xff, 0xff, 0xff, 0xff, 0xff, 0xff, 0xff, 0xff, 0xff, 0xff, 0xff, 0xff, 0xff,
	0xff, 0xff, 0xff, 0xff, 0xff, 0xff, 0xff, 0xff, 0xff, 0xff, 0xff, 0xff, 0xff, 0xff, 0xff, 0xff,
	0xff, 0xff, 0xff, 0xff, 0xff, 0xff, 0xff, 0xff, 0xff, 0xff, 0xff, 0xff, 0xff, 0xff, 0xff, 0xff,
	0xff, 0xff, 0xff, 0xff, 0xff, 0xff, 0xff, 0xff, 0xff, 0xff, 0xff, 0xff, 0xff, 0xff, 0xff, 0xff,
	0xff, 0xff, 0xff, 0xff, 0xff, 0xff, 0xff, 0xff, 0xff, 0xff, 0xff, 0xff, 0xff, 0xff, 0xff, 0xff,
	0xff, 0xff, 0xff, 0xff, 0xff, 0xff, 0xff, 0xff, 0xff, 0xff, 0xff, 0xff, 0xff, 0xff, 0xff, 0xff,
	0xff, 0xff, 0xff, 0xff, 0xff, 0xff, 0xff, 0xff, 0xff, 0xff, 0xff, 0xff, 0xff, 0xff, 0xff, 0xff,
	0xff, 0xff, 0xff, 0xff, 0xff, 0xff, 0xff, 0xff, 0xff, 0xff, 0xff, 0xff, 0xff, 0xff, 0xff, 0xff,
	0xff, 0xff, 0xff, 0xff, 0xff, 0xff, 0xff, 0xff, 0xff, 0xff, 0xff, 0xff, 0xff, 0xff, 0xff, 0xff,
	0xff, 0xff, 0xff, 0xff, 0xff, 0xff, 0xff, 0xff, 0xff, 0xff, 0xff, 0xff, 0xff, 0xff, 0xff, 0xff,
	0xff, 0xff, 0xff, 0xff, 0xff, 0xff, 0xff, 0xff, 0xff, 0xff, 0xff, 0xff, 0xff, 0xff, 0xff, 0xff,
	0xff, 0xff, 0xff, 0xff, 0xff, 0xff, 0xff, 0xff, 0xff, 0xff, 0xff, 0xff, 0xff, 0xff, 0xff, 0xff,
	0xff, 0xff, 0xff, 0xff, 0xff, 0xff, 0xff, 0xff, 0xff, 0xff, 0xff, 0xff, 0xff, 0xff, 0xff, 0xff,
	0xff, 0xff, 0xff, 0xff, 0xff, 0xff, 0xff, 0xff, 0xff, 0xff, 0xff, 0xff, 0xff, 0xff, 0xff, 0xff,
	0xff, 0xff, 0xff, 0xff, 0xff, 0xff, 0xff, 0xff, 0xff, 0xff, 0xff, 0xff, 0xff, 0xff, 0xff, 0xff,
	0xff, 0xff, 0xff, 0xff, 0xff, 0xff, 0xff, 0xff, 0xff, 0xff, 0xff, 0xff, 0xff, 0xff, 0xff, 0xff,
	0xff, 0xff, 0xff, 0xff, 0xff, 0xff, 0xff, 0xff, 0xff, 0xff, 0xff, 0xff, 0xff, 0xff, 0xff, 0xff,
	0xff, 0xff, 0xff, 0xff, 0xff, 0xff, 0xff, 0xff, 0xff, 0xff, 0xff, 0xff, 0xff, 0xff, 0xff, 0xff,
	0xff, 0xff, 0xff, 0xff, 0xff, 0xff, 0xff, 0xff, 0xff, 0xff, 0xff, 0xff, 0xff, 0xff, 0xff, 0xff,
	0xff, 0xff, 0xff, 0xff, 0xff, 0xff, 0xff, 0xff, 0xff, 0xff, 0xff, 0xff, 0xff, 0xff, 0xff, 0xff,
	0xff, 0xff, 0xff, 0xff, 0xff, 0xff, 0xff, 0xff, 0xff, 0xff, 0xff, 0xff, 0xff, 0xff, 0xff, 0xff,
	0xff, 0xff, 0xff, 0xff, 0xff, 0xff, 0xff, 0xff, 0xff, 0xff, 0xff, 0xff, 0xff, 0xff, 0xff, 0xff,
	0xff, 0xff, 0xff, 0xff, 0xff, 0xff, 0xff, 0xff, 0xff, 0xff, 0xff, 0xff, 0xff, 0xff, 0xff, 0xff,
	0xff, 0xff, 0xff, 0xff, 0xff, 0xff, 0xff, 0xff, 0xff, 0xff, 0xff, 0xff, 0xff, 0xff, 0xff, 0xff,
	0xff, 0xff, 0xff, 0xff, 0xff, 0xff, 0xff, 0xff, 0xff, 0xff, 0xff, 0xff, 0xff, 0xff, 0xff, 0xff,
	0xff, 0xff, 0xff, 0xff, 0xff, 0xff, 0xff, 0xff, 0xff, 0xff, 0xff, 0xff, 0xff, 0xff, 0xff, 0xff,
	0xff, 0xff, 0xff, 0xff, 0xff, 0xff, 0xff, 0xff, 0xff, 0xff, 0xff, 0xff, 0xff, 0xff, 0xff, 0xff,
	0xff, 0xff, 0xff, 0xff, 0xff, 0xff, 0xff, 0xff, 0xff, 0xff, 0xff, 0xff, 0xff, 0xff, 0xff, 0xff,
	0xff, 0xff, 0xff, 0xff, 0xff, 0xff, 0xff, 0xff, 0xff, 0xff, 0xff, 0xff, 0xff, 0xff, 0xff, 0xff,
	0xff, 0xff, 0xff, 0xff, 0xff, 0xff, 0xff, 0xff, 0xff, 0xff, 0xff, 0xff, 0xff, 0xff, 0xff, 0xff,
	0xff, 0xff, 0xff, 0xff, 0xff, 0xff, 0xff, 0xff, 0xff, 0xff, 0xff, 0xff, 0xff, 0xff, 0xff, 0xff,
	0xff, 0xff, 0xff, 0xff, 0xff, 0xff, 0xff, 0xff, 0xff, 0xff, 0xff, 0xff, 0xff, 0xff, 0xff, 0xff,
	0xff, 0xff, 0xff, 0xff, 0xff, 0xff, 0xff, 0xff, 0xff, 0xff, 0xff, 0xff, 0xff, 0xff, 0xff, 0xff,
	0xff, 0xff, 0xff, 0xff, 0xff, 0xff, 0xff, 0xff, 0xff, 0xff, 0xff, 0xff, 0xff, 0xff, 0xff, 0xff,
	0xff, 0xff, 0xff, 0xff, 0xff, 0xff, 0xff, 0xff, 0xff, 0xff, 0xff, 0xff, 0xff, 0xff, 0xff, 0xff,
	0xff, 0xff, 0xff, 0xff, 0xff, 0xff, 0xff, 0xff, 0xff, 0xff, 0xff, 0xff, 0xff, 0xff, 0xff, 0xff,
	0xff, 0xff, 0xff, 0xff, 0xff, 0xff, 0xff, 0xff, 0xff, 0xff, 0xff, 0xff, 0xff, 0xff, 0xff, 0xff,
	0xff, 0xff, 0xff, 0xff, 0xff, 0xff, 0xff, 0xff, 0xff, 0xff, 0xff, 0xff, 0xff, 0xff, 0xff, 0xff,
	0xff, 0xff, 0xff, 0xff, 0xff, 0xff, 0xff, 0xff, 0xff, 0xff, 0xff, 0xff, 0xff, 0xff, 0xff, 0xff,
	0xff, 0xff, 0xff, 0xff, 0xff, 0xff, 0xff, 0xff, 0xff, 0xff, 0xff, 0xff, 0xff, 0xff, 0xff, 0xff,
	0xff, 0xff, 0xff, 0xff, 0xff, 0xff, 0xff, 0xff, 0xff, 0xff, 0xff, 0xff, 0xff, 0xff, 0xff, 0xff,
	0xff, 0xff, 0xff, 0xff, 0xff, 0xff, 0xff, 0xff, 0xff, 0xff, 0xff, 0xff, 0xff, 0xff, 0xff, 0xff,
	0xff, 0xff, 0xff, 0xff, 0xff, 0xff, 0xff, 0xff, 0xff, 0xff, 0xff, 0xff, 0xff, 0xff, 0xff, 0xff,
	0xff, 0xff, 0xff, 0xff, 0xff, 0xff, 0xff, 0xff, 0xff, 0xff, 0xff, 0xff, 0xff, 0xff, 0xff, 0xff,
	0xff, 0xff, 0xff, 0xff, 0xff, 0xff, 0xff, 0xff, 0xff, 0xff, 0xff, 0xff, 0xff, 0xff, 0xff, 0xff,
	0xff, 0xff, 0xff, 0xff, 0xff, 0xff, 0xff, 0xff, 0xff, 0xff, 0xff, 0xff, 0xff, 0xff, 0xff, 0xff,
	0xff, 0xff, 0xff, 0xff, 0xff, 0xff, 0xff, 0xff, 0xff, 0xff, 0xff, 0xff, 0xff, 0xff, 0xff, 0xff,
	0xff, 0xff, 0xff, 0xff, 0xff, 0xff, 0xff, 0xff, 0xff, 0xff, 0xff, 0xff, 0xff, 0xff, 0xff, 0xff,
	0xff, 0xff, 0xff, 0xff, 0xff, 0xff, 0xff, 0xff, 0xff, 0xff, 0xff, 0xff, 0xff, 0xff, 0xff, 0xff,
	0xff, 0xff, 0xff, 0xff, 0xff, 0xff, 0xff, 0xff, 0xff, 0xff, 0xff, 0xff, 0xff, 0xff, 0xff, 0xff,
	0xff, 0xff, 0xff, 0xff, 0xff, 0xff, 0xff, 0xff, 0xff, 0xff, 0xff, 0xff, 0xff, 0xff, 0xff, 0xff,
	0xff, 0xff, 0xff, 0xff, 0xff, 0xff, 0xff, 0xff, 0xff, 0xff, 0xff, 0xff, 0xff, 0xff, 0xff, 0xff,
	0xff, 0xff, 0xff, 0xff, 0xff, 0xff, 0xff, 0xff, 0xff, 0xff, 0xff, 0xff, 0xff, 0xff, 0xff, 0xff,
	0xff, 0xff, 0xff, 0xff, 0xff, 0xff, 0xff, 0xff, 0xff, 0xff, 0xff, 0xff, 0xff, 0xff, 0xff, 0xff,
	0xff, 0xff, 0xff, 0xff, 0xff, 0xff, 0xff, 0xff, 0xff, 0xff, 0xff, 0xff, 0xff, 0xff, 0xff, 0xff,
	0xff, 0xff, 0xff, 0xff, 0xff, 0xff, 0xff, 0xff, 0xff, 0xff, 0xff, 0xff, 0xff, 0xff, 0xff, 0xff,
	0xff, 0xff, 0xff, 0xff, 0xff, 0xff, 0xff, 0xff, 0xff, 0xff, 0xff, 0xff, 0xff, 0xff, 0xff, 0xff,
	0xff, 0xff, 0xff, 0xff, 0xff, 0xff, 0xff, 0xff, 0xff, 0xff, 0xff, 0xff, 0xff, 0xff, 0xff, 0xff,
	0xff, 0xff, 0xff, 0xff, 0xff, 0xff, 0xff, 0xff, 0xff, 0xff, 0xff, 0xff, 0xff, 0xff, 0xff, 0xff,
	0xff, 0xff, 0xff, 0xff, 0xff, 0xff, 0xff, 0xff, 0xff, 0xff, 0xff, 0xff, 0xff, 0xff, 0xff, 0xff,
	0xff, 0xff, 0xff, 0xff, 0xff, 0xff, 0xff, 0xff, 0xff, 0xff, 0xff, 0xff, 0xff, 0xff, 0xff, 0xff,
	0xff, 0xff, 0xff, 0xff, 0xff, 0xff, 0xff, 0xff, 0xff, 0xff, 0xff, 0xff, 0xff, 0xff, 0xff, 0xff,
	0xff, 0xff, 0xff, 0xff, 0xff, 0xff, 0xff, 0xff, 0xff, 0xff, 0xff, 0xff, 0xff, 0xff, 0xff, 0xff,
	0xff, 0xff, 0xff, 0xff, 0xff, 0xff, 0xff, 0xff, 0xff, 0xff, 0xff, 0xff, 0xff, 0xff, 0xff, 0xff,
	0xff, 0xff, 0xff, 0xff, 0xff, 0xff, 0xff, 0xff, 0xff, 0xff, 0xff, 0xff, 0xff, 0xff, 0xff, 0xff,
	0xff, 0xff, 0xff, 0xff, 0xff, 0xff, 0xff, 0xff, 0xff, 0xff, 0xff, 0xff, 0xff, 0xff, 0xff, 0xff,
	0xff, 0xff, 0xff, 0xff, 0xff, 0xff, 0xff, 0xff, 0xff, 0xff, 0xff, 0xff, 0xff, 0xff, 0xff, 0xff,
	0xff, 0xff, 0xff, 0xff, 0xff, 0xff, 0xff, 0xff, 0xff, 0xff, 0xff, 0xff, 0xff, 0xff, 0xff, 0xff,
	0xff, 0xff, 0xff, 0xff, 0xff, 0xff, 0xff, 0xff, 0xff, 0xff, 0xff, 0xff, 0xff, 0xff, 0xff, 0xff,
	0xff, 0xff, 0xff, 0xff, 0xff, 0xff, 0xff, 0xff, 0xff, 0xff, 0xff, 0xff, 0xff, 0xff, 0xff, 0xff,
	0xff, 0xff, 0xff, 0xff, 0xff, 0xff, 0xff, 0xff, 0xff, 0xff, 0xff, 0xff, 0xff, 0xff, 0xff, 0xff,
	0xff, 0xff, 0xff, 0xff, 0xff, 0xff, 0xff, 0xff, 0xff, 0xff, 0xff, 0xff, 0xff, 0xff, 0xff, 0xff,
	0xff, 0xff, 0xff, 0xff, 0xff, 0xff, 0xff, 0xff, 0xff, 0xff, 0xff, 0xff, 0xff, 0xff, 0xff, 0xff,
	0xff, 0xff, 0xff, 0xff, 0xff, 0xff, 0xff, 0xff, 0xff, 0xff, 0xff, 0xff, 0xff, 0xff, 0xff, 0xff,
	0xff, 0xff, 0xff, 0xff, 0xff, 0xff, 0xff, 0xff, 0xff, 0xff, 0xff, 0xff, 0xff, 0xff, 0xff, 0xff,
	0xff, 0xff, 0xff, 0xff, 0xff, 0xff, 0xff, 0xff, 0xff, 0xff, 0xff, 0xff, 0xff, 0xff, 0xff, 0xff,
	0xff, 0xff, 0xff, 0xff, 0xff, 0xff, 0xff, 0xff, 0xff, 0xff, 0xff, 0xff, 0xff, 0xff, 0xff, 0xff,
	0xff, 0xff, 0xff, 0xff, 0xff, 0xff, 0xff, 0xff, 0xff, 0xff, 0xff, 0xff, 0xff, 0xff, 0xff, 0xff,
	0xff, 0xff, 0xff, 0xff, 0xff, 0xff, 0xff, 0xff, 0xff, 0xff, 0xff, 0xff, 0xff, 0xff, 0xff, 0xff,
	0xff, 0xff, 0xff, 0xff, 0xff, 0xff, 0xff, 0xff, 0xff, 0xff, 0xff, 0xff, 0xff, 0xff, 0xff, 0xff,
	0xff, 0xff, 0xff, 0xff, 0xff, 0xff, 0xff, 0xff, 0xff, 0xff, 0xff, 0xff, 0xff, 0xff, 0xff, 0xff,
	0xff, 0xff, 0xff, 0xff, 0xff, 0xff, 0xff, 0xff, 0xff, 0xff, 0xff, 0xff, 0xff, 0xff, 0xff, 0xff,
	0xff, 0xff, 0xff, 0xff, 0xff, 0xff, 0xff, 0xff, 0xff, 0xff, 0xff, 0xff, 0xff, 0xff, 0xff, 0xff,
	0xff, 0xff, 0xff, 0xff, 0xff, 0xff, 0xff, 0xff, 0xff, 0xff, 0xff, 0xff, 0xff, 0xff, 0xff, 0xff,
	0xff, 0xff, 0xff, 0xff, 0xff, 0xff, 0xff, 0xff, 0xff, 0xff, 0xff, 0xff, 0xff, 0xff, 0xff, 0xff,
	0xff, 0xff, 0xff, 0xff, 0xff, 0xff, 0xff, 0xff, 0xff, 0xff, 0xff, 0xff, 0xff, 0xff, 0xff, 0xff,
	0xff, 0xff, 0xff, 0xff, 0xff, 0xff, 0xff, 0xff, 0xff, 0xff, 0xff, 0xff, 0xff, 0xff, 0xff, 0xff,
	0xff, 0xff, 0xff, 0xff, 0xff, 0xff, 0xff, 0xff, 0xff, 0xff, 0xff, 0xff, 0xff, 0xff, 0xff, 0xff,
	0xff, 0xff, 0xff, 0xff, 0xff, 0xff, 0xff, 0xff, 0xff, 0xff, 0xff, 0xff, 0xff, 0xff, 0xff, 0xff,
	0xff, 0xff, 0xff, 0xff, 0xff, 0xff, 0xff, 0xff, 0xff, 0xff, 0xff, 0xff, 0xff, 0xff, 0xff, 0xff,
	0xff, 0xff, 0xff, 0xff, 0xff, 0xff, 0xff, 0xff, 0xff, 0xff, 0xff, 0xff, 0xff, 0xff, 0xff, 0xff,
	0xff, 0xff, 0xff, 0xff, 0xff, 0xff, 0xff, 0xff, 0xff, 0xff, 0xff, 0xff, 0xff, 0xff, 0xff, 0xff,
	0xff, 0xff, 0xff, 0xff, 0xff, 0xff, 0xff, 0xff, 0xff, 0xff, 0xff, 0xff, 0xff, 0xff, 0xff, 0xff,
	0xff, 0xff, 0xff, 0xff, 0xff, 0xff, 0xff, 0xff, 0xff, 0xff, 0xff, 0xff, 0xff, 0xff, 0xff, 0xff,
	0xff, 0xff, 0xff, 0xff, 0xff, 0xff, 0xff, 0xff, 0xff, 0xff, 0xff, 0xff, 0xff, 0xff, 0xff, 0xff,
	0xff, 0xff, 0xff, 0xff, 0xff, 0xff, 0xff, 0xff, 0xff, 0xff, 0xff, 0xff, 0xff, 0xff, 0xff, 0xff,
	0xff, 0xff, 0xff, 0xff, 0xff, 0xff, 0xff, 0xff, 0xff, 0xff, 0xff, 0xff, 0xff, 0xff, 0xff, 0xff,
	0xff, 0xff, 0xff, 0xff, 0xff, 0xff, 0xff, 0xff, 0xff, 0xff, 0xff, 0xff, 0xff, 0xff, 0xff, 0xff,
	0xff, 0xff, 0xff, 0xff, 0xff, 0xff, 0xff, 0xff, 0xff, 0xff, 0xff, 0xff, 0xff, 0xff, 0xff, 0xff,
	0xff, 0xff, 0xff, 0xff, 0xff, 0xff, 0xff, 0xff, 0xff, 0xff, 0xff, 0xff, 0xff, 0xff, 0xff, 0xff,
	0xff, 0xff, 0xff, 0xff, 0xff, 0xff, 0xff, 0xff, 0xff, 0xff, 0xff, 0xff, 0xff, 0xff, 0xff, 0xff,
	0xff, 0xff, 0xff, 0xff, 0xff, 0xff, 0xff, 0xff, 0xff, 0xff, 0xff, 0xff, 0xff, 0xff, 0xff, 0xff,
	0xff, 0xff, 0xff, 0xff, 0xff, 0xff, 0xff, 0xff, 0xff, 0xff, 0xff, 0xff, 0xff, 0xff, 0xff, 0xff,
	0xff, 0xff, 0xff, 0xff, 0xff, 0xff, 0xff, 0xff, 0xff, 0xff, 0xff, 0xff, 0xff, 0xff, 0xff, 0xff,
	0xff, 0xff, 0xff, 0xff, 0xff, 0xff, 0xff, 0xff, 0xff, 0xff, 0xff, 0xff, 0xff, 0xff, 0xff, 0xff,
	0xff, 0xff, 0xff, 0xff, 0xff, 0xff, 0xff, 0xff, 0xff, 0xff, 0xff, 0xff, 0xff, 0xff, 0xff, 0xff,
	0xff, 0xff, 0xff, 0xff, 0xff, 0xff, 0xff, 0xff, 0xff, 0xff, 0xff, 0xff, 0xff, 0xff, 0xff, 0xff,
	0xff, 0xff, 0xff, 0xff, 0xff, 0xff, 0xff, 0xff, 0xff, 0xff, 0xff, 0xff, 0xff, 0xff, 0xff, 0xff,
	0xff, 0xff, 0xff, 0xff, 0xff, 0xff, 0xff, 0xff, 0xff, 0xff, 0xff, 0xff, 0xff, 0xff, 0xff, 0xff,
	0xff, 0xff, 0xff, 0xff, 0xff, 0xff, 0xff, 0xff, 0xff, 0xff, 0xff, 0xff, 0xff, 0xff, 0xff, 0xff,
	0xff, 0xff, 0xff, 0xff, 0xff, 0xff, 0xff, 0xff, 0xff, 0xff, 0xff, 0xff, 0xff, 0xff, 0xff, 0xff,
	0xff, 0xff, 0xff, 0xff, 0xff, 0xff, 0xff, 0xff, 0xff, 0xff, 0xff, 0xff, 0xff, 0xff, 0xff, 0xff,
	0xff, 0xff, 0xff, 0xff, 0xff, 0xff, 0xff, 0xff, 0xff, 0xff, 0xff, 0xff, 0xff, 0xff, 0xff, 0xff,
	0xff, 0xff, 0xff, 0xff, 0xff, 0xff, 0xff, 0xff, 0xff, 0xff, 0xff, 0xff, 0xff, 0xff, 0xff, 0xff,
	0xff, 0xff, 0xff, 0xff, 0xff, 0xff, 0xff, 0xff, 0xff, 0xff, 0xff, 0xff, 0xff, 0xff, 0xff, 0xff,
	0xff, 0xff, 0xff, 0xff, 0xff, 0xff, 0xff, 0xff, 0xff, 0xff, 0xff, 0xff, 0xff, 0xff, 0xff, 0xff,
	0xff, 0xff, 0xff, 0xff, 0xff, 0xff, 0xff, 0xff, 0xff, 0xff, 0xff, 0xff, 0xff, 0xff, 0xff, 0xff,
	0xff, 0xff, 0xff, 0xff, 0xff, 0xff, 0xff, 0xff, 0xff, 0xff, 0xff, 0xff, 0xff, 0xff, 0xff, 0xff,
	0xff, 0xff, 0xff, 0xff, 0xff, 0xff, 0xff, 0xff, 0xff, 0xff, 0xff, 0xff, 0xff, 0xff, 0xff, 0xff,
	0xff, 0xff, 0xff, 0xff, 0xff, 0xff, 0xff, 0xff, 0xff, 0xff, 0xff, 0xff, 0xff, 0xff, 0xff, 0xff,
	0xff, 0xff, 0xff, 0xff, 0xff, 0xff, 0xff, 0xff, 0xff, 0xff, 0xff, 0xff, 0xff, 0xff, 0xff, 0xff,
	0xff, 0xff, 0xff, 0xff, 0xff, 0xff, 0xff, 0xff, 0xff, 0xff, 0xff, 0xff, 0xff, 0xff, 0xff, 0xff,
	0xff, 0xff, 0xff, 0xff, 0xff, 0xff, 0xff, 0xff, 0xff, 0xff, 0xff, 0xff, 0xff, 0xff, 0xff, 0xff,
	0xff, 0xff, 0xff, 0xff, 0xff, 0xff, 0xff, 0xff, 0xff, 0xff, 0xff, 0xff, 0xff, 0xff, 0xff, 0xff,
	0xff, 0xff, 0xff, 0xff, 0xff, 0xff, 0xff, 0xff, 0xff, 0xff, 0xff, 0xff, 0xff, 0xff, 0xff, 0xff,
	0xff, 0xff, 0xff, 0xff, 0xff, 0xff, 0xff, 0xff, 0xff, 0xff, 0xff, 0xff, 0xff, 0xff, 0xff, 0xff,
	0xff, 0xff, 0xff, 0xff, 0xff, 0xff, 0xff, 0xff, 0xff, 0xff, 0xff, 0xff, 0xff, 0xff, 0xff, 0xff,
	0xff, 0xff, 0xff, 0xff, 0xff, 0xff, 0xff, 0xff, 0xff, 0xff, 0xff, 0xff, 0xff, 0xff, 0xff, 0xff,
	0xff, 0xff, 0xff, 0xff, 0xff, 0xff, 0xff, 0xff, 0xff, 0xff, 0xff, 0xff, 0xff, 0xff, 0xff, 0xff,
	0xff, 0xff, 0xff, 0xff, 0xff, 0xff, 0xff, 0xff, 0xff, 0xff, 0xff, 0xff, 0xff, 0xff, 0xff, 0xff,
	0xff, 0xff, 0xff, 0xff, 0xff, 0xff, 0xff, 0xff, 0xff, 0xff, 0xff, 0xff, 0xff, 0xff, 0xff, 0xff,
	0xff, 0xff, 0xff, 0xff, 0xff, 0xff, 0xff, 0xff, 0xff, 0xff, 0xff, 0xff, 0xff, 0xff, 0xff, 0xff,
	0xff, 0xff, 0xff, 0xff, 0xff, 0xff, 0xff, 0xff, 0xff, 0xff, 0xff, 0xff, 0xff, 0xff, 0xff, 0xff,
	0xff, 0xff, 0xff, 0xff, 0xff, 0xff, 0xff, 0xff, 0xff, 0xff, 0xff, 0xff, 0xff, 0xff, 0xff, 0xff,
	0xff, 0xff, 0xff, 0xff, 0xff, 0xff, 0xff, 0xff, 0xff, 0xff, 0xff, 0xff, 0xff, 0xff, 0xff, 0xff,
	0xff, 0xff, 0xff, 0xff, 0xff, 0xff, 0xff, 0xff, 0xff, 0xff, 0xff, 0xff, 0xff, 0xff, 0xff, 0xff,
	0xff, 0xff, 0xff, 0xff, 0xff, 0xff, 0xff, 0xff, 0xff, 0xff, 0xff, 0xff, 0xff, 0xff, 0xff, 0xff,
	0xff, 0xff, 0xff, 0xff, 0xff, 0xff, 0xff, 0xff, 0xff, 0xff, 0xff, 0xff, 0xff, 0xff, 0xff, 0xff,
	0xff, 0xff, 0xff, 0xff, 0xff, 0xff, 0xff, 0xff, 0xff, 0xff, 0xff, 0xff, 0xff, 0xff, 0xff, 0xff,
	0x00, 0x00, 0x00, 0xf1, 0x00, 0x00, 0x80, 0xf1, 0x04, 0x03, 0x09, 0x04, 0x56, 0x03, 0x49, 0x00,
	0x6e, 0x00, 0x66, 0x00, 0x69, 0x00, 0x6e, 0x00, 0x65, 0x00, 0x6f, 0x00, 0x6e, 0x00, 0x20, 0x00,
	0x54, 0x00, 0x65, 0x00, 0x63, 0x00, 0x68, 0x00, 0x6e, 0x00, 0x6f, 0x00, 0x6c, 0x00, 0x6f, 0x00,
	0x67, 0x00, 0x69, 0x00, 0x65, 0x00, 0x73, 0x00, 0x20, 0x00, 0x41, 0x00, 0x47, 0x00, 0x2c, 0x00,
	0x20, 0x00, 0x20, 0x00, 0x20, 0x00, 0x55, 0x00, 0x53, 0x00, 0x42, 0x00, 0x20, 0x00, 0x43, 0x00,
	0x6f, 0x00, 0x6d, 0x00, 0x62, 0x00, 0x6f, 0x00, 0x20, 0x00, 0x56, 0x00, 0x31, 0x00, 0x2e, 0x00,
	0x32, 0x00, 0x10, 0x03, 0x49, 0x00, 0x53, 0x00, 0x4f, 0x00, 0x32, 0x00, 0x30, 0x00, 0x30, 0x00,
	0x30, 0x00, 0x00, 0x00, 0x00, 0x00, 0x20, 0xf2, 0x20, 0x00, 0x00, 0x00, 0x40, 0x00, 0x00, 0x00,
	0x40, 0x00, 0x00, 0x00, 0x40, 0x00, 0x00, 0x00, 0x40, 0x00, 0x00, 0x00, 0x00, 0x01, 0x00, 0x00,
	0x00, 0x01, 0x00, 0x00, 0x00, 0x01, 0x00, 0x00, 0x00, 0x01, 0x00, 0x00, 0x00, 0x01, 0x00, 0x00,
	0x00, 0x01, 0x00, 0x00, 0x50, 0x00, 0x00, 0x00, 0x00, 0x00, 0x00, 0x00, 0x08, 0x00, 0x00, 0x00,
	0x10, 0x00, 0x00, 0x00, 0x18, 0x00, 0x00, 0x00, 0x20, 0x00, 0x00, 0x00, 0x28, 0x00, 0x00, 0x00,
	0x30, 0x00, 0x00, 0x00, 0x38, 0x00, 0x00, 0x00, 0x40, 0x00, 0x00, 0x00, 0x48, 0x00, 0x00, 0x00
};

uint8_t pmb8876_brom_r17[] = {
    0x18, 0xF0, 0x9F, 0xE5, 0x18, 0xF0, 0x9F, 0xE5, 0x18, 0xF0, 0x9F, 0xE5, 0x18, 0xF0, 0x9F, 0xE5, 
    0x18, 0xF0, 0x9F, 0xE5, 0x00, 0x00, 0xA0, 0xE1, 0x14, 0xF0, 0x9F, 0xE5, 0x14, 0xF0, 0x9F, 0xE5, 
    0x54, 0x00, 0x40, 0x00, 0x3C, 0x00, 0x40, 0x00, 0x40, 0x00, 0x40, 0x00, 0x44, 0x00, 0x40, 0x00, 
    0x48, 0x00, 0x40, 0x00, 0x4C, 0x00, 0x40, 0x00, 0x50, 0x00, 0x40, 0x00, 0xFE, 0xFF, 0xFF, 0xEA, 
    0xFE, 0xFF, 0xFF, 0xEA, 0xFE, 0xFF, 0xFF, 0xEA, 0xFE, 0xFF, 0xFF, 0xEA, 0xFE, 0xFF, 0xFF, 0xEA, 
    0xFE, 0xFF, 0xFF, 0xEA, 0x5C, 0x00, 0x9F, 0xE5, 0xD3, 0xF0, 0x21, 0xE3, 0x00, 0xD0, 0xA0, 0xE1, 
    0x54, 0x20, 0x9F, 0xE5, 0x00, 0x10, 0x92, 0xE5, 0x70, 0x0A, 0x01, 0xE2, 0x80, 0x0B, 0x50, 0xE3, 
    0x9F, 0x00, 0x00, 0x0A, 0xC0, 0x05, 0xA0, 0xE3, 0x11, 0x00, 0x80, 0xE3, 0x31, 0x1F, 0x19, 0xEE, 
    0x01, 0x00, 0x80, 0xE1, 0x31, 0x0F, 0x09, 0xEE, 0x00, 0x00, 0xA0, 0xE1, 0x31, 0x2F, 0x19, 0xEE, 
    0x28, 0x00, 0x9F, 0xE5, 0x11, 0x00, 0x80, 0xE3, 0x11, 0x1F, 0x19, 0xEE, 0x01, 0x00, 0x80, 0xE1, 
    0x11, 0x0F, 0x09, 0xEE, 0x00, 0x00, 0xA0, 0xE1, 0x11, 0x2F, 0x19, 0xEE, 0x10, 0x00, 0x9F, 0xE5, 
    0x00, 0xD0, 0xA0, 0xE1, 0xD5, 0x03, 0x00, 0xEA, 0xF0, 0x7F, 0x03, 0x00, 0x10, 0x00, 0x40, 0xF4, 
    0x00, 0x20, 0x00, 0x30, 0xF0, 0x3F, 0x00, 0x30, 0x00, 0x10, 0xA0, 0xE1, 0xF4, 0x00, 0x9F, 0xE5, 
    0x90, 0x01, 0x03, 0xE0, 0x40, 0x0B, 0xA0, 0xE3, 0x23, 0x07, 0x40, 0xE0, 0x00, 0x28, 0xA0, 0xE1, 
    0x22, 0x28, 0xA0, 0xE1, 0xE0, 0x00, 0x9F, 0xE5, 0xE0, 0x30, 0x9F, 0xE5, 0x24, 0x00, 0x83, 0xE5, 
    0xF3, 0x00, 0xA0, 0xE3, 0x02, 0x08, 0x80, 0xE1, 0xD0, 0x30, 0x9F, 0xE5, 0x24, 0x00, 0x83, 0xE5, 
    0x01, 0x00, 0xA0, 0xE3, 0x0E, 0xF0, 0xA0, 0xE1, 0x10, 0x1F, 0x11, 0xEE, 0x40, 0x1D, 0xC1, 0xE3, 
    0x04, 0x10, 0xC1, 0xE3, 0x10, 0x1F, 0x01, 0xEE, 0x10, 0x1F, 0x1F, 0xEE, 0x40, 0x1B, 0x81, 0xE3, 
    0x10, 0x1F, 0x0F, 0xEE, 0x01, 0x00, 0xA0, 0xE3, 0x0E, 0xF0, 0xA0, 0xE1, 0x10, 0x40, 0x2D, 0xE9, 
    0xDC, 0x0F, 0x00, 0xEB, 0x00, 0x00, 0x50, 0xE3, 0x00, 0x00, 0x00, 0x0A, 0x0F, 0x04, 0x00, 0xEB, 
    0x88, 0x00, 0x9F, 0xE5, 0x10, 0x40, 0x90, 0xE5, 0x40, 0x05, 0x14, 0xE3, 0x06, 0x00, 0x00, 0x0A, 
    0xEC, 0xFF, 0xFF, 0xEB, 0x02, 0x00, 0xA0, 0xE3, 0x74, 0x10, 0x9F, 0xE5, 0x00, 0x00, 0xC1, 0xE5, 
    0x70, 0x00, 0x9F, 0xE5, 0xD7, 0xFF, 0xFF, 0xEB, 0x5C, 0x01, 0x00, 0xEB, 0x40, 0x04, 0x14, 0xE3, 
    0x06, 0x00, 0x00, 0x0A, 0xE3, 0xFF, 0xFF, 0xEB, 0x01, 0x00, 0xA0, 0xE3, 0x50, 0x10, 0x9F, 0xE5, 
    0x00, 0x00, 0xC1, 0xE5, 0x4C, 0x00, 0x9F, 0xE5, 0xCE, 0xFF, 0xFF, 0xEB, 0x53, 0x01, 0x00, 0xEB, 
    0x80, 0x04, 0x14, 0xE3, 0x09, 0x00, 0x00, 0x0A, 0xDA, 0xFF, 0xFF, 0xEB, 0x34, 0x00, 0x9F, 0xE5, 
    0xC8, 0xFF, 0xFF, 0xEB, 0x00, 0x00, 0xA0, 0xE3, 0x24, 0x10, 0x9F, 0xE5, 0x00, 0x00, 0xC1, 0xE5, 
    0x00, 0x00, 0xE0, 0xE3, 0x20, 0x10, 0x9F, 0xE5, 0x00, 0x00, 0x81, 0xE5, 0xF9, 0x00, 0x00, 0xEB, 
    0x00, 0x00, 0xA0, 0xE1, 0xFE, 0xFF, 0xFF, 0xEA, 0x90, 0x65, 0x00, 0x00, 0xF0, 0x00, 0xFC, 0xFF, 
    0x00, 0x00, 0x40, 0xF4, 0xDC, 0x00, 0x02, 0x00, 0xB8, 0x0B, 0x00, 0x00, 0x0C, 0x60, 0x02, 0x00, 
    0x00, 0x00, 0x00, 0x00, 0x00, 0x00, 0x00, 0x00, 0x00, 0x00, 0x00, 0x00, 0x00, 0x00, 0x00, 0x00, 
    0x00, 0x00, 0x00, 0x00, 0x00, 0x00, 0x00, 0x00, 0x00, 0x00, 0x00, 0x00, 0x00, 0x00, 0x00, 0x00, 
    0x00, 0x00, 0x00, 0x00, 0x00, 0x00, 0x00, 0x00, 0x00, 0x00, 0x00, 0x00, 0x00, 0x00, 0x00, 0x00, 
    0x00, 0x00, 0x00, 0x00, 0x00, 0x00, 0x00, 0x00, 0x00, 0x00, 0x00, 0x00, 0x00, 0x00, 0x00, 0x00, 
    0x00, 0x00, 0x00, 0x00, 0x00, 0x00, 0x00, 0x00, 0x90, 0x21, 0x9F, 0xE5, 0x00, 0x10, 0xA0, 0xE3, 
    0x00, 0x10, 0x92, 0xE5, 0x80, 0x0F, 0xA0, 0xE3, 0x01, 0x00, 0xC0, 0xE1, 0x80, 0x3F, 0xC1, 0xE3, 
    0x03, 0x10, 0x80, 0xE0, 0x00, 0x10, 0x82, 0xE5, 0x01, 0x00, 0xA0, 0xE3, 0x0E, 0xF0, 0xA0, 0xE1, 
    0x6C, 0x01, 0x9F, 0xE5, 0x80, 0x00, 0x90, 0xE5, 0xFF, 0x00, 0x00, 0xE2, 0x0E, 0xF0, 0xA0, 0xE1, 
    0x58, 0x11, 0x9F, 0xE5, 0x50, 0x0E, 0xA0, 0xE3, 0x00, 0x00, 0x81, 0xE5, 0x01, 0x00, 0xA0, 0xE3, 
    0x0E, 0xF0, 0xA0, 0xE1, 0x4C, 0x11, 0x9F, 0xE5, 0x40, 0x0F, 0xA0, 0xE3, 0x00, 0x00, 0x81, 0xE5, 
    0xCC, 0x10, 0x81, 0xE2, 0x40, 0x0F, 0xA0, 0xE3, 0x00, 0x00, 0x81, 0xE5, 0x40, 0x13, 0x81, 0xE0, 
    0x40, 0x0F, 0xA0, 0xE3, 0x00, 0x00, 0x81, 0xE5, 0x40, 0x13, 0x81, 0xE1, 0x40, 0x0F, 0xA0, 0xE3, 
    0x00, 0x00, 0x81, 0xE5, 0x40, 0x13, 0x81, 0xE0, 0x40, 0x0F, 0xA0, 0xE3, 0x00, 0x00, 0x81, 0xE5, 
    0x34, 0x10, 0x41, 0xE2, 0x40, 0x0F, 0xA0, 0xE3, 0x00, 0x00, 0x81, 0xE5, 0x40, 0x13, 0xC1, 0xE1, 
    0x40, 0x0F, 0xA0, 0xE3, 0x00, 0x00, 0x81, 0xE5, 0x40, 0x13, 0x41, 0xE0, 0x40, 0x0F, 0xA0, 0xE3, 
    0x00, 0x00, 0x81, 0xE5, 0x0C, 0x10, 0x81, 0xE2, 0x40, 0x0F, 0xA0, 0xE3, 0x00, 0x00, 0x81, 0xE5, 
    0xBD, 0x16, 0x40, 0xE2, 0x40, 0x0F, 0xA0, 0xE3, 0x00, 0x00, 0x81, 0xE5, 0x01, 0x00, 0xA0, 0xE3, 
    0x0E, 0xF0, 0xA0, 0xE1, 0xF0, 0x41, 0x2D, 0xE9, 0x00, 0x50, 0xA0, 0xE3, 0x00, 0x40, 0xA0, 0xE3, 
    0x00, 0x80, 0xA0, 0xE3, 0x00, 0x60, 0xA0, 0xE3, 0x10, 0x6F, 0x11, 0xEE, 0x40, 0x6D, 0x86, 0xE3, 
    0x10, 0x6F, 0x01, 0xEE, 0xD6, 0xFF, 0xFF, 0xEB, 0xCC, 0xFF, 0xFF, 0xEB, 0xAD, 0x00, 0x50, 0xE3, 
    0x01, 0x00, 0x00, 0x0A, 0x00, 0x00, 0xA0, 0xE1, 0xFE, 0xFF, 0xFF, 0xEA, 0xCB, 0xFF, 0xFF, 0xEB, 
    0xBC, 0xFF, 0xFF, 0xEB, 0xC5, 0xFF, 0xFF, 0xEB, 0x00, 0x50, 0xA0, 0xE1, 0xB9, 0xFF, 0xFF, 0xEB, 
    0xC2, 0xFF, 0xFF, 0xEB, 0x00, 0x04, 0x85, 0xE0, 0x00, 0x58, 0xA0, 0xE1, 0x25, 0x58, 0xA0, 0xE1, 
    0xB4, 0xFF, 0xFF, 0xEB, 0xBD, 0xFF, 0xFF, 0xEB, 0x00, 0x40, 0xA0, 0xE1, 0xB1, 0xFF, 0xFF, 0xEB, 
    0xBA, 0xFF, 0xFF, 0xEB, 0x00, 0x44, 0x84, 0xE0, 0xAE, 0xFF, 0xFF, 0xEB, 0xB7, 0xFF, 0xFF, 0xEB, 
    0x00, 0x48, 0x84, 0xE0, 0xAB, 0xFF, 0xFF, 0xEB, 0xB4, 0xFF, 0xFF, 0xEB, 0x00, 0x4C, 0x84, 0xE0, 
    0xA8, 0xFF, 0xFF, 0xEB, 0x04, 0x70, 0xA0, 0xE1, 0x00, 0x00, 0xA0, 0xE1, 0x05, 0x00, 0x58, 0xE1, 
    0x06, 0x00, 0x00, 0x2A, 0xAD, 0xFF, 0xFF, 0xEB, 0x00, 0x00, 0xC7, 0xE5, 0xA1, 0xFF, 0xFF, 0xEB, 
    0x01, 0x70, 0x87, 0xE2, 0x01, 0x00, 0x88, 0xE2, 0x40, 0x8B, 0xC0, 0xE3, 0xF6, 0xFF, 0xFF, 0xEA, 
    0x04, 0x00, 0xA0, 0xE1, 0xD9, 0x02, 0x00, 0xEB, 0x00, 0x00, 0xA0, 0xE3, 0xF0, 0x81, 0xBD, 0xE8, 
    0xDC, 0x00, 0x30, 0xF4, 0x00, 0x00, 0x40, 0xF4, 0x00, 0x00, 0x30, 0xF4, 0x00, 0x00, 0x00, 0x00, 
    0x00, 0x00, 0x00, 0x00, 0x00, 0x00, 0x00, 0x00, 0x00, 0x00, 0x00, 0x00, 0x00, 0x00, 0x00, 0x00, 
    0x00, 0x00, 0x00, 0x00, 0x00, 0x00, 0x00, 0x00, 0x00, 0x00, 0x00, 0x00, 0x00, 0x00, 0x00, 0x00, 
    0x00, 0x00, 0x00, 0x00, 0x00, 0x00, 0x00, 0x00, 0x00, 0x00, 0x00, 0x00, 0x00, 0x00, 0x00, 0x00, 
    0xFF, 0xFF, 0xFF, 0xFF, 0xFF, 0xFF, 0xFF, 0xFF, 0xFF, 0xFF, 0xFF, 0xFF, 0xFF, 0xFF, 0xFF, 0xFF, 
    0xFF, 0xFF, 0xFF, 0xFF, 0xFF, 0xFF, 0xFF, 0xFF, 0xFF, 0xFF, 0xFF, 0xFF, 0xFF, 0xFF, 0xFF, 0xFF, 
    0xFF, 0xFF, 0xFF, 0xFF, 0xFF, 0xFF, 0xFF, 0xFF, 0xFF, 0xFF, 0xFF, 0xFF, 0xFF, 0xFF, 0xFF, 0xFF, 
    0xFF, 0xFF, 0xFF, 0xFF, 0xFF, 0xFF, 0xFF, 0xFF, 0xFF, 0xFF, 0xFF, 0xFF, 0xFF, 0xFF, 0xFF, 0xFF, 
    0xFF, 0xFF, 0xFF, 0xFF, 0xFF, 0xFF, 0xFF, 0xFF, 0xFF, 0xFF, 0xFF, 0xFF, 0xFF, 0xFF, 0xFF, 0xFF, 
    0xFF, 0xFF, 0xFF, 0xFF, 0xFF, 0xFF, 0xFF, 0xFF, 0xFF, 0xFF, 0xFF, 0xFF, 0xFF, 0xFF, 0xFF, 0xFF, 
    0xFF, 0xFF, 0xFF, 0xFF, 0xFF, 0xFF, 0xFF, 0xFF, 0xFF, 0xFF, 0xFF, 0xFF, 0xFF, 0xFF, 0xFF, 0xFF, 
    0xFF, 0xFF, 0xFF, 0xFF, 0xFF, 0xFF, 0xFF, 0xFF, 0xFF, 0xFF, 0xFF, 0xFF, 0xFF, 0xFF, 0xFF, 0xFF, 
    0x3F, 0x40, 0x2D, 0xE9, 0x00, 0xE0, 0xA0, 0xE1, 0x01, 0xC0, 0xA0, 0xE1, 0x02, 0x40, 0xA0, 0xE1, 
    0x03, 0x50, 0xA0, 0xE1, 0x10, 0x00, 0x9F, 0xE5, 0x00, 0x00, 0x8D, 0xE5, 0x04, 0xC0, 0x8D, 0xE5, 
    0x0F, 0x00, 0x9D, 0xE8, 0x10, 0xD0, 0x8D, 0xE2, 0x30, 0x80, 0xBD, 0xE8, 0xD8, 0x21, 0x00, 0x30, 
    0x38, 0x40, 0x2D, 0xE9, 0x00, 0x00, 0xA0, 0xE3, 0xBF, 0x01, 0x00, 0xEB, 0xE4, 0x01, 0x9F, 0xE5, 
    0x39, 0x02, 0x00, 0xEB, 0x00, 0x40, 0xA0, 0xE1, 0x01, 0x00, 0x74, 0xE3, 0x13, 0x00, 0x00, 0x1A, 
    0xD4, 0x01, 0x9F, 0xE5, 0x34, 0x02, 0x00, 0xEB, 0x01, 0x00, 0x70, 0xE3, 0x01, 0x00, 0x00, 0x0A, 
    0x00, 0x00, 0xE0, 0xE3, 0x38, 0x80, 0xBD, 0xE8, 0xC0, 0x01, 0x9F, 0xE5, 0x2E, 0x02, 0x00, 0xEB, 
    0x01, 0x00, 0x70, 0xE3, 0x01, 0x00, 0x00, 0x0A, 0x00, 0x00, 0xE0, 0xE3, 0xF8, 0xFF, 0xFF, 0xEA, 
    0xAC, 0x01, 0x9F, 0xE5, 0x28, 0x02, 0x00, 0xEB, 0x01, 0x00, 0x70, 0xE3, 0x01, 0x00, 0x00, 0x0A, 
    0x00, 0x00, 0xE0, 0xE3, 0xF2, 0xFF, 0xFF, 0xEA, 0x00, 0x00, 0xA0, 0xE3, 0xF0, 0xFF, 0xFF, 0xEA, 
    0x90, 0x01, 0x9F, 0xE5, 0x20, 0x02, 0x00, 0xEB, 0x00, 0x50, 0xA0, 0xE1, 0x03, 0x00, 0x14, 0xE3, 
    0x02, 0x00, 0x00, 0x1A, 0x05, 0x00, 0xE0, 0xE1, 0x00, 0x00, 0x54, 0xE1, 0x01, 0x00, 0x00, 0x0A, 
    0x00, 0x00, 0xE0, 0xE3, 0xE6, 0xFF, 0xFF, 0xEA, 0x01, 0x00, 0xA0, 0xE3, 0xE4, 0xFF, 0xFF, 0xEA, 
    0x64, 0x01, 0x9F, 0xE5, 0x00, 0x10, 0x90, 0xE5, 0x60, 0x01, 0x9F, 0xE5, 0x00, 0x00, 0x90, 0xE5, 
    0x00, 0x10, 0x21, 0xE0, 0x58, 0x01, 0x9F, 0xE5, 0x00, 0x00, 0x90, 0xE5, 0x00, 0x10, 0x81, 0xE1, 
    0x50, 0x01, 0x9F, 0xE5, 0x00, 0x00, 0x90, 0xE5, 0x00, 0x10, 0x01, 0xE0, 0x48, 0x01, 0x9F, 0xE5, 
    0x00, 0x00, 0x90, 0xE5, 0x00, 0x10, 0x21, 0xE0, 0x40, 0x01, 0x9F, 0xE5, 0x00, 0x00, 0x90, 0xE5, 
    0x00, 0x10, 0x01, 0xE0, 0x38, 0x01, 0x9F, 0xE5, 0x00, 0x00, 0x90, 0xE5, 0x00, 0x10, 0x81, 0xE1, 
    0x01, 0x00, 0xA0, 0xE3, 0x0E, 0xF0, 0xA0, 0xE1, 0x38, 0x40, 0x2D, 0xE9, 0x79, 0x00, 0x00, 0xEB, 
    0x78, 0x00, 0xA0, 0xE3, 0xCD, 0x04, 0x00, 0xEB, 0x86, 0x00, 0x00, 0xEB, 0x00, 0x00, 0x50, 0xE3, 
    0x01, 0x00, 0x00, 0x1A, 0xE7, 0x04, 0x00, 0xEB, 0x44, 0x00, 0x00, 0xEB, 0xE5, 0x04, 0x00, 0xEB, 
    0xB1, 0x00, 0x00, 0xEB, 0x00, 0x50, 0xA0, 0xE1, 0x01, 0x00, 0x55, 0xE3, 0x00, 0x00, 0x00, 0x1A, 
    0xF0, 0xFF, 0xFF, 0xEB, 0xD9, 0xFF, 0xFF, 0xEB, 0xC0, 0x00, 0xA0, 0xE3, 0xC5, 0x00, 0x00, 0xEB, 
    0x00, 0x00, 0xA0, 0xE1, 0xDE, 0x00, 0x00, 0xEB, 0x30, 0x00, 0x50, 0xE3, 0xFC, 0xFF, 0xFF, 0x1A, 
    0x00, 0x00, 0xA0, 0xE1, 0xCC, 0x00, 0x9F, 0xE5, 0xB7, 0x02, 0x00, 0xEB, 0x00, 0x00, 0x50, 0xE3, 
    0x02, 0x00, 0x00, 0x1A, 0x1C, 0x00, 0xA0, 0xE3, 0xBA, 0x00, 0x00, 0xEB, 0xF8, 0xFF, 0xFF, 0xEA, 
    0xC1, 0x00, 0xA0, 0xE3, 0xB7, 0x00, 0x00, 0xEB, 0x86, 0x0E, 0x00, 0xEB, 0x00, 0x00, 0x50, 0xE3, 
    0x02, 0x00, 0x00, 0x0A, 0x9C, 0x00, 0x9F, 0xE5, 0x2C, 0x02, 0x00, 0xEB, 0x17, 0x00, 0x00, 0xEA, 
    0x9A, 0xFF, 0xFF, 0xEB, 0x01, 0x00, 0x70, 0xE3, 0x04, 0x00, 0x00, 0x0A, 0x00, 0x00, 0x50, 0xE3, 
    0x04, 0x00, 0x00, 0x0A, 0x01, 0x00, 0x50, 0xE3, 0x10, 0x00, 0x00, 0x1A, 0x04, 0x00, 0x00, 0xEA, 
    0x00, 0x00, 0xA0, 0xE1, 0xFE, 0xFF, 0xFF, 0xEA, 0x68, 0x00, 0x9F, 0xE5, 0x1F, 0x02, 0x00, 0xEB, 
    0x00, 0x00, 0xA0, 0xE1, 0x31, 0x01, 0x00, 0xEB, 0x00, 0x40, 0xA0, 0xE1, 0x04, 0x00, 0x54, 0xE3, 
    0x01, 0x00, 0x00, 0x0A, 0x05, 0x00, 0x54, 0xE3, 0x02, 0x00, 0x00, 0x1A, 0x48, 0x00, 0x9F, 0xE5, 
    0x09, 0x02, 0x00, 0xEB, 0x01, 0x00, 0x00, 0xEA, 0x08, 0x00, 0x9F, 0xE5, 0x06, 0x02, 0x00, 0xEB, 
    0x01, 0x00, 0xA0, 0xE3, 0x38, 0x80, 0xBD, 0xE8, 0x30, 0x00, 0x00, 0xA0, 0xA0, 0xA5, 0x00, 0xA0, 
    0x58, 0x5C, 0x01, 0xA0, 0x70, 0x73, 0x01, 0xA0, 0x34, 0x00, 0x00, 0xA0, 0x5C, 0x04, 0x40, 0x00, 
    0x3C, 0x04, 0x40, 0x00, 0x18, 0x04, 0x40, 0x00, 0x50, 0x04, 0x40, 0x00, 0x0C, 0x04, 0x40, 0x00, 
    0x04, 0x04, 0x40, 0x00, 0x78, 0x04, 0x40, 0x00, 0x00, 0x20, 0x02, 0x00, 0x30, 0x30, 0x03, 0x00, 
    0xF8, 0x40, 0x2D, 0xE9, 0x98, 0x00, 0x9F, 0xE5, 0x78, 0x00, 0x90, 0xE5, 0x00, 0x70, 0xA0, 0xE1, 
    0x01, 0x00, 0x17, 0xE3, 0x01, 0x00, 0x00, 0x0A, 0x00, 0x00, 0xA0, 0xE1, 0xFE, 0xFF, 0xFF, 0xEA, 
    0x7C, 0x00, 0x9F, 0xE5, 0x78, 0x00, 0x90, 0xE5, 0x01, 0x00, 0x80, 0xE3, 0x70, 0x10, 0x9F, 0xE5, 
    0x78, 0x00, 0x81, 0xE5, 0x00, 0x00, 0xA0, 0xE3, 0x27, 0x01, 0x00, 0xEB, 0x64, 0x00, 0x9F, 0xE5, 
    0xA1, 0x01, 0x00, 0xEB, 0x00, 0x60, 0xA0, 0xE1, 0x5C, 0x00, 0x9F, 0xE5, 0x9E, 0x01, 0x00, 0xEB, 
    0x00, 0x50, 0xA0, 0xE1, 0x03, 0x00, 0x16, 0xE3, 0x0E, 0x00, 0x00, 0x1A, 0x4C, 0x00, 0x9F, 0xE5, 
    0x00, 0x00, 0x55, 0xE1, 0x0B, 0x00, 0x00, 0x1A, 0xFC, 0x00, 0x00, 0xEB, 0x00, 0x40, 0xA0, 0xE1, 
    0x04, 0x00, 0x54, 0xE3, 0x01, 0x00, 0x00, 0x0A, 0x05, 0x00, 0x54, 0xE3, 0x02, 0x00, 0x00, 0x1A, 
    0x2C, 0x00, 0x9F, 0xE5, 0xD4, 0x01, 0x00, 0xEB, 0x03, 0x00, 0x00, 0xEA, 0x14, 0x00, 0x9F, 0xE5, 
    0xD1, 0x01, 0x00, 0xEB, 0x00, 0x00, 0x00, 0xEA, 0x8A, 0xFF, 0xFF, 0xEB, 0x00, 0x00, 0xA0, 0xE3, 
    0xF8, 0x80, 0xBD, 0xE8, 0x00, 0x00, 0x40, 0xF4, 0x38, 0x00, 0x00, 0xA0, 0x3C, 0x00, 0x00, 0xA0, 
    0x43, 0x4A, 0x4B, 0x54, 0x38, 0x30, 0x03, 0x00, 0x08, 0x40, 0x2D, 0xE9, 0x01, 0x00, 0xA0, 0xE3, 
    0x39, 0x07, 0x00, 0xEB, 0x1F, 0x0E, 0x00, 0xEB, 0x00, 0x00, 0x50, 0xE3, 0x01, 0x00, 0x00, 0x0A, 
    0x02, 0x00, 0xA0, 0xE3, 0x34, 0x07, 0x00, 0xEB, 0x2A, 0x0E, 0x00, 0xEB, 0x00, 0x00, 0x50, 0xE3, 
    0x02, 0x00, 0x00, 0x0A, 0xC6, 0x07, 0x00, 0xEB, 0xFC, 0x11, 0x9F, 0xE5, 0x00, 0x00, 0x81, 0xE5, 
    0x01, 0x00, 0xA0, 0xE3, 0x08, 0x80, 0xBD, 0xE8, 0x08, 0x40, 0x2D, 0xE9, 0x00, 0x00, 0xA0, 0xE1, 
    0x77, 0x04, 0x00, 0xEB, 0x00, 0x00, 0x50, 0xE3, 0x29, 0x00, 0x00, 0x1A, 0x01, 0x00, 0xA0, 0xE3, 
    0x52, 0x07, 0x00, 0xEB, 0x00, 0x00, 0x50, 0xE3, 0x07, 0x00, 0x00, 0x0A, 0xCC, 0x01, 0x9F, 0xE5, 
    0x78, 0x00, 0x90, 0xE5, 0xC0, 0x00, 0xC0, 0xE3, 0x40, 0x00, 0x80, 0xE3, 0xBC, 0x11, 0x9F, 0xE5, 
    0x78, 0x00, 0x81, 0xE5, 0x01, 0x00, 0xA0, 0xE3, 0x08, 0x80, 0xBD, 0xE8, 0x01, 0x0E, 0x00, 0xEB, 
    0x00, 0x00, 0x50, 0xE3, 0x0B, 0x00, 0x00, 0x0A, 0x02, 0x00, 0xA0, 0xE3, 0x43, 0x07, 0x00, 0xEB, 
    0x00, 0x00, 0x50, 0xE3, 0x07, 0x00, 0x00, 0x0A, 0x90, 0x01, 0x9F, 0xE5, 0x78, 0x00, 0x90, 0xE5, 
    0xC0, 0x00, 0xC0, 0xE3, 0x80, 0x00, 0x80, 0xE3, 0x80, 0x11, 0x9F, 0xE5, 0x78, 0x00, 0x81, 0xE5, 
    0x01, 0x00, 0xA0, 0xE3, 0xEF, 0xFF, 0xFF, 0xEA, 0x6C, 0x01, 0x9F, 0xE5, 0x00, 0x00, 0x90, 0xE5, 
    0x01, 0x00, 0x50, 0xE3, 0x09, 0x00, 0x00, 0x1A, 0x1D, 0x08, 0x00, 0xEB, 0x01, 0x00, 0x50, 0xE3, 
    0x06, 0x00, 0x00, 0x1A, 0x54, 0x01, 0x9F, 0xE5, 0x78, 0x00, 0x90, 0xE5, 0xC0, 0x00, 0x80, 0xE3, 
    0x48, 0x11, 0x9F, 0xE5, 0x78, 0x00, 0x81, 0xE5, 0x01, 0x00, 0xA0, 0xE3, 0xE1, 0xFF, 0xFF, 0xEA, 
    0xD2, 0xFF, 0xFF, 0xEA, 0x00, 0x00, 0xA0, 0xE3, 0xDE, 0xFF, 0xFF, 0xEA, 0x08, 0x40, 0x2D, 0xE9, 
    0x28, 0x01, 0x9F, 0xE5, 0x78, 0x00, 0x90, 0xE5, 0x00, 0x0C, 0xA0, 0xE1, 0x20, 0x0F, 0xA0, 0xE1, 
    0x01, 0x00, 0x50, 0xE3, 0x04, 0x00, 0x00, 0x0A, 0x02, 0x00, 0x50, 0xE3, 0x05, 0x00, 0x00, 0x0A, 
    0x03, 0x00, 0x50, 0xE3, 0x0D, 0x00, 0x00, 0x1A, 0x05, 0x00, 0x00, 0xEA, 0x01, 0x00, 0xA0, 0xE3, 
    0x4D, 0x07, 0x00, 0xEB, 0x08, 0x80, 0xBD, 0xE8, 0x02, 0x00, 0xA0, 0xE3, 0x4A, 0x07, 0x00, 0xEB, 
    0xFB, 0xFF, 0xFF, 0xEA, 0x34, 0x08, 0x00, 0xEB, 0x01, 0x00, 0x50, 0xE3, 0x01, 0x00, 0x00, 0x1A, 
    0x00, 0x00, 0xA0, 0xE3, 0xF6, 0xFF, 0xFF, 0xEA, 0x01, 0x00, 0xA0, 0xE3, 0xF4, 0xFF, 0xFF, 0xEA, 
    0x00, 0x00, 0xA0, 0xE1, 0xFE, 0xFF, 0xFF, 0xEA, 0x10, 0x40, 0x2D, 0xE9, 0x00, 0x40, 0xA0, 0xE1, 
    0xB8, 0x00, 0x9F, 0xE5, 0x78, 0x00, 0x90, 0xE5, 0x00, 0x0C, 0xA0, 0xE1, 0x20, 0x0F, 0xA0, 0xE1, 
    0x01, 0x00, 0x50, 0xE3, 0x04, 0x00, 0x00, 0x0A, 0x02, 0x00, 0x50, 0xE3, 0x06, 0x00, 0x00, 0x0A, 
    0x03, 0x00, 0x50, 0xE3, 0x0C, 0x00, 0x00, 0x1A, 0x07, 0x00, 0x00, 0xEA, 0x04, 0x10, 0xA0, 0xE1, 
    0x01, 0x00, 0xA0, 0xE3, 0x4B, 0x07, 0x00, 0xEB, 0x10, 0x80, 0xBD, 0xE8, 0x04, 0x10, 0xA0, 0xE1, 
    0x02, 0x00, 0xA0, 0xE3, 0x47, 0x07, 0x00, 0xEB, 0xFA, 0xFF, 0xFF, 0xEA, 0x04, 0x00, 0xA0, 0xE1, 
    0x2A, 0x08, 0x00, 0xEB, 0xFF, 0x00, 0x00, 0xE2, 0xF6, 0xFF, 0xFF, 0xEA, 0x00, 0x00, 0xA0, 0xE1, 
    0xFE, 0xFF, 0xFF, 0xEA, 0x08, 0x40, 0x2D, 0xE9, 0x50, 0x00, 0x9F, 0xE5, 0x78, 0x00, 0x90, 0xE5, 
    0x00, 0x0C, 0xA0, 0xE1, 0x20, 0x0F, 0xA0, 0xE1, 0x01, 0x00, 0x50, 0xE3, 0x04, 0x00, 0x00, 0x0A, 
    0x02, 0x00, 0x50, 0xE3, 0x05, 0x00, 0x00, 0x0A, 0x03, 0x00, 0x50, 0xE3, 0x08, 0x00, 0x00, 0x1A, 
    0x05, 0x00, 0x00, 0xEA, 0x01, 0x00, 0xA0, 0xE3, 0x05, 0x07, 0x00, 0xEB, 0x08, 0x80, 0xBD, 0xE8, 
    0x02, 0x00, 0xA0, 0xE3, 0x02, 0x07, 0x00, 0xEB, 0xFB, 0xFF, 0xFF, 0xEA, 0xD5, 0x07, 0x00, 0xEB, 
    0xF9, 0xFF, 0xFF, 0xEA, 0x00, 0x00, 0xA0, 0xE1, 0xFE, 0xFF, 0xFF, 0xEA, 0x0C, 0x60, 0x02, 0x00, 
    0x00, 0x00, 0x40, 0xF4, 0x18, 0x24, 0x9F, 0xE5, 0x00, 0x30, 0xA0, 0xE3, 0x00, 0x00, 0xA0, 0xE3, 
    0x10, 0xC4, 0x9F, 0xE5, 0x00, 0x00, 0xCC, 0xE5, 0x00, 0x00, 0xA0, 0xE3, 0x08, 0xC4, 0x9F, 0xE5, 
    0x00, 0x00, 0xCC, 0xE5, 0x00, 0x00, 0xA0, 0xE3, 0xFC, 0xC3, 0x9F, 0xE5, 0x00, 0x00, 0xCC, 0xE5, 
    0x00, 0x00, 0xA0, 0xE3, 0xF0, 0xC3, 0x9F, 0xE5, 0x00, 0x00, 0xCC, 0xE5, 0x00, 0x00, 0xA0, 0xE3, 
    0xE4, 0xC3, 0x9F, 0xE5, 0x00, 0x00, 0xCC, 0xE5, 0x30, 0x00, 0xA0, 0xE3, 0xD4, 0xC3, 0x9F, 0xE5, 
    0x00, 0x00, 0xCC, 0xE5, 0x00, 0x00, 0xA0, 0xE1, 0x40, 0x00, 0x13, 0xE3, 0x06, 0x00, 0x00, 0x1A, 
    0x70, 0x00, 0xA0, 0xE3, 0xBC, 0xC3, 0x9F, 0xE5, 0x00, 0x00, 0xCC, 0xE5, 0xBC, 0x03, 0x9F, 0xE5, 
    0xB0, 0x00, 0xD0, 0xE1, 0xFF, 0x30, 0x00, 0xE2, 0xF6, 0xFF, 0xFF, 0xEA, 0x00, 0x00, 0xA0, 0xE3, 
    0xA0, 0xC3, 0x9F, 0xE5, 0x00, 0x00, 0xCC, 0xE5, 0x00, 0x10, 0xA0, 0xE3, 0x40, 0x0F, 0x51, 0xE3, 
    0x07, 0x00, 0x00, 0x2A, 0x02, 0x00, 0x00, 0xEA, 0x01, 0x00, 0x81, 0xE2, 0x40, 0x1B, 0xC0, 0xE3, 
    0xF9, 0xFF, 0xFF, 0xEA, 0x84, 0x03, 0x9F, 0xE5, 0xB0, 0x00, 0xD0, 0xE1, 0xB2, 0x00, 0xC2, 0xE0, 
    0xF8, 0xFF, 0xFF, 0xEA, 0x01, 0x00, 0xA0, 0xE3, 0x0E, 0xF0, 0xA0, 0xE1, 0x60, 0x23, 0x9F, 0xE5, 
    0x00, 0x30, 0xA0, 0xE3, 0x00, 0x00, 0xA0, 0xE3, 0x58, 0xC3, 0x9F, 0xE5, 0x00, 0x00, 0xCC, 0xE5, 
    0x00, 0x00, 0xA0, 0xE3, 0x50, 0xC3, 0x9F, 0xE5, 0x00, 0x00, 0xCC, 0xE5, 0x00, 0x00, 0xA0, 0xE3, 
    0x44, 0xC3, 0x9F, 0xE5, 0x00, 0x00, 0xCC, 0xE5, 0x00, 0x00, 0xA0, 0xE3, 0x38, 0xC3, 0x9F, 0xE5, 
    0x00, 0x00, 0xCC, 0xE5, 0x00, 0x00, 0xA0, 0xE3, 0x2C, 0xC3, 0x9F, 0xE5, 0x00, 0x00, 0xCC, 0xE5, 
    0x30, 0x00, 0xA0, 0xE3, 0x1C, 0xC3, 0x9F, 0xE5, 0x00, 0x00, 0xCC, 0xE5, 0x00, 0x00, 0xA0, 0xE1, 
    0x40, 0x00, 0x13, 0xE3, 0x05, 0x00, 0x00, 0x1A, 0x70, 0x00, 0xA0, 0xE3, 0x04, 0xC3, 0x9F, 0xE5, 
    0x00, 0x00, 0xCC, 0xE5, 0x04, 0x03, 0x9F, 0xE5, 0x00, 0x30, 0xD0, 0xE5, 0xF7, 0xFF, 0xFF, 0xEA, 
    0x00, 0x00, 0xA0, 0xE3, 0xEC, 0xC2, 0x9F, 0xE5, 0x00, 0x00, 0xCC, 0xE5, 0x00, 0x10, 0xA0, 0xE3, 
    0x80, 0x0F, 0x51, 0xE3, 0x07, 0x00, 0x00, 0x2A, 0x02, 0x00, 0x00, 0xEA, 0x01, 0x00, 0x81, 0xE2, 
    0x40, 0x1B, 0xC0, 0xE3, 0xF9, 0xFF, 0xFF, 0xEA, 0xD0, 0x02, 0x9F, 0xE5, 0x00, 0x00, 0xD0, 0xE5, 
    0x01, 0x00, 0xC2, 0xE4, 0xF8, 0xFF, 0xFF, 0xEA, 0x01, 0x00, 0xA0, 0xE3, 0x0E, 0xF0, 0xA0, 0xE1, 
    0xBC, 0x02, 0x9F, 0xE5, 0x00, 0x00, 0xD0, 0xE5, 0x00, 0x00, 0x50, 0xE3, 0x17, 0x00, 0x00, 0x1A, 
    0xB0, 0x02, 0x9F, 0xE5, 0x00, 0x00, 0xD0, 0xE5, 0x01, 0x00, 0x50, 0xE3, 0x0A, 0x00, 0x00, 0x1A, 
    0xA4, 0x02, 0x9F, 0xE5, 0x14, 0x00, 0x90, 0xE5, 0x80, 0x03, 0xB0, 0xE1, 0x06, 0x00, 0x00, 0x5A, 
    0x94, 0x02, 0x9F, 0xE5, 0x14, 0x00, 0x90, 0xE5, 0x80, 0x06, 0xA0, 0xE1, 0xA0, 0x0E, 0xA0, 0xE1, 
    0x88, 0x12, 0x9F, 0xE5, 0x00, 0x00, 0xC1, 0xE5, 0x05, 0x00, 0x00, 0xEA, 0x78, 0x02, 0x9F, 0xE5, 
    0x10, 0x00, 0x90, 0xE5, 0x80, 0x06, 0xA0, 0xE1, 0xA0, 0x0E, 0xA0, 0xE1, 0x6C, 0x12, 0x9F, 0xE5, 
    0x00, 0x00, 0xC1, 0xE5, 0x01, 0x00, 0xA0, 0xE3, 0x54, 0x12, 0x9F, 0xE5, 0x00, 0x00, 0xC1, 0xE5, 
    0x58, 0x02, 0x9F, 0xE5, 0x00, 0x00, 0xD0, 0xE5, 0x0E, 0xF0, 0xA0, 0xE1, 0x30, 0x40, 0x2D, 0xE9, 
    0x00, 0x50, 0xA0, 0xE1, 0x00, 0x40, 0xA0, 0xE3, 0x30, 0x02, 0x9F, 0xE5, 0x20, 0x46, 0xA0, 0xE1, 
    0x04, 0x46, 0xA0, 0xE1, 0x11, 0x40, 0x84, 0xE3, 0xD8, 0xFF, 0xFF, 0xEB, 0x05, 0x00, 0x50, 0xE3, 
    0x00, 0xF1, 0x8F, 0x90, 0x6C, 0x00, 0x00, 0xEA, 0x04, 0x00, 0x00, 0xEA, 0x0E, 0x00, 0x00, 0xEA, 
    0x69, 0x00, 0x00, 0xEA, 0x17, 0x00, 0x00, 0xEA, 0x21, 0x00, 0x00, 0xEA, 0x43, 0x00, 0x00, 0xEA, 
    0x0C, 0x02, 0x9F, 0xE5, 0x80, 0x40, 0x80, 0xE5, 0x08, 0x02, 0x9F, 0xE5, 0x00, 0x12, 0x9F, 0xE5, 
    0xC0, 0x00, 0x81, 0xE5, 0xF0, 0x01, 0x9F, 0xE5, 0x78, 0x00, 0x90, 0xE5, 0x20, 0x00, 0xC0, 0xE3, 
    0xE4, 0x11, 0x9F, 0xE5, 0x78, 0x00, 0x81, 0xE5, 0x5D, 0x00, 0x00, 0xEA, 0xE0, 0x01, 0x9F, 0xE5, 
    0x80, 0x40, 0x80, 0xE5, 0xE0, 0x01, 0x9F, 0xE5, 0xD4, 0x11, 0x9F, 0xE5, 0xC0, 0x00, 0x81, 0xE5, 
    0xC4, 0x01, 0x9F, 0xE5, 0x78, 0x00, 0x90, 0xE5, 0x20, 0x00, 0xC0, 0xE3, 0xB8, 0x11, 0x9F, 0xE5, 
    0x78, 0x00, 0x81, 0xE5, 0x52, 0x00, 0x00, 0xEA, 0xB4, 0x01, 0x9F, 0xE5, 0x80, 0x40, 0x80, 0xE5, 
    0xB8, 0x01, 0x9F, 0xE5, 0xA8, 0x11, 0x9F, 0xE5, 0xC0, 0x00, 0x81, 0xE5, 0x98, 0x01, 0x9F, 0xE5, 
    0x78, 0x00, 0x90, 0xE5, 0x20, 0x00, 0xC0, 0xE3, 0x8C, 0x11, 0x9F, 0xE5, 0x78, 0x00, 0x81, 0xE5, 
    0x47, 0x00, 0x00, 0xEA, 0x80, 0x01, 0x9F, 0xE5, 0x78, 0x00, 0x90, 0xE5, 0x20, 0x00, 0x80, 0xE3, 
    0x74, 0x11, 0x9F, 0xE5, 0x78, 0x00, 0x81, 0xE5, 0x74, 0x01, 0x9F, 0xE5, 0x80, 0x40, 0x80, 0xE5, 
    0x00, 0x00, 0x55, 0xE3, 0x0A, 0x00, 0x00, 0x1A, 0x74, 0x01, 0x9F, 0xE5, 0x60, 0x11, 0x9F, 0xE5, 
    0xC0, 0x00, 0x81, 0xE5, 0x6C, 0x01, 0x9F, 0xE5, 0x54, 0x11, 0x9F, 0xE5, 0x00, 0x01, 0x81, 0xE5, 
    0x64, 0x01, 0x9F, 0xE5, 0x48, 0x11, 0x9F, 0xE5, 0x20, 0x00, 0x81, 0xE5, 0x6E, 0xFF, 0xFF, 0xEB, 
    0x0D, 0x00, 0x00, 0xEA, 0x01, 0x00, 0x55, 0xE3, 0x09, 0x00, 0x00, 0x1A, 0x4C, 0x01, 0x9F, 0xE5, 
    0x2C, 0x11, 0x9F, 0xE5, 0xC0, 0x00, 0x81, 0xE5, 0x38, 0x01, 0x9F, 0xE5, 0x20, 0x11, 0x9F, 0xE5, 
    0x00, 0x01, 0x81, 0xE5, 0x30, 0x01, 0x9F, 0xE5, 0x14, 0x11, 0x9F, 0xE5, 0x20, 0x00, 0x81, 0xE5, 
    0x01, 0x00, 0x00, 0xEA, 0x00, 0x00, 0xA0, 0xE3, 0x30, 0x80, 0xBD, 0xE8, 0x24, 0x00, 0x00, 0xEA, 
    0xF4, 0x00, 0x9F, 0xE5, 0x78, 0x00, 0x90, 0xE5, 0x20, 0x00, 0x80, 0xE3, 0xE8, 0x10, 0x9F, 0xE5, 
    0x78, 0x00, 0x81, 0xE5, 0xE8, 0x00, 0x9F, 0xE5, 0x80, 0x40, 0x80, 0xE5, 0x00, 0x00, 0x55, 0xE3, 
    0x0A, 0x00, 0x00, 0x1A, 0xE8, 0x00, 0x9F, 0xE5, 0xD4, 0x10, 0x9F, 0xE5, 0xC0, 0x00, 0x81, 0xE5, 
    0xE0, 0x00, 0x9F, 0xE5, 0xC8, 0x10, 0x9F, 0xE5, 0x00, 0x01, 0x81, 0xE5, 0xD8, 0x00, 0x9F, 0xE5, 
    0xBC, 0x10, 0x9F, 0xE5, 0x20, 0x00, 0x81, 0xE5, 0x1D, 0xFF, 0xFF, 0xEB, 0x0D, 0x00, 0x00, 0xEA, 
    0x01, 0x00, 0x55, 0xE3, 0x09, 0x00, 0x00, 0x1A, 0xC0, 0x00, 0x9F, 0xE5, 0xA0, 0x10, 0x9F, 0xE5, 
    0xC0, 0x00, 0x81, 0xE5, 0xAC, 0x00, 0x9F, 0xE5, 0x94, 0x10, 0x9F, 0xE5, 0x00, 0x01, 0x81, 0xE5, 
    0xA4, 0x00, 0x9F, 0xE5, 0x88, 0x10, 0x9F, 0xE5, 0x20, 0x00, 0x81, 0xE5, 0x01, 0x00, 0x00, 0xEA, 
    0x00, 0x00, 0xA0, 0xE3, 0xDB, 0xFF, 0xFF, 0xEA, 0x01, 0x00, 0x00, 0xEA, 0x00, 0x00, 0xA0, 0xE3, 
    0xD8, 0xFF, 0xFF, 0xEA, 0x01, 0x00, 0xA0, 0xE3, 0xD6, 0xFF, 0xFF, 0xEA, 0x30, 0x40, 0x2D, 0xE9, 
    0x00, 0x20, 0xA0, 0xE1, 0x61, 0xFF, 0xFF, 0xEB, 0x00, 0x30, 0xA0, 0xE1, 0x04, 0x00, 0x53, 0xE3, 
    0x01, 0x00, 0x00, 0x0A, 0x05, 0x00, 0x53, 0xE3, 0x05, 0x00, 0x00, 0x1A, 0x82, 0x0B, 0xA0, 0xE1, 
    0xA0, 0x0B, 0xA0, 0xE1, 0x18, 0x10, 0x9F, 0xE5, 0x01, 0x50, 0x80, 0xE0, 0x00, 0x00, 0x95, 0xE5, 
    0x30, 0x80, 0xBD, 0xE8, 0x02, 0x40, 0xA0, 0xE1, 0x04, 0x20, 0xA0, 0xE1, 0x00, 0x00, 0x94, 0xE5, 
    0xFA, 0xFF, 0xFF, 0xEA, 0x00, 0x30, 0x03, 0x00, 0x00, 0x00, 0x02, 0xA0, 0x00, 0x00, 0x01, 0xA0, 
    0x00, 0x00, 0x00, 0xA0, 0xDE, 0x00, 0x02, 0x00, 0xDC, 0x00, 0x02, 0x00, 0x00, 0x00, 0x40, 0xF4, 
    0xDD, 0x00, 0x02, 0x00, 0x00, 0x00, 0x00, 0xF0, 0x00, 0x06, 0x50, 0x80, 0x00, 0x02, 0x50, 0x90, 
    0x00, 0x02, 0x90, 0x90, 0x10, 0x45, 0x60, 0x00, 0x02, 0xC7, 0xD2, 0xD6, 0x50, 0x03, 0x10, 0x02, 
    0x10, 0x47, 0x60, 0x00, 0x00, 0x00, 0x00, 0x00, 0x00, 0x00, 0x00, 0x00, 0x00, 0x00, 0x00, 0x00, 
    0x00, 0x00, 0x00, 0x00, 0x00, 0x00, 0x00, 0x00, 0x00, 0x00, 0x00, 0x00, 0x00, 0x00, 0x00, 0x00, 
    0x00, 0x00, 0x00, 0x00, 0x00, 0x00, 0x00, 0x00, 0x00, 0x00, 0x00, 0x00, 0x00, 0x00, 0x00, 0x00, 
    0x00, 0x00, 0x00, 0x00, 0x00, 0x00, 0x00, 0x00, 0x00, 0x00, 0x00, 0x00, 0x00, 0x00, 0x00, 0x00, 
    0x00, 0x00, 0x00, 0x00, 0x00, 0x00, 0x00, 0x00, 0x00, 0x00, 0x00, 0x00, 0x00, 0x00, 0x00, 0x00, 
    0x00, 0x00, 0x00, 0x00, 0x00, 0x00, 0x00, 0x00, 0x00, 0x00, 0x00, 0x00, 0x00, 0x00, 0x00, 0x00, 
    0x00, 0x00, 0x00, 0x00, 0x00, 0x00, 0x00, 0x00, 0x00, 0x00, 0x00, 0x00, 0x00, 0x00, 0x00, 0x00, 
    0x00, 0x00, 0x00, 0x00, 0x00, 0x00, 0x00, 0x00, 0x00, 0x00, 0x00, 0x00, 0x00, 0x00, 0x00, 0x00, 
    0x00, 0x00, 0x41, 0xC0, 0x00, 0x00, 0x00, 0x00, 0x00, 0x00, 0x00, 0x00, 0x60, 0x10, 0x9F, 0xE5, 
    0x01, 0xD0, 0xA0, 0xE1, 0x31, 0x1F, 0x19, 0xEE, 0x01, 0x10, 0xC1, 0xE3, 0x31, 0x1F, 0x09, 0xEE, 
    0x00, 0x00, 0xA0, 0xE1, 0x31, 0x2F, 0x19, 0xEE, 0x11, 0x1F, 0x19, 0xEE, 0x01, 0x10, 0xC1, 0xE3, 
    0x11, 0x1F, 0x09, 0xEE, 0x00, 0x00, 0xA0, 0xE1, 0x11, 0x2F, 0x19, 0xEE, 0x00, 0xF0, 0x90, 0xE5, 
    0x2C, 0x10, 0x9F, 0xE5, 0x01, 0xD0, 0xA0, 0xE1, 0x31, 0x1F, 0x19, 0xEE, 0x01, 0x10, 0xC1, 0xE3, 
    0x31, 0x1F, 0x09, 0xEE, 0x00, 0x00, 0xA0, 0xE1, 0x31, 0x2F, 0x19, 0xEE, 0x11, 0x1F, 0x19, 0xEE, 
    0x01, 0x10, 0xC1, 0xE3, 0x11, 0x1F, 0x09, 0xEE, 0x00, 0x00, 0xA0, 0xE1, 0x11, 0x2F, 0x19, 0xEE, 
    0x00, 0xF0, 0xA0, 0xE1, 0xF0, 0x7F, 0x03, 0x00, 0x00, 0x00, 0x00, 0x00, 0x00, 0x00, 0x00, 0x00, 
    0x00, 0x00, 0x00, 0x00, 0x00, 0x00, 0x00, 0x00, 0x00, 0x00, 0x00, 0x00, 0x00, 0x00, 0x00, 0x00, 
    0x00, 0x00, 0x00, 0x00, 0x00, 0x00, 0x00, 0x00, 0x00, 0x00, 0x00, 0x00, 0x00, 0x00, 0x00, 0x00, 
    0x00, 0x00, 0x00, 0x00, 0x00, 0x00, 0x00, 0x00, 0x00, 0x00, 0x00, 0x00, 0x00, 0x00, 0x00, 0x00, 
    0x00, 0x00, 0x00, 0x00, 0x00, 0x00, 0x00, 0x00, 0x00, 0x00, 0x00, 0x00, 0x00, 0x00, 0x00, 0x00, 
    0x00, 0x00, 0x00, 0x00, 0x00, 0x00, 0x00, 0x00, 0x00, 0x00, 0x00, 0x00, 0x00, 0x00, 0x00, 0x00, 
    0x00, 0x00, 0x00, 0x00, 0x00, 0x00, 0x00, 0x00, 0x00, 0x00, 0x00, 0x00, 0x00, 0x00, 0x00, 0x00, 
    0x00, 0x00, 0x00, 0x00, 0x00, 0x00, 0x00, 0x00, 0x00, 0x00, 0x00, 0x00, 0x00, 0x00, 0x00, 0x00, 
    0x00, 0x00, 0x00, 0x00, 0x00, 0x00, 0x00, 0x00, 0x00, 0x00, 0x00, 0x00, 0x00, 0x00, 0x00, 0x00, 
    0x00, 0x00, 0x00, 0x00, 0x00, 0x00, 0x00, 0x00, 0x00, 0x00, 0x00, 0x00, 0x00, 0x00, 0x00, 0x00, 
    0x00, 0x00, 0x00, 0x00, 0x00, 0x00, 0x00, 0x00, 0x00, 0x00, 0x00, 0x00, 0x00, 0x00, 0x00, 0x00, 
    0x00, 0x00, 0x00, 0x00, 0x00, 0x00, 0x00, 0x00, 0x00, 0x00, 0x00, 0x00, 0x00, 0x00, 0x00, 0x00, 
    0x00, 0x00, 0x00, 0x00, 0x00, 0x00, 0x00, 0x00, 0x00, 0x00, 0x00, 0x00, 0x00, 0x00, 0x00, 0x00, 
    0x00, 0x00, 0x00, 0x00, 0x00, 0x00, 0x00, 0x00, 0x00, 0x00, 0x00, 0x00, 0x00, 0x00, 0x00, 0x00, 
    0xFF, 0xFF, 0xFF, 0xFF, 0xFF, 0xFF, 0xFF, 0xFF, 0xFF, 0xFF, 0xFF, 0xFF, 0xFF, 0xFF, 0xFF, 0xFF, 
    0xC4, 0x80, 0x8F, 0xE2, 0x03, 0x00, 0x98, 0xE8, 0x08, 0x00, 0x80, 0xE0, 0x08, 0x10, 0x81, 0xE0, 
    0x01, 0xB0, 0x40, 0xE2, 0x01, 0x00, 0x50, 0xE1, 0x13, 0x00, 0x00, 0x0A, 0x70, 0x00, 0xB0, 0xE8, 
    0x05, 0x00, 0x54, 0xE1, 0xFA, 0xFF, 0xFF, 0x0A, 0x01, 0x00, 0x14, 0xE3, 0x0B, 0x40, 0x84, 0x10, 
    0x01, 0x00, 0x15, 0xE3, 0x0B, 0x50, 0x85, 0x10, 0x02, 0x00, 0x15, 0xE3, 0x09, 0x50, 0x85, 0x10, 
    0x03, 0x50, 0xC5, 0xE3, 0x10, 0x60, 0x56, 0xE2, 0x8C, 0x10, 0xB4, 0x28, 0x8C, 0x10, 0xA5, 0x28, 
    0xFB, 0xFF, 0xFF, 0x8A, 0x86, 0x6E, 0xB0, 0xE1, 0x0C, 0x00, 0xB4, 0x28, 0x0C, 0x00, 0xA5, 0x28, 
    0x04, 0x70, 0x94, 0x44, 0x04, 0x70, 0x85, 0x44, 0xE9, 0xFF, 0xFF, 0xEA, 0x08, 0x20, 0x98, 0xE5, 
    0x0C, 0x30, 0x98, 0xE5, 0x08, 0x20, 0x82, 0xE0, 0x08, 0x30, 0x83, 0xE0, 0x01, 0xC0, 0x42, 0xE2, 
    0x00, 0x70, 0xA0, 0xE3, 0x00, 0x00, 0xA0, 0xE3, 0x00, 0x60, 0xA0, 0xE3, 0x00, 0xB0, 0xA0, 0xE3, 
    0x03, 0x00, 0x52, 0xE1, 0x8A, 0x0E, 0x00, 0x0B, 0x30, 0x00, 0xB2, 0xE8, 0x01, 0x00, 0x14, 0xE3, 
    0x0C, 0x40, 0x84, 0x10, 0x02, 0x00, 0x14, 0xE3, 0x09, 0x40, 0x84, 0x10, 0x03, 0x40, 0xC4, 0xE3, 
    0x10, 0x50, 0x55, 0xE2, 0xC1, 0x08, 0xA4, 0x28, 0xFC, 0xFF, 0xFF, 0x8A, 0x85, 0x5E, 0xB0, 0xE1, 
    0x41, 0x00, 0xA4, 0x28, 0x04, 0x70, 0x84, 0x44, 0xF0, 0xFF, 0xFF, 0xEA, 0x78, 0x42, 0x00, 0x00, 
    0xD4, 0x43, 0x00, 0x00, 0xD4, 0x43, 0x00, 0x00, 0x3C, 0x44, 0x00, 0x00, 0xF0, 0x47, 0x2D, 0xE9, 
    0x00, 0xA0, 0xA0, 0xE1, 0x00, 0x90, 0xA0, 0xE3, 0x00, 0x80, 0xA0, 0xE3, 0x00, 0x00, 0xA0, 0xE1, 
    0x00, 0x00, 0xA0, 0xE1, 0x00, 0x50, 0xA0, 0xE3, 0x0A, 0x60, 0xA0, 0xE1, 0x18, 0xFE, 0xFF, 0xEB, 
    0x00, 0x90, 0xA0, 0xE1, 0x16, 0xFE, 0xFF, 0xEB, 0x00, 0x80, 0xA0, 0xE1, 0x00, 0x70, 0xA0, 0xE3, 
    0x08, 0x04, 0x89, 0xE1, 0x07, 0x00, 0x50, 0xE1, 0x08, 0x00, 0x00, 0x9A, 0x01, 0x00, 0x00, 0xEA, 
    0x01, 0x70, 0x87, 0xE2, 0xF9, 0xFF, 0xFF, 0xEA, 0x0D, 0xFE, 0xFF, 0xEB, 0x00, 0x40, 0xA0, 0xE1, 
    0x04, 0x50, 0x25, 0xE0, 0x00, 0x40, 0xC6, 0xE5, 0x01, 0x60, 0x86, 0xE2, 0xF7, 0xFF, 0xFF, 0xEA, 
    0x07, 0xFE, 0xFF, 0xEB, 0x00, 0x40, 0xA0, 0xE1, 0x05, 0x00, 0x54, 0xE1, 0x01, 0x00, 0x00, 0x1A, 
    0x01, 0x00, 0xA0, 0xE3, 0xF0, 0x87, 0xBD, 0xE8, 0x00, 0x00, 0xA0, 0xE3, 0xFC, 0xFF, 0xFF, 0xEA, 
    0x40, 0x0F, 0xA0, 0xE3, 0x30, 0x11, 0x9F, 0xE5, 0x00, 0x00, 0x81, 0xE5, 0x0E, 0xF0, 0xA0, 0xE1, 
    0x08, 0x40, 0x2D, 0xE9, 0xF9, 0xFF, 0xFF, 0xEB, 0x51, 0x00, 0x00, 0xEB, 0x00, 0x00, 0x50, 0xE3, 
    0x02, 0x00, 0x00, 0x0A, 0x01, 0x00, 0x50, 0xE3, 0x0B, 0x00, 0x00, 0x1A, 0x05, 0x00, 0x00, 0xEA, 
    0xA7, 0x00, 0x00, 0xEB, 0x00, 0x00, 0x50, 0xE3, 0x01, 0x00, 0x00, 0x0A, 0x00, 0x00, 0xA0, 0xE1, 
    0xFE, 0xFF, 0xFF, 0xEA, 0x06, 0x00, 0x00, 0xEA, 0x00, 0x00, 0xE0, 0xE3, 0xEC, 0x10, 0x9F, 0xE5, 
    0x00, 0x00, 0x81, 0xE5, 0x6C, 0x00, 0x00, 0xEB, 0x01, 0x00, 0x00, 0xEA, 0x00, 0x00, 0xA0, 0xE1, 
    0xFE, 0xFF, 0xFF, 0xEA, 0x72, 0x00, 0x00, 0xEB, 0x85, 0x00, 0x00, 0xEB, 0x02, 0x00, 0x50, 0xE3, 
    0x02, 0x00, 0x00, 0x0A, 0x03, 0x00, 0x50, 0xE3, 0x2C, 0x00, 0x00, 0x1A, 0x1D, 0x00, 0x00, 0xEA, 
    0xA1, 0x00, 0x00, 0xEB, 0x01, 0x00, 0x50, 0xE3, 0x0C, 0x00, 0x00, 0x1A, 0x1E, 0x01, 0x00, 0xEB, 
    0x01, 0x00, 0x50, 0xE3, 0x07, 0x00, 0x00, 0x1A, 0x5B, 0x01, 0x00, 0xEB, 0x6B, 0x01, 0x00, 0xEB, 
    0x00, 0x00, 0x50, 0xE3, 0x01, 0x00, 0x00, 0x1A, 0xAD, 0x01, 0x00, 0xEB, 0x10, 0x00, 0x00, 0xEA, 
    0x99, 0x01, 0x00, 0xEB, 0x0E, 0x00, 0x00, 0xEA, 0x97, 0x01, 0x00, 0xEB, 0x0C, 0x00, 0x00, 0xEA, 
    0x11, 0x01, 0x00, 0xEB, 0x01, 0x00, 0x50, 0xE3, 0x07, 0x00, 0x00, 0x1A, 0x4E, 0x01, 0x00, 0xEB, 
    0x5E, 0x01, 0x00, 0xEB, 0x00, 0x00, 0x50, 0xE3, 0x01, 0x00, 0x00, 0x1A, 0xA0, 0x01, 0x00, 0xEB, 
    0x03, 0x00, 0x00, 0xEA, 0x00, 0x00, 0xA0, 0xE1, 0xFE, 0xFF, 0xFF, 0xEA, 0x00, 0x00, 0xA0, 0xE1, 
    0xFE, 0xFF, 0xFF, 0xEA, 0x0F, 0x00, 0x00, 0xEA, 0x03, 0x01, 0x00, 0xEB, 0x01, 0x00, 0x50, 0xE3, 
    0x07, 0x00, 0x00, 0x1A, 0x40, 0x01, 0x00, 0xEB, 0x50, 0x01, 0x00, 0xEB, 0x00, 0x00, 0x50, 0xE3, 
    0x01, 0x00, 0x00, 0x1A, 0x92, 0x01, 0x00, 0xEB, 0x03, 0x00, 0x00, 0xEA, 0x00, 0x00, 0xA0, 0xE1, 
    0xFE, 0xFF, 0xFF, 0xEA, 0x00, 0x00, 0xA0, 0xE1, 0xFE, 0xFF, 0xFF, 0xEA, 0x01, 0x00, 0x00, 0xEA, 
    0x00, 0x00, 0xA0, 0xE1, 0xFE, 0xFF, 0xFF, 0xEA, 0x08, 0x80, 0xBD, 0xE8, 0x00, 0x00, 0x30, 0xF4, 
    0x0C, 0x60, 0x02, 0x00, 0x10, 0x0F, 0x11, 0xEE, 0x40, 0x0D, 0xC0, 0xE3, 0x04, 0x00, 0xC0, 0xE3, 
    0x10, 0x0F, 0x01, 0xEE, 0x10, 0x0F, 0x1F, 0xEE, 0x40, 0x0B, 0x80, 0xE3, 0x10, 0x0F, 0x0F, 0xEE, 
    0x0E, 0xF0, 0xA0, 0xE1, 0x08, 0x40, 0x2D, 0xE9, 0x90, 0x00, 0x9F, 0xE5, 0x10, 0x00, 0x90, 0xE5, 
    0x80, 0x01, 0xB0, 0xE1, 0x07, 0x00, 0x00, 0x5A, 0xF1, 0xFF, 0xFF, 0xEB, 0x80, 0x00, 0x9F, 0xE5, 
    0x74, 0xFB, 0xFF, 0xEB, 0x02, 0x00, 0xA0, 0xE3, 0x78, 0x10, 0x9F, 0xE5, 0x00, 0x00, 0xC1, 0xE5, 
    0x00, 0x00, 0xA0, 0xE3, 0x08, 0x80, 0xBD, 0xE8, 0x60, 0x00, 0x9F, 0xE5, 0x10, 0x00, 0x90, 0xE5, 
    0x80, 0x00, 0xB0, 0xE1, 0x07, 0x00, 0x00, 0x5A, 0xE5, 0xFF, 0xFF, 0xEB, 0x50, 0x00, 0x9F, 0xE5, 
    0x68, 0xFB, 0xFF, 0xEB, 0x01, 0x00, 0xA0, 0xE3, 0x48, 0x10, 0x9F, 0xE5, 0x00, 0x00, 0xC1, 0xE5, 
    0x00, 0x00, 0xA0, 0xE3, 0xF2, 0xFF, 0xFF, 0xEA, 0x30, 0x00, 0x9F, 0xE5, 0x10, 0x00, 0x90, 0xE5, 
    0x00, 0x00, 0x50, 0xE3, 0x07, 0x00, 0x00, 0xAA, 0xD9, 0xFF, 0xFF, 0xEB, 0x20, 0x00, 0x9F, 0xE5, 
    0x5C, 0xFB, 0xFF, 0xEB, 0x00, 0x00, 0xA0, 0xE3, 0x18, 0x10, 0x9F, 0xE5, 0x00, 0x00, 0xC1, 0xE5, 
    0x01, 0x00, 0xA0, 0xE3, 0xE6, 0xFF, 0xFF, 0xEA, 0x03, 0x00, 0xA0, 0xE3, 0xE4, 0xFF, 0xFF, 0xEA, 
    0x00, 0x00, 0x40, 0xF4, 0xB8, 0x0B, 0x00, 0x00, 0xDC, 0x00, 0x02, 0x00, 0x08, 0x40, 0x2D, 0xE9, 
    0x18, 0x00, 0x9F, 0xE5, 0x78, 0x00, 0x90, 0xE5, 0x10, 0x00, 0x80, 0xE3, 0x0C, 0x10, 0x9F, 0xE5, 
    0x78, 0x00, 0x81, 0xE5, 0x6D, 0xFC, 0xFF, 0xEB, 0xFE, 0xFC, 0xFF, 0xEB, 0x08, 0x80, 0xBD, 0xE8, 
    0x00, 0x00, 0x40, 0xF4, 0x08, 0x40, 0x2D, 0xE9, 0x46, 0x0B, 0x00, 0xEB, 0x34, 0x10, 0x9F, 0xE5, 
    0x00, 0x00, 0x81, 0xE5, 0x00, 0x00, 0xE0, 0xE3, 0x2C, 0x10, 0x9F, 0xE5, 0x00, 0x00, 0x81, 0xE5, 
    0x28, 0x00, 0x9F, 0xE5, 0xAE, 0x03, 0x00, 0xEB, 0x1C, 0x10, 0x9F, 0xE5, 0x00, 0x00, 0x81, 0xE5, 
    0x1C, 0x0B, 0x00, 0xEB, 0x00, 0x00, 0x50, 0xE3, 0x01, 0x00, 0x00, 0x1A, 0x01, 0x00, 0xA0, 0xE3, 
    0xF5, 0xFD, 0xFF, 0xEB, 0x08, 0x80, 0xBD, 0xE8, 0x04, 0x60, 0x02, 0x00, 0x08, 0x60, 0x02, 0x00, 
    0xB4, 0x51, 0x40, 0x00, 0x08, 0x40, 0x2D, 0xE9, 0x12, 0x0B, 0x00, 0xEB, 0x00, 0x00, 0x50, 0xE3, 
    0x07, 0x00, 0x00, 0x0A, 0x34, 0x00, 0x9F, 0xE5, 0x78, 0x00, 0x90, 0xE5, 0x06, 0x00, 0xC0, 0xE3, 
    0x04, 0x00, 0x80, 0xE3, 0x24, 0x10, 0x9F, 0xE5, 0x78, 0x00, 0x81, 0xE5, 0x03, 0x00, 0xA0, 0xE3, 
    0x08, 0x80, 0xBD, 0xE8, 0x14, 0x00, 0x9F, 0xE5, 0x78, 0x00, 0x90, 0xE5, 0x06, 0x00, 0x80, 0xE3, 
    0x08, 0x10, 0x9F, 0xE5, 0x78, 0x00, 0x81, 0xE5, 0x02, 0x00, 0xA0, 0xE3, 0xF7, 0xFF, 0xFF, 0xEA, 
    0x00, 0x00, 0x40, 0xF4, 0x2C, 0x00, 0x9F, 0xE5, 0x78, 0x00, 0x90, 0xE5, 0x01, 0x00, 0x10, 0xE3, 
    0x01, 0x00, 0x00, 0x0A, 0x01, 0x00, 0xA0, 0xE3, 0x0E, 0xF0, 0xA0, 0xE1, 0x14, 0x00, 0x9F, 0xE5, 
    0x78, 0x00, 0x90, 0xE5, 0x01, 0x00, 0x80, 0xE3, 0x08, 0x10, 0x9F, 0xE5, 0x78, 0x00, 0x81, 0xE5, 
    0x00, 0x00, 0xA0, 0xE3, 0xF7, 0xFF, 0xFF, 0xEA, 0x00, 0x00, 0x40, 0xF4, 0x08, 0x40, 0x2D, 0xE9, 
    0xA4, 0x01, 0x9F, 0xE5, 0x78, 0x00, 0x90, 0xE5, 0x00, 0x0D, 0xB0, 0xE1, 0x29, 0x00, 0x00, 0x5A, 
    0xAA, 0xFD, 0xFF, 0xEB, 0x04, 0x00, 0x50, 0xE3, 0x02, 0x00, 0x00, 0x0A, 0x05, 0x00, 0x50, 0xE3, 
    0x06, 0x00, 0x00, 0x1A, 0x02, 0x00, 0x00, 0xEA, 0x00, 0x00, 0xA0, 0xE3, 0xDF, 0x0B, 0x00, 0xEB, 
    0x04, 0x00, 0x00, 0xEA, 0x01, 0x00, 0xA0, 0xE3, 0xDC, 0x0B, 0x00, 0xEB, 0x01, 0x00, 0x00, 0xEA, 
    0x00, 0x00, 0xA0, 0xE1, 0xFE, 0xFF, 0xFF, 0xEA, 0x01, 0x00, 0xA0, 0xE3, 0x8F, 0x01, 0x00, 0xEB, 
    0x15, 0x02, 0x00, 0xEB, 0x00, 0x00, 0x50, 0xE3, 0x04, 0x00, 0x00, 0x1A, 0x03, 0x00, 0xA0, 0xE3, 
    0x48, 0x11, 0x9F, 0xE5, 0x00, 0x00, 0x81, 0xE5, 0x00, 0x00, 0xA0, 0xE3, 0x08, 0x80, 0xBD, 0xE8, 
    0x01, 0x00, 0xA0, 0xE3, 0x04, 0x03, 0x00, 0xEB, 0x00, 0x00, 0x50, 0xE3, 0x04, 0x00, 0x00, 0x1A, 
    0x03, 0x00, 0xA0, 0xE3, 0x24, 0x11, 0x9F, 0xE5, 0x00, 0x00, 0x81, 0xE5, 0x02, 0x00, 0xA0, 0xE3, 
    0xF5, 0xFF, 0xFF, 0xEA, 0xFE, 0x0B, 0x00, 0xEB, 0xA2, 0x01, 0x00, 0xEB, 0x00, 0x00, 0x50, 0xE3, 
    0x23, 0x00, 0x00, 0x1A, 0x03, 0x00, 0xA0, 0xE3, 0x00, 0x11, 0x9F, 0xE5, 0x00, 0x00, 0x81, 0xE5, 
    0x02, 0x00, 0xA0, 0xE3, 0xEC, 0xFF, 0xFF, 0xEA, 0xEC, 0x00, 0x9F, 0xE5, 0x78, 0x00, 0x90, 0xE5, 
    0x00, 0x0D, 0xB0, 0xE1, 0x1A, 0x00, 0x00, 0x4A, 0x00, 0x00, 0xA0, 0xE3, 0x6F, 0x01, 0x00, 0xEB, 
    0xF5, 0x01, 0x00, 0xEB, 0x00, 0x00, 0x50, 0xE3, 0x04, 0x00, 0x00, 0x1A, 0x03, 0x00, 0xA0, 0xE3, 
    0xC8, 0x10, 0x9F, 0xE5, 0x00, 0x00, 0x81, 0xE5, 0x00, 0x00, 0xA0, 0xE3, 0xDE, 0xFF, 0xFF, 0xEA, 
    0x8C, 0x01, 0x00, 0xEB, 0x00, 0x00, 0x50, 0xE3, 0x04, 0x00, 0x00, 0x1A, 0x03, 0x00, 0xA0, 0xE3, 
    0xA8, 0x10, 0x9F, 0xE5, 0x00, 0x00, 0x81, 0xE5, 0x02, 0x00, 0xA0, 0xE3, 0xD6, 0xFF, 0xFF, 0xEA, 
    0x01, 0x00, 0xA0, 0xE3, 0xDC, 0x02, 0x00, 0xEB, 0x00, 0x00, 0x50, 0xE3, 0x04, 0x00, 0x00, 0x1A, 
    0x03, 0x00, 0xA0, 0xE3, 0x84, 0x10, 0x9F, 0xE5, 0x00, 0x00, 0x81, 0xE5, 0x02, 0x00, 0xA0, 0xE3, 
    0xCD, 0xFF, 0xFF, 0xEA, 0x11, 0x02, 0x00, 0xEB, 0x00, 0x00, 0x50, 0xE3, 0x04, 0x00, 0x00, 0x1A, 
    0x01, 0x00, 0xA0, 0xE3, 0x64, 0x10, 0x9F, 0xE5, 0x00, 0x00, 0x81, 0xE5, 0x03, 0x00, 0xA0, 0xE3, 
    0xC5, 0xFF, 0xFF, 0xEA, 0x7A, 0x02, 0x00, 0xEB, 0x00, 0x00, 0x50, 0xE3, 0x04, 0x00, 0x00, 0x1A, 
    0x02, 0x00, 0xA0, 0xE3, 0x44, 0x10, 0x9F, 0xE5, 0x00, 0x00, 0x81, 0xE5, 0x02, 0x00, 0xA0, 0xE3, 
    0xBD, 0xFF, 0xFF, 0xEA, 0x00, 0x00, 0xA0, 0xE3, 0xC3, 0x02, 0x00, 0xEB, 0x00, 0x00, 0x50, 0xE3, 
    0x04, 0x00, 0x00, 0x1A, 0x03, 0x00, 0xA0, 0xE3, 0x20, 0x10, 0x9F, 0xE5, 0x00, 0x00, 0x81, 0xE5, 
    0x02, 0x00, 0xA0, 0xE3, 0xB4, 0xFF, 0xFF, 0xEA, 0x00, 0x00, 0xA0, 0xE3, 0x0C, 0x10, 0x9F, 0xE5, 
    0x00, 0x00, 0x81, 0xE5, 0x01, 0x00, 0xA0, 0xE3, 0xAF, 0xFF, 0xFF, 0xEA, 0x00, 0x00, 0x40, 0xF4, 
    0x00, 0x60, 0x02, 0x00, 0x00, 0x10, 0xA0, 0xE1, 0x28, 0x21, 0x9F, 0xE5, 0x28, 0x01, 0x9F, 0xE5, 
    0x78, 0x00, 0x90, 0xE5, 0xC0, 0x00, 0x00, 0xE2, 0xC0, 0x00, 0x50, 0xE3, 0x01, 0x00, 0x00, 0x0A, 
    0x01, 0x00, 0xA0, 0xE3, 0x0E, 0xF0, 0xA0, 0xE1, 0x00, 0x00, 0xA0, 0xE1, 0x00, 0x00, 0xA0, 0xE1, 
    0x01, 0x02, 0x82, 0xE0, 0xDC, 0x01, 0x90, 0xE5, 0x40, 0x00, 0x10, 0xE3, 0x01, 0x00, 0x00, 0x0A, 
    0x01, 0x00, 0xA0, 0xE3, 0xF6, 0xFF, 0xFF, 0xEA, 0xF7, 0xFF, 0xFF, 0xEA, 0x38, 0x40, 0x2D, 0xE9, 
    0x00, 0x50, 0xA0, 0xE3, 0x00, 0x40, 0xA0, 0xE3, 0xDC, 0x00, 0x9F, 0xE5, 0x78, 0x00, 0x90, 0xE5, 
    0x80, 0x0D, 0xB0, 0xE1, 0x2D, 0x00, 0x00, 0x5A, 0xCC, 0x00, 0x9F, 0xE5, 0x78, 0x00, 0x90, 0xE5, 
    0xC0, 0x00, 0xC0, 0xE3, 0xC0, 0x10, 0x9F, 0xE5, 0x78, 0x00, 0x81, 0xE5, 0x78, 0x00, 0xA0, 0xE3, 
    0x8E, 0x00, 0x00, 0xEB, 0x47, 0xFC, 0xFF, 0xEB, 0x00, 0x00, 0x50, 0xE3, 0x21, 0x00, 0x00, 0x0A, 
    0x00, 0x00, 0xA0, 0xE1, 0x00, 0x00, 0x55, 0xE3, 0x1F, 0x00, 0x00, 0x1A, 0x72, 0xFC, 0xFF, 0xEB, 
    0x00, 0x00, 0x50, 0xE3, 0x1A, 0x00, 0x00, 0x1A, 0x02, 0x50, 0xA0, 0xE3, 0xC0, 0x00, 0xA0, 0xE3, 
    0x88, 0xFC, 0xFF, 0xEB, 0x84, 0x00, 0x9F, 0xE5, 0x00, 0x00, 0x90, 0xE5, 0xF0, 0x10, 0xA0, 0xE3, 
    0x20, 0x0C, 0x01, 0xE0, 0x74, 0x10, 0x9F, 0xE5, 0x00, 0x10, 0x91, 0xE5, 0x01, 0x14, 0xA0, 0xE1, 
    0x21, 0x4E, 0x80, 0xE1, 0x01, 0x00, 0xA0, 0xE3, 0xC9, 0xFF, 0xFF, 0xEB, 0x04, 0x00, 0xA0, 0xE1, 
    0x7C, 0xFC, 0xFF, 0xEB, 0x58, 0x00, 0x9F, 0xE5, 0x00, 0x00, 0x90, 0xE5, 0x3C, 0x10, 0xA0, 0xE3, 
    0x00, 0x41, 0x01, 0xE0, 0x4C, 0x00, 0x9F, 0xE5, 0x00, 0x00, 0x90, 0xE5, 0x03, 0x00, 0x00, 0xE2, 
    0x04, 0x40, 0x80, 0xE1, 0x01, 0x00, 0xA0, 0xE3, 0xBD, 0xFF, 0xFF, 0xEB, 0x04, 0x00, 0xA0, 0xE1, 
    0x70, 0xFC, 0xFF, 0xEB, 0xDE, 0xFF, 0xFF, 0xEA, 0x01, 0x50, 0xA0, 0xE3, 0x85, 0x00, 0x00, 0xEB, 
    0x02, 0x00, 0x55, 0xE3, 0x01, 0x00, 0x00, 0x1A, 0x01, 0x00, 0xA0, 0xE3, 0x38, 0x80, 0xBD, 0xE8, 
    0x00, 0x00, 0xA0, 0xE3, 0xFC, 0xFF, 0xFF, 0xEA, 0x00, 0x00, 0x20, 0xF2, 0x00, 0x00, 0x40, 0xF4, 
    0xB0, 0x0E, 0x40, 0x00, 0x08, 0x60, 0x02, 0x00, 0x04, 0x60, 0x02, 0x00, 0x08, 0x40, 0x2D, 0xE9, 
    0x00, 0x00, 0xA0, 0xE1, 0x7A, 0xFC, 0xFF, 0xEB, 0x30, 0x00, 0x50, 0xE3, 0xFC, 0xFF, 0xFF, 0x1A, 
    0x00, 0x00, 0xA0, 0xE1, 0x20, 0x00, 0x9F, 0xE5, 0x53, 0xFE, 0xFF, 0xEB, 0x00, 0x00, 0x50, 0xE3, 
    0x02, 0x00, 0x00, 0x1A, 0x1C, 0x00, 0xA0, 0xE3, 0x56, 0xFC, 0xFF, 0xEB, 0xF8, 0xFF, 0xFF, 0xEA, 
    0xC1, 0x00, 0xA0, 0xE3, 0x53, 0xFC, 0xFF, 0xEB, 0x08, 0x80, 0xBD, 0xE8, 0x00, 0x20, 0x02, 0x00, 
    0x08, 0x40, 0x2D, 0xE9, 0x02, 0x00, 0xA0, 0xE3, 0xD0, 0x00, 0x00, 0xEB, 0x56, 0x01, 0x00, 0xEB, 
    0x00, 0x00, 0x50, 0xE3, 0x06, 0x00, 0x00, 0x1A, 0xA8, 0x00, 0x9F, 0xE5, 0x78, 0x00, 0x90, 0xE5, 
    0x08, 0x00, 0xC0, 0xE3, 0x9C, 0x10, 0x9F, 0xE5, 0x78, 0x00, 0x81, 0xE5, 0x01, 0x00, 0xA0, 0xE3, 
    0x08, 0x80, 0xBD, 0xE8, 0xEB, 0x00, 0x00, 0xEB, 0x00, 0x00, 0x50, 0xE3, 0x06, 0x00, 0x00, 0x1A, 
    0x80, 0x00, 0x9F, 0xE5, 0x78, 0x00, 0x90, 0xE5, 0x08, 0x00, 0xC0, 0xE3, 0x74, 0x10, 0x9F, 0xE5, 
    0x78, 0x00, 0x81, 0xE5, 0x01, 0x00, 0xA0, 0xE3, 0xF4, 0xFF, 0xFF, 0xEA, 0x77, 0x01, 0x00, 0xEB, 
    0x00, 0x00, 0x50, 0xE3, 0x06, 0x00, 0x00, 0x1A, 0x58, 0x00, 0x9F, 0xE5, 0x78, 0x00, 0x90, 0xE5, 
    0x08, 0x00, 0xC0, 0xE3, 0x4C, 0x10, 0x9F, 0xE5, 0x78, 0x00, 0x81, 0xE5, 0x01, 0x00, 0xA0, 0xE3, 
    0xEA, 0xFF, 0xFF, 0xEA, 0xDE, 0x01, 0x00, 0xEB, 0x00, 0x00, 0x50, 0xE3, 0x06, 0x00, 0x00, 0x1A, 
    0x30, 0x00, 0x9F, 0xE5, 0x78, 0x00, 0x90, 0xE5, 0x08, 0x00, 0xC0, 0xE3, 0x24, 0x10, 0x9F, 0xE5, 
    0x78, 0x00, 0x81, 0xE5, 0x01, 0x00, 0xA0, 0xE3, 0xE0, 0xFF, 0xFF, 0xEA, 0x14, 0x00, 0x9F, 0xE5, 
    0x78, 0x00, 0x90, 0xE5, 0x08, 0x00, 0x80, 0xE3, 0x08, 0x10, 0x9F, 0xE5, 0x78, 0x00, 0x81, 0xE5, 
    0x00, 0x00, 0xA0, 0xE3, 0xD9, 0xFF, 0xFF, 0xEA, 0x00, 0x00, 0x40, 0xF4, 0x10, 0x40, 0x2D, 0xE9, 
    0x38, 0x00, 0x9F, 0xE5, 0x78, 0x00, 0x90, 0xE5, 0x00, 0x0D, 0xB0, 0xE1, 0x02, 0x00, 0x00, 0x5A, 
    0x01, 0x00, 0xA0, 0xE3, 0x99, 0x00, 0x00, 0xEB, 0x01, 0x00, 0x00, 0xEA, 0x00, 0x00, 0xA0, 0xE3, 
    0x96, 0x00, 0x00, 0xEB, 0xBB, 0x00, 0x00, 0xEB, 0x01, 0x00, 0xA0, 0xE3, 0x61, 0x02, 0x00, 0xEB, 
    0x00, 0x40, 0xA0, 0xE1, 0x04, 0x00, 0xA0, 0xE1, 0x88, 0xFD, 0xFF, 0xEB, 0x10, 0x80, 0xBD, 0xE8, 
    0x00, 0x00, 0x40, 0xF4, 0x10, 0x40, 0x2D, 0xE9, 0x00, 0x00, 0xA0, 0xE3, 0x59, 0x02, 0x00, 0xEB, 
    0x00, 0x40, 0xA0, 0xE1, 0x04, 0x00, 0xA0, 0xE1, 0x80, 0xFD, 0xFF, 0xEB, 0x10, 0x80, 0xBD, 0xE8, 
    0x00, 0x10, 0xA0, 0xE1, 0x04, 0x02, 0x9F, 0xE5, 0x90, 0x01, 0x03, 0xE0, 0x40, 0x07, 0xA0, 0xE3, 
    0x03, 0x22, 0x40, 0xE0, 0x40, 0x0F, 0xA0, 0xE3, 0xF4, 0x31, 0x9F, 0xE5, 0x00, 0x00, 0x83, 0xE5, 
    0xF0, 0x01, 0x9F, 0xE5, 0xE8, 0x31, 0x9F, 0xE5, 0x10, 0x00, 0x83, 0xE5, 0xE0, 0x01, 0x9F, 0xE5, 
    0x14, 0x00, 0x90, 0xE5, 0xC0, 0x0F, 0xC0, 0xE3, 0x80, 0x0F, 0x80, 0xE3, 0xD0, 0x31, 0x9F, 0xE5, 
    0x14, 0x00, 0x83, 0xE5, 0xC8, 0x01, 0x9F, 0xE5, 0xDC, 0x00, 0x90, 0xE5, 0x0F, 0x00, 0xC0, 0xE3, 
    0x0C, 0x00, 0x80, 0xE3, 0xB8, 0x31, 0x9F, 0xE5, 0xDC, 0x00, 0x83, 0xE5, 0xB0, 0x01, 0x9F, 0xE5, 
    0x38, 0x20, 0x80, 0xE5, 0x07, 0x00, 0xA0, 0xE3, 0xA4, 0x31, 0x9F, 0xE5, 0x60, 0x00, 0x83, 0xE5, 
    0x01, 0x00, 0xA0, 0xE3, 0x0E, 0xF0, 0xA0, 0xE1, 0x00, 0x00, 0xA0, 0xE3, 0x90, 0x11, 0x9F, 0xE5, 
    0x60, 0x00, 0x81, 0xE5, 0x00, 0x00, 0xA0, 0xE3, 0x84, 0x11, 0x9F, 0xE5, 0x10, 0x00, 0x81, 0xE5, 
    0x00, 0x00, 0xA0, 0xE3, 0x78, 0x11, 0x9F, 0xE5, 0x14, 0x00, 0x81, 0xE5, 0x00, 0x00, 0xA0, 0xE3, 
    0x6C, 0x11, 0x9F, 0xE5, 0xDC, 0x00, 0x81, 0xE5, 0x00, 0x00, 0xA0, 0xE3, 0x60, 0x11, 0x9F, 0xE5, 
    0x40, 0x00, 0x81, 0xE5, 0x00, 0x00, 0xA0, 0xE3, 0x54, 0x11, 0x9F, 0xE5, 0x38, 0x00, 0x81, 0xE5, 
    0x01, 0x00, 0xA0, 0xE3, 0x48, 0x11, 0x9F, 0xE5, 0x00, 0x00, 0x81, 0xE5, 0x01, 0x00, 0xA0, 0xE3, 
    0x0E, 0xF0, 0xA0, 0xE1, 0x38, 0x01, 0x9F, 0xE5, 0xFC, 0x00, 0x90, 0xE5, 0x00, 0x09, 0xB0, 0xE1, 
    0x06, 0x00, 0x00, 0x5A, 0x28, 0x01, 0x9F, 0xE5, 0xFC, 0x00, 0x90, 0xE5, 0x40, 0x0C, 0x80, 0xE3, 
    0x1C, 0x11, 0x9F, 0xE5, 0xFC, 0x00, 0x81, 0xE5, 0x01, 0x00, 0xA0, 0xE3, 0x0E, 0xF0, 0xA0, 0xE1, 
    0x00, 0x00, 0xA0, 0xE3, 0xFC, 0xFF, 0xFF, 0xEA, 0x00, 0x10, 0xA0, 0xE1, 0xFC, 0x00, 0x9F, 0xE5, 
    0x90, 0x01, 0x03, 0xE0, 0x40, 0x07, 0xA0, 0xE3, 0x03, 0x22, 0x40, 0xE0, 0x40, 0x0F, 0xA0, 0xE3, 
    0xF4, 0x30, 0x9F, 0xE5, 0x00, 0x00, 0x83, 0xE5, 0xE8, 0x00, 0x9F, 0xE5, 0xE8, 0x30, 0x9F, 0xE5, 
    0x10, 0x00, 0x83, 0xE5, 0xE0, 0x00, 0x9F, 0xE5, 0x14, 0x00, 0x90, 0xE5, 0xC0, 0x0F, 0xC0, 0xE3, 
    0x80, 0x0F, 0x80, 0xE3, 0xD0, 0x30, 0x9F, 0xE5, 0x14, 0x00, 0x83, 0xE5, 0xC8, 0x00, 0x9F, 0xE5, 
    0xDC, 0x00, 0x90, 0xE5, 0x0F, 0x00, 0xC0, 0xE3, 0x0C, 0x00, 0x80, 0xE3, 0xB8, 0x30, 0x9F, 0xE5, 
    0xDC, 0x00, 0x83, 0xE5, 0xB0, 0x00, 0x9F, 0xE5, 0x38, 0x20, 0x80, 0xE5, 0x07, 0x00, 0xA0, 0xE3, 
    0xA4, 0x30, 0x9F, 0xE5, 0x60, 0x00, 0x83, 0xE5, 0x01, 0x00, 0xA0, 0xE3, 0x0E, 0xF0, 0xA0, 0xE1, 
    0x00, 0x00, 0xA0, 0xE3, 0x90, 0x10, 0x9F, 0xE5, 0x60, 0x00, 0x81, 0xE5, 0x00, 0x00, 0xA0, 0xE3, 
    0x84, 0x10, 0x9F, 0xE5, 0x10, 0x00, 0x81, 0xE5, 0x00, 0x00, 0xA0, 0xE3, 0x78, 0x10, 0x9F, 0xE5, 
    0x14, 0x00, 0x81, 0xE5, 0x00, 0x00, 0xA0, 0xE3, 0x6C, 0x10, 0x9F, 0xE5, 0xDC, 0x00, 0x81, 0xE5, 
    0x00, 0x00, 0xA0, 0xE3, 0x60, 0x10, 0x9F, 0xE5, 0x40, 0x00, 0x81, 0xE5, 0x00, 0x00, 0xA0, 0xE3, 
    0x54, 0x10, 0x9F, 0xE5, 0x38, 0x00, 0x81, 0xE5, 0x01, 0x00, 0xA0, 0xE3, 0x48, 0x10, 0x9F, 0xE5, 
    0x00, 0x00, 0x81, 0xE5, 0x01, 0x00, 0xA0, 0xE3, 0x0E, 0xF0, 0xA0, 0xE1, 0x38, 0x00, 0x9F, 0xE5, 
    0xFC, 0x00, 0x90, 0xE5, 0x00, 0x09, 0xB0, 0xE1, 0x06, 0x00, 0x00, 0x5A, 0x28, 0x00, 0x9F, 0xE5, 
    0xFC, 0x00, 0x90, 0xE5, 0x40, 0x0C, 0x80, 0xE3, 0x1C, 0x10, 0x9F, 0xE5, 0xFC, 0x00, 0x81, 0xE5, 
    0x01, 0x00, 0xA0, 0xE3, 0x0E, 0xF0, 0xA0, 0xE1, 0x00, 0x00, 0xA0, 0xE3, 0xFC, 0xFF, 0xFF, 0xEA, 
    0x59, 0x06, 0x00, 0x00, 0x00, 0x00, 0x90, 0xF4, 0x3C, 0x00, 0x03, 0x00, 0x00, 0x00, 0xA0, 0xF4, 
    0x00, 0x00, 0x50, 0xE3, 0x0E, 0x00, 0x00, 0x0A, 0x01, 0x00, 0x50, 0xE3, 0x02, 0x00, 0x00, 0x0A, 
    0x02, 0x00, 0x50, 0xE3, 0x1E, 0x00, 0x00, 0x1A, 0x13, 0x00, 0x00, 0xEA, 0xBC, 0x18, 0x9F, 0xE5, 
    0xBC, 0x28, 0x9F, 0xE5, 0x00, 0x10, 0x82, 0xE5, 0xB8, 0x18, 0x9F, 0xE5, 0xB8, 0x28, 0x9F, 0xE5, 
    0x00, 0x10, 0x82, 0xE5, 0xB4, 0x18, 0x9F, 0xE5, 0xB4, 0x28, 0x9F, 0xE5, 0x00, 0x10, 0x82, 0xE5, 
    0x13, 0x00, 0x00, 0xEA, 0xAC, 0x18, 0x9F, 0xE5, 0x94, 0x28, 0x9F, 0xE5, 0x00, 0x10, 0x82, 0xE5, 
    0xA4, 0x18, 0x9F, 0xE5, 0x90, 0x28, 0x9F, 0xE5, 0x00, 0x10, 0x82, 0xE5, 0x9C, 0x18, 0x9F, 0xE5, 
    0x8C, 0x28, 0x9F, 0xE5, 0x00, 0x10, 0x82, 0xE5, 0x09, 0x00, 0x00, 0xEA, 0x90, 0x18, 0x9F, 0xE5, 
    0x6C, 0x28, 0x9F, 0xE5, 0x00, 0x10, 0x82, 0xE5, 0x88, 0x18, 0x9F, 0xE5, 0x68, 0x28, 0x9F, 0xE5, 
    0x00, 0x10, 0x82, 0xE5, 0x80, 0x18, 0x9F, 0xE5, 0x64, 0x28, 0x9F, 0xE5, 0x00, 0x10, 0x82, 0xE5, 
    0x00, 0x00, 0xA0, 0xE1, 0x0E, 0xF0, 0xA0, 0xE1, 0x40, 0x0F, 0xA0, 0xE3, 0x6C, 0x18, 0x9F, 0xE5, 
    0x00, 0x00, 0x81, 0xE5, 0x64, 0x08, 0x9F, 0xE5, 0x00, 0x00, 0x90, 0xE5, 0x80, 0x01, 0xA0, 0xE1, 
    0x5C, 0x18, 0x9F, 0xE5, 0x00, 0x10, 0x91, 0xE5, 0x04, 0x00, 0x81, 0xE5, 0x20, 0x08, 0x9F, 0xE5, 
    0x00, 0x00, 0x90, 0xE5, 0x14, 0x00, 0x90, 0xE5, 0x14, 0x18, 0x9F, 0xE5, 0x00, 0x10, 0x91, 0xE5, 
    0x10, 0x10, 0x91, 0xE5, 0x18, 0x10, 0x41, 0xE2, 0x30, 0x28, 0x9F, 0xE5, 0x00, 0x20, 0x92, 0xE5, 
    0x02, 0x10, 0x41, 0xE0, 0x01, 0x00, 0x50, 0xE1, 0x01, 0x00, 0x00, 0x9A, 0x00, 0x00, 0xA0, 0xE3, 
    0x0E, 0xF0, 0xA0, 0xE1, 0xE8, 0x07, 0x9F, 0xE5, 0x00, 0x00, 0x90, 0xE5, 0x14, 0x00, 0x90, 0xE5, 
    0xDC, 0x17, 0x9F, 0xE5, 0x00, 0x10, 0x91, 0xE5, 0x01, 0x00, 0x80, 0xE0, 0x04, 0x18, 0x9F, 0xE5, 
    0x00, 0x00, 0x81, 0xE5, 0xFC, 0x07, 0x9F, 0xE5, 0x00, 0x00, 0x90, 0xE5, 0x10, 0x00, 0x90, 0xE5, 
    0x80, 0x0E, 0x50, 0xE3, 0x01, 0x00, 0x00, 0x9A, 0x00, 0x00, 0xA0, 0xE3, 0xEF, 0xFF, 0xFF, 0xEA, 
    0xE0, 0x07, 0x9F, 0xE5, 0x00, 0x00, 0x90, 0xE5, 0x10, 0x00, 0x90, 0xE5, 0xA0, 0x01, 0xA0, 0xE1, 
    0xD4, 0x17, 0x9F, 0xE5, 0x00, 0x00, 0x81, 0xE5, 0xC8, 0x07, 0x9F, 0xE5, 0x00, 0x00, 0x90, 0xE5, 
    0x18, 0x00, 0x80, 0xE2, 0xC4, 0x17, 0x9F, 0xE5, 0x00, 0x00, 0x81, 0xE5, 0xB4, 0x07, 0x9F, 0xE5, 
    0x00, 0x00, 0x90, 0xE5, 0xB0, 0x17, 0x9F, 0xE5, 0x00, 0x10, 0x91, 0xE5, 0x01, 0x00, 0x80, 0xE0, 
    0x18, 0x00, 0x80, 0xE2, 0xA8, 0x17, 0x9F, 0xE5, 0x00, 0x00, 0x81, 0xE5, 0xA0, 0x07, 0x9F, 0xE5, 
    0x00, 0x00, 0x90, 0xE5, 0x58, 0x17, 0x9F, 0xE5, 0x00, 0x10, 0x91, 0xE5, 0x01, 0x00, 0x40, 0xE0, 
    0x78, 0x17, 0x9F, 0xE5, 0x00, 0x10, 0x91, 0xE5, 0x01, 0x00, 0x80, 0xE0, 0x40, 0x17, 0x9F, 0xE5, 
    0x00, 0x10, 0x91, 0xE5, 0x10, 0x10, 0x91, 0xE5, 0x01, 0x00, 0x50, 0xE1, 0x01, 0x00, 0x00, 0x9A, 
    0x00, 0x00, 0xA0, 0xE3, 0xCD, 0xFF, 0xFF, 0xEA, 0x24, 0x07, 0x9F, 0xE5, 0x00, 0x00, 0x90, 0xE5, 
    0x28, 0x00, 0x90, 0xE5, 0x18, 0x17, 0x9F, 0xE5, 0x00, 0x10, 0x91, 0xE5, 0x01, 0x00, 0x80, 0xE0, 
    0x50, 0x17, 0x9F, 0xE5, 0x00, 0x00, 0x81, 0xE5, 0x48, 0x07, 0x9F, 0xE5, 0x00, 0x00, 0x90, 0xE5, 
    0xFC, 0x16, 0x9F, 0xE5, 0x00, 0x10, 0x91, 0xE5, 0x01, 0x00, 0x40, 0xE0, 0x28, 0x17, 0x9F, 0xE5, 
    0x00, 0x10, 0x91, 0xE5, 0x01, 0x00, 0x80, 0xE0, 0xE4, 0x16, 0x9F, 0xE5, 0x00, 0x10, 0x91, 0xE5, 
    0x10, 0x10, 0x91, 0xE5, 0x01, 0x00, 0x50, 0xE1, 0x01, 0x00, 0x00, 0x0A, 0x00, 0x00, 0xA0, 0xE3, 
    0xB6, 0xFF, 0xFF, 0xEA, 0x01, 0x00, 0xA0, 0xE3, 0xB4, 0xFF, 0xFF, 0xEA, 0xC0, 0x06, 0x9F, 0xE5, 
    0x00, 0x00, 0x90, 0xE5, 0x04, 0x00, 0x90, 0xE5, 0xFC, 0x16, 0x9F, 0xE5, 0x01, 0x00, 0x50, 0xE1, 
    0x01, 0x00, 0x00, 0x0A, 0x00, 0x00, 0xA0, 0xE3, 0x0E, 0xF0, 0xA0, 0xE1, 0xA0, 0x06, 0x9F, 0xE5, 
    0x00, 0x00, 0x90, 0xE5, 0x0C, 0x00, 0x90, 0xE5, 0x00, 0x00, 0x50, 0xE3, 0x04, 0x00, 0x00, 0x0A, 
    0x8C, 0x06, 0x9F, 0xE5, 0x00, 0x00, 0x90, 0xE5, 0x0C, 0x00, 0x90, 0xE5, 0x01, 0x00, 0x70, 0xE3, 
    0x01, 0x00, 0x00, 0x1A, 0x00, 0x00, 0xA0, 0xE3, 0xF2, 0xFF, 0xFF, 0xEA, 0x70, 0x06, 0x9F, 0xE5, 
    0x00, 0x00, 0x90, 0xE5, 0x64, 0x16, 0x9F, 0xE5, 0x01, 0x00, 0x50, 0xE1, 0x04, 0x00, 0x00, 0x0A, 
    0x5C, 0x06, 0x9F, 0xE5, 0x00, 0x00, 0x90, 0xE5, 0x74, 0x16, 0x9F, 0xE5, 0x01, 0x00, 0x50, 0xE1, 
    0x06, 0x00, 0x00, 0x1A, 0x48, 0x06, 0x9F, 0xE5, 0x00, 0x00, 0x90, 0xE5, 0x10, 0x00, 0x90, 0xE5, 
    0x40, 0x0C, 0x50, 0xE3, 0x0F, 0x00, 0x00, 0x9A, 0x00, 0x00, 0xA0, 0xE3, 0xE1, 0xFF, 0xFF, 0xEA, 
    0x2C, 0x06, 0x9F, 0xE5, 0x00, 0x00, 0x90, 0xE5, 0x38, 0x16, 0x9F, 0xE5, 0x01, 0x00, 0x50, 0xE1, 
    0x06, 0x00, 0x00, 0x1A, 0x18, 0x06, 0x9F, 0xE5, 0x00, 0x00, 0x90, 0xE5, 0x10, 0x00, 0x90, 0xE5, 
    0x40, 0x05, 0x50, 0xE3, 0x03, 0x00, 0x00, 0x9A, 0x00, 0x00, 0xA0, 0xE3, 0xD5, 0xFF, 0xFF, 0xEA, 
    0x00, 0x00, 0xA0, 0xE3, 0xD3, 0xFF, 0xFF, 0xEA, 0x01, 0x00, 0xA0, 0xE3, 0xD1, 0xFF, 0xFF, 0xEA, 
    0xF8, 0x40, 0x2D, 0xE9, 0x00, 0x60, 0xA0, 0xE3, 0x00, 0x40, 0xE0, 0xE3, 0x00, 0x70, 0xA0, 0xE3, 
    0x00, 0x50, 0xA0, 0xE3, 0x24, 0x06, 0x9F, 0xE5, 0x60, 0x00, 0x90, 0xE5, 0x00, 0x08, 0xA0, 0xE1, 
    0x20, 0x6C, 0xA0, 0xE1, 0xFC, 0x05, 0x9F, 0xE5, 0x00, 0x00, 0x90, 0xE5, 0x04, 0x00, 0x90, 0xE5, 
    0x06, 0x00, 0x50, 0xE1, 0x01, 0x00, 0x00, 0x0A, 0x00, 0x00, 0xA0, 0xE3, 0xF8, 0x80, 0xBD, 0xE8, 
    0xFC, 0x05, 0x9F, 0xE5, 0x00, 0x00, 0x90, 0xE5, 0x01, 0x00, 0x70, 0xE3, 0x01, 0x00, 0x00, 0x1A, 
    0x00, 0x00, 0xA0, 0xE3, 0xF8, 0xFF, 0xFF, 0xEA, 0xE8, 0x05, 0x9F, 0xE5, 0xE8, 0x15, 0x9F, 0xE5, 
    0x00, 0x10, 0x91, 0xE5, 0x01, 0x01, 0x90, 0xE7, 0xB8, 0x15, 0x9F, 0xE5, 0x00, 0x10, 0x91, 0xE5, 
    0x08, 0x10, 0x91, 0xE5, 0x01, 0x00, 0x50, 0xE1, 0x01, 0x00, 0x00, 0x0A, 0x00, 0x00, 0xA0, 0xE3, 
    0xED, 0xFF, 0xFF, 0xEA, 0xC4, 0x05, 0x9F, 0xE5, 0xB4, 0x15, 0x9F, 0xE5, 0x00, 0x10, 0x91, 0xE5, 
    0x01, 0x01, 0x90, 0xE7, 0x8C, 0x15, 0x9F, 0xE5, 0x00, 0x10, 0x91, 0xE5, 0x0C, 0x10, 0x91, 0xE5, 
    0x01, 0x00, 0x50, 0xE1, 0x01, 0x00, 0x00, 0x0A, 0x00, 0x00, 0xA0, 0xE3, 0xE2, 0xFF, 0xFF, 0xEA, 
    0x7C, 0x05, 0x9F, 0xE5, 0x00, 0x00, 0x90, 0xE5, 0x94, 0x15, 0x9F, 0xE5, 0x00, 0x00, 0x81, 0xE5, 
    0x90, 0x05, 0x9F, 0xE5, 0x88, 0x15, 0x9F, 0xE5, 0x04, 0x00, 0x81, 0xE5, 0x4C, 0x05, 0x9F, 0xE5, 
    0x00, 0x00, 0x90, 0xE5, 0x78, 0x15, 0x9F, 0xE5, 0x08, 0x00, 0x81, 0xE5, 0x40, 0x05, 0x9F, 0xE5, 
    0x00, 0x00, 0x90, 0xE5, 0x08, 0x00, 0x90, 0xE5, 0x64, 0x15, 0x9F, 0xE5, 0x0C, 0x00, 0x81, 0xE5, 
    0x64, 0x05, 0x9F, 0xE5, 0x58, 0x15, 0x9F, 0xE5, 0x10, 0x00, 0x81, 0xE5, 0x5C, 0x05, 0x9F, 0xE5, 
    0x4C, 0x15, 0x9F, 0xE5, 0x14, 0x00, 0x81, 0xE5, 0x54, 0x05, 0x9F, 0xE5, 0x00, 0x00, 0x90, 0xE5, 
    0x0B, 0x0C, 0x00, 0xEB, 0x00, 0x40, 0xA0, 0xE1, 0x00, 0x00, 0x54, 0xE3, 0x01, 0x00, 0x00, 0x0A, 
    0x00, 0x00, 0xA0, 0xE3, 0xC4, 0xFF, 0xFF, 0xEA, 0xFC, 0x04, 0x9F, 0xE5, 0x00, 0x00, 0x90, 0xE5, 
    0x18, 0x70, 0x80, 0xE2, 0x2C, 0x05, 0x9F, 0xE5, 0x00, 0x00, 0x90, 0xE5, 0x02, 0x0C, 0x00, 0xEB, 
    0x07, 0x20, 0xA0, 0xE1, 0xDC, 0x04, 0x9F, 0xE5, 0x00, 0x10, 0x90, 0xE5, 0x14, 0x05, 0x9F, 0xE5, 
    0x00, 0x00, 0x90, 0xE5, 0xFE, 0x0B, 0x00, 0xEB, 0x0C, 0x05, 0x9F, 0xE5, 0x00, 0x10, 0x90, 0xE5, 
    0x00, 0x05, 0x9F, 0xE5, 0x00, 0x00, 0x90, 0xE5, 0xFB, 0x0B, 0x00, 0xEB, 0x00, 0x40, 0xA0, 0xE3, 
    0x00, 0x50, 0xA0, 0xE3, 0x14, 0x00, 0x55, 0xE3, 0x0B, 0x00, 0x00, 0xAA, 0x01, 0x00, 0x00, 0xEA, 
    0x01, 0x50, 0x85, 0xE2, 0xFA, 0xFF, 0xFF, 0xEA, 0xE0, 0x04, 0x9F, 0xE5, 0x05, 0x00, 0xD0, 0xE7, 
    0x13, 0x10, 0x65, 0xE2, 0xC4, 0x24, 0x9F, 0xE5, 0x01, 0x10, 0xD2, 0xE7, 0x01, 0x00, 0x50, 0xE1, 
    0x00, 0x00, 0x00, 0x1A, 0x01, 0x40, 0x84, 0xE2, 0xF4, 0xFF, 0xFF, 0xEA, 0x14, 0x00, 0x54, 0xE3, 
    0x01, 0x00, 0x00, 0x1A, 0x01, 0x00, 0xA0, 0xE3, 0x9F, 0xFF, 0xFF, 0xEA, 0x00, 0x00, 0xA0, 0xE3, 
    0x9D, 0xFF, 0xFF, 0xEA, 0x38, 0x40, 0x2D, 0xE9, 0x24, 0x04, 0x9F, 0xE5, 0x00, 0x00, 0x90, 0xE5, 
    0x20, 0x00, 0x90, 0xE5, 0x18, 0x14, 0x9F, 0xE5, 0x00, 0x10, 0x91, 0xE5, 0x01, 0x00, 0x80, 0xE0, 
    0x8C, 0x14, 0x9F, 0xE5, 0x00, 0x00, 0x81, 0xE5, 0x48, 0x04, 0x9F, 0xE5, 0x00, 0x00, 0x90, 0xE5, 
    0x5C, 0x14, 0x9F, 0xE5, 0x00, 0x00, 0x81, 0xE5, 0x30, 0x04, 0x9F, 0xE5, 0x00, 0x00, 0x90, 0xE5, 
    0x4C, 0x14, 0x9F, 0xE5, 0x04, 0x00, 0x81, 0xE5, 0x1C, 0x04, 0x9F, 0xE5, 0x00, 0x00, 0x90, 0xE5, 
    0x3C, 0x14, 0x9F, 0xE5, 0x08, 0x00, 0x81, 0xE5, 0x08, 0x04, 0x9F, 0xE5, 0x00, 0x00, 0x90, 0xE5, 
    0x14, 0x00, 0x90, 0xE5, 0x28, 0x14, 0x9F, 0xE5, 0x0C, 0x00, 0x81, 0xE5, 0x40, 0x04, 0x9F, 0xE5, 
    0x00, 0x00, 0x90, 0xE5, 0x18, 0x14, 0x9F, 0xE5, 0x10, 0x00, 0x81, 0xE5, 0x1C, 0x04, 0x9F, 0xE5, 
    0x0C, 0x14, 0x9F, 0xE5, 0x14, 0x00, 0x81, 0xE5, 0x14, 0x04, 0x9F, 0xE5, 0x00, 0x00, 0x90, 0xE5, 
    0xBB, 0x0B, 0x00, 0xEB, 0x00, 0x40, 0xA0, 0xE1, 0x00, 0x00, 0x54, 0xE3, 0x01, 0x00, 0x00, 0x0A, 
    0x00, 0x00, 0xA0, 0xE3, 0x38, 0x80, 0xBD, 0xE8, 0xF8, 0x03, 0x9F, 0xE5, 0x00, 0x00, 0x90, 0xE5, 
    0xB5, 0x0B, 0x00, 0xEB, 0x78, 0x03, 0x9F, 0xE5, 0x00, 0x00, 0x90, 0xE5, 0x10, 0x00, 0x90, 0xE5, 
    0xA4, 0x13, 0x9F, 0xE5, 0x00, 0x10, 0x91, 0xE5, 0x01, 0x20, 0x40, 0xE0, 0x60, 0x03, 0x9F, 0xE5, 
    0x00, 0x10, 0x90, 0xE5, 0xCC, 0x03, 0x9F, 0xE5, 0x00, 0x00, 0x90, 0xE5, 0xAC, 0x0B, 0x00, 0xEB, 
    0xC4, 0x03, 0x9F, 0xE5, 0x00, 0x10, 0x90, 0xE5, 0xB8, 0x03, 0x9F, 0xE5, 0x00, 0x00, 0x90, 0xE5, 
    0xA9, 0x0B, 0x00, 0xEB, 0x00, 0x40, 0xA0, 0xE3, 0x00, 0x50, 0xA0, 0xE3, 0x14, 0x00, 0x55, 0xE3, 
    0x0B, 0x00, 0x00, 0xAA, 0x01, 0x00, 0x00, 0xEA, 0x01, 0x50, 0x85, 0xE2, 0xFA, 0xFF, 0xFF, 0xEA, 
    0x98, 0x03, 0x9F, 0xE5, 0x05, 0x00, 0xD0, 0xE7, 0x13, 0x10, 0x65, 0xE2, 0x7C, 0x23, 0x9F, 0xE5, 
    0x01, 0x10, 0xD2, 0xE7, 0x01, 0x00, 0x50, 0xE1, 0x00, 0x00, 0x00, 0x1A, 0x01, 0x40, 0x84, 0xE2, 
    0xF4, 0xFF, 0xFF, 0xEA, 0x14, 0x00, 0x54, 0xE3, 0x01, 0x00, 0x00, 0x1A, 0x01, 0x00, 0xA0, 0xE3, 
    0xD7, 0xFF, 0xFF, 0xEA, 0x00, 0x00, 0xA0, 0xE3, 0xD5, 0xFF, 0xFF, 0xEA, 0x30, 0x40, 0x2D, 0xE9, 
    0x00, 0xC0, 0xA0, 0xE1, 0x00, 0x10, 0xA0, 0xE3, 0x01, 0x00, 0x5C, 0xE3, 0x17, 0x00, 0x00, 0x1A, 
    0xD4, 0x02, 0x9F, 0xE5, 0x00, 0x00, 0x90, 0xE5, 0x00, 0x00, 0x90, 0xE5, 0x20, 0x08, 0xA0, 0xE1, 
    0xCC, 0x52, 0x9F, 0xE5, 0x00, 0x50, 0x95, 0xE5, 0x00, 0x01, 0x85, 0xE0, 0x34, 0x53, 0x9F, 0xE5, 
    0x00, 0x00, 0x85, 0xE5, 0x2C, 0x03, 0x9F, 0xE5, 0x00, 0x00, 0x90, 0xE5, 0xA0, 0x52, 0x9F, 0xE5, 
    0x00, 0x50, 0x95, 0xE5, 0x05, 0x00, 0x40, 0xE0, 0x94, 0x52, 0x9F, 0xE5, 0x00, 0x50, 0x95, 0xE5, 
    0x10, 0x50, 0x95, 0xE5, 0x05, 0x00, 0x50, 0xE1, 0x01, 0x00, 0x00, 0x9A, 0x00, 0x00, 0xA0, 0xE3, 
    0x30, 0x80, 0xBD, 0xE8, 0xFC, 0x02, 0x9F, 0xE5, 0x00, 0x10, 0x90, 0xE5, 0x10, 0x00, 0x00, 0xEA, 
    0xF0, 0x02, 0x9F, 0xE5, 0x00, 0x00, 0x90, 0xE5, 0x00, 0x00, 0x50, 0xE3, 0x01, 0x00, 0x00, 0x1A, 
    0x00, 0x00, 0xA0, 0xE3, 0xF5, 0xFF, 0xFF, 0xEA, 0xD8, 0x02, 0x9F, 0xE5, 0x00, 0x00, 0x90, 0xE5, 
    0x00, 0x00, 0x90, 0xE5, 0xCC, 0x52, 0x9F, 0xE5, 0x00, 0x50, 0x95, 0xE5, 0x80, 0x01, 0x85, 0xE0, 
    0x04, 0x00, 0x80, 0xE2, 0xC0, 0x52, 0x9F, 0xE5, 0x00, 0x00, 0x85, 0xE5, 0xB8, 0x02, 0x9F, 0xE5, 
    0x00, 0x10, 0x90, 0xE5, 0x04, 0x40, 0x91, 0xE4, 0x00, 0x30, 0xA0, 0xE3, 0x04, 0x00, 0x53, 0xE1, 
    0x1A, 0x00, 0x00, 0x2A, 0x01, 0x00, 0x00, 0xEA, 0x01, 0x30, 0x83, 0xE2, 0xFA, 0xFF, 0xFF, 0xEA, 
    0x04, 0x20, 0x91, 0xE4, 0x00, 0x00, 0x5C, 0xE3, 0x0F, 0x00, 0x00, 0x0A, 0x8C, 0x02, 0x9F, 0xE5, 
    0x00, 0x00, 0x52, 0xE1, 0x04, 0x00, 0x00, 0x3A, 0x80, 0x02, 0x9F, 0xE5, 0xFF, 0x54, 0xE0, 0xE3, 
    0x05, 0x00, 0x80, 0xE0, 0x00, 0x00, 0x52, 0xE1, 0x07, 0x00, 0x00, 0x9A, 0x70, 0x02, 0x9F, 0xE5, 
    0x00, 0x00, 0x52, 0xE1, 0x07, 0x00, 0x00, 0x3A, 0x64, 0x02, 0x9F, 0xE5, 0x64, 0x52, 0x9F, 0xE5, 
    0x05, 0x00, 0x80, 0xE0, 0x00, 0x00, 0x52, 0xE1, 0x02, 0x00, 0x00, 0x8A, 0x04, 0xE0, 0x91, 0xE4, 
    0x00, 0xE0, 0x82, 0xE5, 0x00, 0x00, 0x00, 0xEA, 0x04, 0x10, 0x81, 0xE2, 0xE5, 0xFF, 0xFF, 0xEA, 
    0x01, 0x00, 0xA0, 0xE3, 0xC9, 0xFF, 0xFF, 0xEA, 0x00, 0x10, 0xA0, 0xE1, 0xA0, 0x21, 0x9F, 0xE5, 
    0x00, 0x00, 0x92, 0xE5, 0x01, 0x00, 0x51, 0xE3, 0x04, 0x00, 0x00, 0x1A, 0x90, 0x21, 0x9F, 0xE5, 
    0x00, 0x20, 0x92, 0xE5, 0x18, 0x20, 0x92, 0xE5, 0x00, 0x00, 0x82, 0xE0, 0x03, 0x00, 0x00, 0xEA, 
    0x7C, 0x21, 0x9F, 0xE5, 0x00, 0x20, 0x92, 0xE5, 0x1C, 0x20, 0x92, 0xE5, 0x00, 0x00, 0x82, 0xE0, 
    0x0E, 0xF0, 0xA0, 0xE1, 0xF0, 0x41, 0x2D, 0xE9, 0x18, 0xD0, 0x4D, 0xE2, 0x00, 0x70, 0xA0, 0xE1, 
    0x0C, 0x00, 0x8D, 0xE2, 0x00, 0x10, 0xA0, 0xE3, 0x00, 0x20, 0xA0, 0xE3, 0x00, 0x30, 0xA0, 0xE3, 
    0x0E, 0x00, 0x80, 0xE8, 0x0D, 0x00, 0xA0, 0xE1, 0x00, 0x10, 0xA0, 0xE3, 0x00, 0x20, 0xA0, 0xE3, 
    0x00, 0x30, 0xA0, 0xE3, 0x0E, 0x00, 0x80, 0xE8, 0x00, 0x40, 0xA0, 0xE3, 0x00, 0x60, 0xA0, 0xE3, 
    0x00, 0x80, 0xE0, 0xE3, 0x07, 0x50, 0xA0, 0xE1, 0x07, 0x50, 0xB0, 0xE1, 0x02, 0x00, 0x00, 0x1A, 
    0x08, 0x00, 0xA0, 0xE1, 0x18, 0xD0, 0x8D, 0xE2, 0xF0, 0x81, 0xBD, 0xE8, 0x00, 0x40, 0xA0, 0xE3, 
    0x03, 0x00, 0x54, 0xE3, 0x0F, 0x00, 0x00, 0xAA, 0x01, 0x00, 0x00, 0xEA, 0x01, 0x40, 0x84, 0xE2, 
    0xFA, 0xFF, 0xFF, 0xEA, 0x00, 0x10, 0xA0, 0xE3, 0x00, 0x00, 0x95, 0xE5, 0xFA, 0x08, 0x00, 0xEB, 
    0x0C, 0x10, 0x8D, 0xE2, 0x04, 0x01, 0x81, 0xE7, 0x0C, 0x00, 0x8D, 0xE2, 0x04, 0x01, 0x90, 0xE7, 
    0x00, 0x00, 0x50, 0xE3, 0x01, 0x00, 0x00, 0x1A, 0x00, 0x00, 0xE0, 0xE3, 0xEC, 0xFF, 0xFF, 0xEA, 
    0x04, 0x50, 0x85, 0xE2, 0xF0, 0xFF, 0xFF, 0xEA, 0x00, 0x40, 0xA0, 0xE3, 0x03, 0x00, 0x54, 0xE3, 
    0x12, 0x00, 0x00, 0xAA, 0x01, 0x00, 0x00, 0xEA, 0x01, 0x40, 0x84, 0xE2, 0xFA, 0xFF, 0xFF, 0xEA, 
    0x02, 0x60, 0xA0, 0xE3, 0x01, 0x00, 0x76, 0xE3, 0x0B, 0x00, 0x00, 0xDA, 0x01, 0x00, 0x00, 0xEA, 
    0x01, 0x60, 0x46, 0xE2, 0xFA, 0xFF, 0xFF, 0xEA, 0x06, 0x01, 0x97, 0xE7, 0xE7, 0x08, 0x00, 0xEB, 
    0x00, 0x00, 0x50, 0xE3, 0x03, 0x00, 0x00, 0x0A, 0x04, 0x01, 0x9D, 0xE7, 0x01, 0x10, 0xA0, 0xE3, 
    0x11, 0x06, 0x80, 0xE1, 0x04, 0x01, 0x8D, 0xE7, 0xF4, 0xFF, 0xFF, 0xEA, 0xED, 0xFF, 0xFF, 0xEA, 
    0x03, 0x00, 0x9D, 0xE8, 0x01, 0x00, 0x50, 0xE1, 0x03, 0x00, 0x00, 0x0A, 0x00, 0x00, 0x9D, 0xE5, 
    0x08, 0x10, 0x9D, 0xE5, 0x01, 0x00, 0x50, 0xE1, 0x01, 0x00, 0x00, 0x1A, 0x00, 0x80, 0x9D, 0xE5, 
    0x03, 0x00, 0x00, 0xEA, 0x03, 0x00, 0x9D, 0xE9, 0x01, 0x00, 0x50, 0xE1, 0x00, 0x00, 0x00, 0x1A, 
    0x04, 0x80, 0x9D, 0xE5, 0x07, 0x50, 0xA0, 0xE1, 0x00, 0x40, 0xA0, 0xE3, 0x03, 0x00, 0x54, 0xE3, 
    0x08, 0x00, 0x00, 0xAA, 0x01, 0x00, 0x00, 0xEA, 0x01, 0x40, 0x84, 0xE2, 0xFA, 0xFF, 0xFF, 0xEA, 
    0x0C, 0x00, 0x8D, 0xE2, 0x04, 0x01, 0x90, 0xE7, 0x00, 0x10, 0x95, 0xE5, 0x00, 0x00, 0x81, 0xE5, 
    0x04, 0x50, 0x85, 0xE2, 0xF7, 0xFF, 0xFF, 0xEA, 0x08, 0x00, 0xA0, 0xE1, 0xB8, 0xFF, 0xFF, 0xEA, 
    0x00, 0x30, 0x03, 0x00, 0x00, 0x01, 0x02, 0x00, 0x54, 0x30, 0x03, 0x00, 0x08, 0x01, 0x02, 0x00, 
    0x58, 0x30, 0x03, 0x00, 0x04, 0x01, 0x02, 0x00, 0x00, 0x00, 0x00, 0xA0, 0x54, 0x00, 0x00, 0xA0, 
    0x58, 0x00, 0x00, 0xA0, 0x00, 0x20, 0x02, 0x00, 0x54, 0x20, 0x02, 0x00, 0x58, 0x20, 0x02, 0x00, 
    0xF0, 0x00, 0x02, 0x00, 0x80, 0x51, 0x40, 0x00, 0xE0, 0x00, 0x02, 0x00, 0xF4, 0x00, 0x02, 0x00, 
    0xE4, 0x00, 0x02, 0x00, 0xE8, 0x00, 0x02, 0x00, 0x0C, 0x01, 0x02, 0x00, 0x6C, 0x69, 0x48, 0x55, 
    0x00, 0x00, 0x40, 0xF4, 0x08, 0x60, 0x02, 0x00, 0x84, 0x51, 0x40, 0x00, 0x04, 0x60, 0x02, 0x00, 
    0x94, 0x51, 0x40, 0x00, 0xA8, 0x20, 0x00, 0x30, 0x80, 0x4F, 0x40, 0x00, 0x80, 0x50, 0x40, 0x00, 
    0xC0, 0x20, 0x00, 0x30, 0x48, 0x20, 0x00, 0x30, 0x40, 0x20, 0x00, 0x30, 0x44, 0x20, 0x00, 0x30, 
    0xC0, 0x21, 0x00, 0x30, 0xEC, 0x00, 0x02, 0x00, 0xF8, 0x00, 0x02, 0x00, 0xFC, 0x00, 0x02, 0x00, 
    0x00, 0x00, 0x00, 0xF0, 0x00, 0x00, 0x20, 0xF7, 0xFF, 0xFF, 0x0F, 0x00, 0x00, 0x30, 0xA0, 0xE1, 
    0x01, 0x00, 0x53, 0xE3, 0x0B, 0x00, 0x00, 0x1A, 0x30, 0x02, 0x9F, 0xE5, 0x00, 0x20, 0x90, 0xE5, 
    0x2C, 0x12, 0x9F, 0xE5, 0x40, 0x0F, 0xA0, 0xE3, 0x00, 0x00, 0x81, 0xE5, 0x4C, 0x10, 0x81, 0xE2, 
    0x01, 0x00, 0xA0, 0xE3, 0x00, 0x00, 0x81, 0xE5, 0x00, 0x11, 0x81, 0xE0, 0x10, 0x00, 0xA0, 0xE3, 
    0x00, 0x00, 0x81, 0xE5, 0x0A, 0x00, 0x00, 0xEA, 0x08, 0x02, 0x9F, 0xE5, 0x00, 0x20, 0x90, 0xE5, 
    0xFC, 0x11, 0x9F, 0xE5, 0x40, 0x0F, 0xA0, 0xE3, 0x00, 0x00, 0x81, 0xE5, 0x60, 0x10, 0x81, 0xE2, 
    0x01, 0x00, 0xA0, 0xE3, 0x00, 0x00, 0x81, 0xE5, 0x00, 0x11, 0x81, 0xE1, 0x10, 0x00, 0xA0, 0xE3, 
    0x00, 0x00, 0x81, 0xE5, 0x42, 0x0F, 0xA0, 0xE3, 0x00, 0x00, 0x82, 0xE5, 0x18, 0x00, 0x92, 0xE5, 
    0xA0, 0x04, 0xA0, 0xE1, 0x80, 0x04, 0xA0, 0xE1, 0x76, 0x0F, 0x80, 0xE3, 0x18, 0x00, 0x82, 0xE5, 
    0x14, 0x00, 0x92, 0xE5, 0xA0, 0x06, 0xA0, 0xE1, 0x80, 0x06, 0xA0, 0xE1, 0x0C, 0x00, 0x80, 0xE3, 
    0x14, 0x00, 0x82, 0xE5, 0xB0, 0x01, 0x9F, 0xE5, 0x10, 0x00, 0x82, 0xE5, 0x50, 0x00, 0x92, 0xE5, 
    0x20, 0x00, 0x80, 0xE3, 0x50, 0x00, 0x82, 0xE5, 0x01, 0x00, 0xA0, 0xE3, 0x0E, 0xF0, 0xA0, 0xE1, 
    0x00, 0x20, 0xA0, 0xE1, 0x01, 0x00, 0x52, 0xE3, 0x02, 0x00, 0x00, 0x1A, 0x7C, 0x01, 0x9F, 0xE5, 
    0x00, 0x10, 0x90, 0xE5, 0x01, 0x00, 0x00, 0xEA, 0x78, 0x01, 0x9F, 0xE5, 0x00, 0x10, 0x90, 0xE5, 
    0x68, 0x00, 0x91, 0xE5, 0x80, 0x0E, 0xB0, 0xE1, 0x13, 0x00, 0x00, 0x5A, 0x70, 0x00, 0x91, 0xE5, 
    0x04, 0x00, 0x80, 0xE3, 0x70, 0x00, 0x81, 0xE5, 0x60, 0x01, 0x9F, 0xE5, 0x01, 0x00, 0xD0, 0xE5, 
    0x58, 0x31, 0x9F, 0xE5, 0x00, 0x00, 0xC3, 0xE5, 0x50, 0x31, 0x9F, 0xE5, 0x24, 0x00, 0x91, 0xE5, 
    0x01, 0x00, 0xC3, 0xE5, 0x44, 0x01, 0x9F, 0xE5, 0x00, 0x00, 0xD0, 0xE5, 0x41, 0x00, 0x50, 0xE3, 
    0x05, 0x00, 0x00, 0x1A, 0x34, 0x01, 0x9F, 0xE5, 0x01, 0x00, 0xD0, 0xE5, 0x54, 0x00, 0x50, 0xE3, 
    0x01, 0x00, 0x00, 0x1A, 0x01, 0x00, 0xA0, 0xE3, 0x0E, 0xF0, 0xA0, 0xE1, 0x00, 0x00, 0xA0, 0xE3, 
    0xFC, 0xFF, 0xFF, 0xEA, 0x00, 0x20, 0xA0, 0xE1, 0x01, 0x00, 0x52, 0xE3, 0x02, 0x00, 0x00, 0x1A, 
    0xF8, 0x30, 0x9F, 0xE5, 0x00, 0x10, 0x93, 0xE5, 0x01, 0x00, 0x00, 0xEA, 0xF4, 0x30, 0x9F, 0xE5, 
    0x00, 0x10, 0x93, 0xE5, 0x00, 0x00, 0xA0, 0xE1, 0x68, 0x30, 0x91, 0xE5, 0x83, 0x3E, 0xB0, 0xE1, 
    0xFC, 0xFF, 0xFF, 0x5A, 0x70, 0x30, 0x91, 0xE5, 0x04, 0x30, 0x83, 0xE3, 0x70, 0x30, 0x81, 0xE5, 
    0x24, 0x30, 0x91, 0xE5, 0xFF, 0x00, 0x03, 0xE2, 0x0E, 0xF0, 0xA0, 0xE1, 0x38, 0x40, 0x2D, 0xE9, 
    0x00, 0x50, 0xA0, 0xE1, 0x00, 0x00, 0xA0, 0xE3, 0x00, 0x00, 0x8D, 0xE5, 0x00, 0x40, 0xA0, 0xE3, 
    0x0A, 0x00, 0x54, 0xE3, 0x11, 0x00, 0x00, 0x2A, 0x02, 0x00, 0x00, 0xEA, 0x01, 0x00, 0x84, 0xE2, 
    0xFF, 0x40, 0x00, 0xE2, 0xF9, 0xFF, 0xFF, 0xEA, 0x01, 0x00, 0xDD, 0xE5, 0x00, 0x00, 0xCD, 0xE5, 
    0x05, 0x00, 0xA0, 0xE1, 0xDE, 0xFF, 0xFF, 0xEB, 0x01, 0x00, 0xCD, 0xE5, 0x00, 0x00, 0xDD, 0xE5, 
    0x41, 0x00, 0x50, 0xE3, 0x04, 0x00, 0x00, 0x1A, 0x01, 0x00, 0xDD, 0xE5, 0x54, 0x00, 0x50, 0xE3, 
    0x01, 0x00, 0x00, 0x1A, 0x00, 0x00, 0xA0, 0xE3, 0x38, 0x80, 0xBD, 0xE8, 0xEE, 0xFF, 0xFF, 0xEA, 
    0x01, 0x00, 0xA0, 0xE3, 0xFB, 0xFF, 0xFF, 0xEA, 0x00, 0x20, 0xA0, 0xE1, 0x01, 0x00, 0x52, 0xE3, 
    0x02, 0x00, 0x00, 0x1A, 0x44, 0x00, 0x9F, 0xE5, 0x00, 0x30, 0x90, 0xE5, 0x01, 0x00, 0x00, 0xEA, 
    0x40, 0x00, 0x9F, 0xE5, 0x00, 0x30, 0x90, 0xE5, 0x20, 0x00, 0x93, 0xE5, 0xA0, 0x04, 0xA0, 0xE1, 
    0x80, 0x04, 0xA0, 0xE1, 0x01, 0x00, 0x80, 0xE1, 0x20, 0x00, 0x83, 0xE5, 0x00, 0x00, 0xA0, 0xE1, 
    0x68, 0x00, 0x93, 0xE5, 0x00, 0x0F, 0xB0, 0xE1, 0xFC, 0xFF, 0xFF, 0x5A, 0x70, 0x00, 0x93, 0xE5, 
    0x02, 0x00, 0x80, 0xE3, 0x70, 0x00, 0x83, 0xE5, 0x01, 0x00, 0xA0, 0xE3, 0x0E, 0xF0, 0xA0, 0xE1, 
    0x0C, 0x00, 0x02, 0x00, 0x00, 0x00, 0x30, 0xF4, 0x10, 0x00, 0x02, 0x00, 0x11, 0x88, 0x00, 0x00, 
    0x10, 0x01, 0x02, 0x00, 0x38, 0x40, 0x2D, 0xE9, 0x00, 0x40, 0xA0, 0xE3, 0x00, 0x50, 0xA0, 0xE3, 
    0xE1, 0x05, 0x00, 0xEB, 0x40, 0x0F, 0xA0, 0xE3, 0x4C, 0x13, 0x9F, 0xE5, 0x00, 0x10, 0x91, 0xE5, 
    0x00, 0x08, 0x81, 0xE5, 0x00, 0x00, 0xA0, 0xE3, 0x3C, 0x13, 0x9F, 0xE5, 0x00, 0x10, 0x91, 0xE5, 
    0x18, 0x00, 0x81, 0xE5, 0x02, 0x00, 0xA0, 0xE3, 0x2C, 0x13, 0x9F, 0xE5, 0x00, 0x10, 0x91, 0xE5, 
    0x04, 0x08, 0x81, 0xE5, 0x5A, 0x00, 0xA0, 0xE3, 0x70, 0xFC, 0xFF, 0xEB, 0x00, 0x00, 0xA0, 0xE1, 
    0xA3, 0xFC, 0xFF, 0xEB, 0x00, 0x00, 0x50, 0xE3, 0xFC, 0xFF, 0xFF, 0x0A, 0x01, 0x00, 0xA0, 0xE3, 
    0x04, 0x13, 0x9F, 0xE5, 0x00, 0x10, 0x91, 0xE5, 0x18, 0x00, 0x81, 0xE5, 0x03, 0x00, 0xA0, 0xE3, 
    0xF4, 0x12, 0x9F, 0xE5, 0x00, 0x10, 0x91, 0xE5, 0x04, 0x08, 0x81, 0xE5, 0x81, 0xFC, 0xFF, 0xEB, 
    0x96, 0x0F, 0xA0, 0xE3, 0x61, 0xFC, 0xFF, 0xEB, 0x00, 0x00, 0xA0, 0xE1, 0x94, 0xFC, 0xFF, 0xEB, 
    0x00, 0x00, 0x50, 0xE3, 0x0C, 0x00, 0x00, 0x1A, 0xCC, 0x02, 0x9F, 0xE5, 0x00, 0x00, 0x90, 0xE5, 
    0xFC, 0x02, 0x90, 0xE5, 0x04, 0x00, 0x10, 0xE3, 0x04, 0x00, 0x00, 0x1A, 0xB8, 0x02, 0x9F, 0xE5, 
    0x00, 0x00, 0x90, 0xE5, 0xFC, 0x02, 0x90, 0xE5, 0x08, 0x00, 0x10, 0xE3, 0x00, 0x00, 0x00, 0x0A, 
    0xF1, 0xFF, 0xFF, 0xEA, 0x01, 0x40, 0xA0, 0xE3, 0x00, 0x00, 0xA0, 0xE1, 0x6D, 0xFC, 0xFF, 0xEB, 
    0x01, 0x00, 0x54, 0xE3, 0x13, 0x00, 0x00, 0x1A, 0x08, 0x00, 0xA0, 0xE3, 0x4B, 0xFC, 0xFF, 0xEB, 
    0x00, 0x00, 0xA0, 0xE1, 0x7E, 0xFC, 0xFF, 0xEB, 0x00, 0x00, 0x50, 0xE3, 0x0C, 0x00, 0x00, 0x1A, 
    0x74, 0x02, 0x9F, 0xE5, 0x00, 0x00, 0x90, 0xE5, 0xFC, 0x02, 0x90, 0xE5, 0xFB, 0x00, 0x10, 0xE3, 
    0x05, 0x00, 0x00, 0x1A, 0x60, 0x02, 0x9F, 0xE5, 0x00, 0x00, 0x90, 0xE5, 0xFC, 0x02, 0x90, 0xE5, 
    0xF7, 0x00, 0x10, 0xE3, 0x00, 0x00, 0x00, 0x1A, 0xF1, 0xFF, 0xFF, 0xEA, 0x01, 0x50, 0xA0, 0xE3, 
    0x00, 0x00, 0xA0, 0xE1, 0x57, 0xFC, 0xFF, 0xEB, 0x01, 0x00, 0x54, 0xE3, 0x04, 0x00, 0x00, 0x1A, 
    0x00, 0x00, 0x55, 0xE3, 0x02, 0x00, 0x00, 0x1A, 0x76, 0x03, 0x00, 0xEB, 0x01, 0x00, 0xA0, 0xE3, 
    0x38, 0x80, 0xBD, 0xE8, 0x01, 0x00, 0x55, 0xE3, 0x01, 0x00, 0x00, 0x1A, 0x02, 0x00, 0xA0, 0xE3, 
    0xFA, 0xFF, 0xFF, 0xEA, 0x00, 0x00, 0xE0, 0xE3, 0xF8, 0xFF, 0xFF, 0xEA, 0x10, 0x40, 0x2D, 0xE9, 
    0x08, 0x02, 0x9F, 0xE5, 0xB0, 0x00, 0xD0, 0xE1, 0x00, 0x00, 0x50, 0xE3, 0x03, 0x00, 0x00, 0x1A, 
    0x69, 0x04, 0x00, 0xEB, 0x00, 0x00, 0xA0, 0xE3, 0xF4, 0x11, 0x9F, 0xE5, 0x00, 0x00, 0xC1, 0xE5, 
    0xF0, 0x01, 0x9F, 0xE5, 0x00, 0x00, 0x90, 0xE5, 0xB2, 0x00, 0xD0, 0xE1, 0x00, 0x00, 0x50, 0xE3, 
    0x19, 0x00, 0x00, 0x0A, 0xD4, 0x01, 0x9F, 0xE5, 0xB0, 0x00, 0xD0, 0xE1, 0x01, 0x10, 0x80, 0xE2, 
    0xC8, 0x01, 0x9F, 0xE5, 0xB0, 0x20, 0xD0, 0xE1, 0xB0, 0x10, 0xC0, 0xE1, 0xC4, 0x01, 0x9F, 0xE5, 
    0x00, 0x00, 0x90, 0xE5, 0x00, 0x00, 0x82, 0xE0, 0x04, 0x40, 0xD0, 0xE5, 0xB4, 0x01, 0x9F, 0xE5, 
    0x00, 0x00, 0x90, 0xE5, 0xB2, 0x00, 0xD0, 0xE1, 0xA0, 0x11, 0x9F, 0xE5, 0xB0, 0x10, 0xD1, 0xE1, 
    0x01, 0x00, 0x50, 0xE1, 0x06, 0x00, 0x00, 0x1A, 0x00, 0x00, 0xA0, 0xE3, 0x8C, 0x11, 0x9F, 0xE5, 
    0xB0, 0x00, 0xC1, 0xE1, 0x00, 0x00, 0xA0, 0xE3, 0x88, 0x11, 0x9F, 0xE5, 0x00, 0x10, 0x91, 0xE5, 
    0xB2, 0x00, 0xC1, 0xE1, 0x04, 0x00, 0xA0, 0xE1, 0x10, 0x80, 0xBD, 0xE8, 0x00, 0x00, 0xA0, 0xE3, 
    0xFC, 0xFF, 0xFF, 0xEA, 0x10, 0x40, 0x2D, 0xE9, 0xD3, 0xFF, 0xFF, 0xEB, 0x00, 0x40, 0xA0, 0xE1, 
    0x41, 0x00, 0x54, 0xE3, 0x05, 0x00, 0x00, 0x1A, 0xCF, 0xFF, 0xFF, 0xEB, 0x00, 0x40, 0xA0, 0xE1, 
    0x54, 0x00, 0x54, 0xE3, 0x01, 0x00, 0x00, 0x1A, 0x01, 0x00, 0xA0, 0xE3, 0x10, 0x80, 0xBD, 0xE8, 
    0x00, 0x00, 0xA0, 0xE3, 0xFC, 0xFF, 0xFF, 0xEA, 0x10, 0x40, 0x2D, 0xE9, 0x2C, 0x01, 0x9F, 0xE5, 
    0xB0, 0x00, 0xD0, 0xE1, 0x00, 0x00, 0x50, 0xE3, 0x09, 0x00, 0x00, 0x1A, 0x00, 0x00, 0xA0, 0xE1, 
    0x1C, 0x01, 0x9F, 0xE5, 0x00, 0x00, 0xD0, 0xE5, 0x00, 0x00, 0x50, 0xE3, 0x01, 0x00, 0x00, 0x1A, 
    0x2D, 0x04, 0x00, 0xEB, 0xF9, 0xFF, 0xFF, 0xEA, 0x00, 0x00, 0xA0, 0xE3, 0x00, 0x11, 0x9F, 0xE5, 
    0x00, 0x00, 0xC1, 0xE5, 0xF4, 0x00, 0x9F, 0xE5, 0xB0, 0x00, 0xD0, 0xE1, 0x01, 0x10, 0x80, 0xE2, 
    0xE8, 0x00, 0x9F, 0xE5, 0xB0, 0x20, 0xD0, 0xE1, 0xB0, 0x10, 0xC0, 0xE1, 0xE4, 0x00, 0x9F, 0xE5, 
    0x00, 0x00, 0x90, 0xE5, 0x00, 0x00, 0x82, 0xE0, 0x04, 0x40, 0xD0, 0xE5, 0xD4, 0x00, 0x9F, 0xE5, 
    0x00, 0x00, 0x90, 0xE5, 0xB2, 0x00, 0xD0, 0xE1, 0xC0, 0x10, 0x9F, 0xE5, 0xB0, 0x10, 0xD1, 0xE1, 
    0x01, 0x00, 0x50, 0xE1, 0x06, 0x00, 0x00, 0x1A, 0x00, 0x00, 0xA0, 0xE3, 0xAC, 0x10, 0x9F, 0xE5, 
    0xB0, 0x00, 0xC1, 0xE1, 0x00, 0x00, 0xA0, 0xE3, 0xA8, 0x10, 0x9F, 0xE5, 0x00, 0x10, 0x91, 0xE5, 
    0xB2, 0x00, 0xC1, 0xE1, 0x04, 0x00, 0xA0, 0xE1, 0x10, 0x80, 0xBD, 0xE8, 0x38, 0x40, 0x2D, 0xE9, 
    0x00, 0x40, 0xA0, 0xE3, 0x05, 0x00, 0x54, 0xE3, 0x0E, 0x00, 0x00, 0xAA, 0x01, 0x00, 0x00, 0xEA, 
    0x01, 0x40, 0x84, 0xE2, 0xFA, 0xFF, 0xFF, 0xEA, 0xCE, 0xFF, 0xFF, 0xEB, 0x00, 0x50, 0xA0, 0xE1, 
    0x41, 0x00, 0x55, 0xE3, 0x06, 0x00, 0x00, 0x1A, 0xCA, 0xFF, 0xFF, 0xEB, 0x00, 0x50, 0xA0, 0xE1, 
    0x01, 0x40, 0x84, 0xE2, 0x54, 0x00, 0x55, 0xE3, 0x01, 0x00, 0x00, 0x1A, 0x01, 0x00, 0xA0, 0xE3, 
    0x38, 0x80, 0xBD, 0xE8, 0xF1, 0xFF, 0xFF, 0xEA, 0x00, 0x00, 0xA0, 0xE3, 0xFB, 0xFF, 0xFF, 0xEA, 
    0x11, 0x40, 0x2D, 0xE9, 0x04, 0xD0, 0x4D, 0xE2, 0x01, 0x00, 0xA0, 0xE3, 0x00, 0x00, 0xCD, 0xE5, 
    0x0D, 0x20, 0xA0, 0xE1, 0x01, 0x10, 0xA0, 0xE3, 0x04, 0x00, 0x8D, 0xE2, 0x51, 0x01, 0x00, 0xEB, 
    0x00, 0x40, 0xA0, 0xE1, 0x01, 0x00, 0x54, 0xE3, 0x01, 0x00, 0x00, 0x1A, 0x00, 0x00, 0xA0, 0xE3, 
    0x1C, 0x80, 0xBD, 0xE8, 0x00, 0x00, 0xE0, 0xE3, 0xFC, 0xFF, 0xFF, 0xEA, 0xDC, 0x51, 0x40, 0x00, 
    0x28, 0x01, 0x02, 0x00, 0x27, 0x01, 0x02, 0x00, 0x20, 0x04, 0x02, 0x00, 0x00, 0x10, 0xA0, 0xE1, 
    0x40, 0x0F, 0x51, 0xE3, 0x14, 0x00, 0x00, 0x0A, 0x06, 0x00, 0x00, 0xCA, 0x20, 0x00, 0x51, 0xE3, 
    0x0B, 0x00, 0x00, 0x0A, 0x40, 0x00, 0x51, 0xE3, 0x0B, 0x00, 0x00, 0x0A, 0x80, 0x00, 0x51, 0xE3, 
    0x15, 0x00, 0x00, 0x1A, 0x0A, 0x00, 0x00, 0xEA, 0x80, 0x0F, 0x51, 0xE3, 0x0C, 0x00, 0x00, 0x0A, 
    0x40, 0x0E, 0x51, 0xE3, 0x0C, 0x00, 0x00, 0x0A, 0x80, 0x0E, 0x51, 0xE3, 0x0E, 0x00, 0x00, 0x1A, 
    0x0B, 0x00, 0x00, 0xEA, 0x10, 0x00, 0xA0, 0xE3, 0x0E, 0xF0, 0xA0, 0xE1, 0x20, 0x00, 0xA0, 0xE3, 
    0xFC, 0xFF, 0xFF, 0xEA, 0x30, 0x00, 0xA0, 0xE3, 0xFA, 0xFF, 0xFF, 0xEA, 0x40, 0x00, 0xA0, 0xE3, 
    0xF8, 0xFF, 0xFF, 0xEA, 0x50, 0x00, 0xA0, 0xE3, 0xF6, 0xFF, 0xFF, 0xEA, 0x60, 0x00, 0xA0, 0xE3, 
    0xF4, 0xFF, 0xFF, 0xEA, 0x70, 0x00, 0xA0, 0xE3, 0xF2, 0xFF, 0xFF, 0xEA, 0x00, 0x00, 0xA0, 0xE3, 
    0xF0, 0xFF, 0xFF, 0xEA, 0x1D, 0x20, 0xA0, 0xE3, 0x92, 0x00, 0x03, 0xE0, 0x08, 0x28, 0x9F, 0xE5, 
    0x03, 0x21, 0x82, 0xE0, 0x08, 0x10, 0x82, 0xE2, 0x01, 0x30, 0xD1, 0xE5, 0xFC, 0xC7, 0x9F, 0xE5, 
    0x00, 0xC0, 0x9C, 0xE5, 0x03, 0x31, 0x8C, 0xE0, 0x40, 0x20, 0x83, 0xE2, 0x00, 0x30, 0x92, 0xE5, 
    0x01, 0x30, 0x83, 0xE3, 0x00, 0x30, 0x82, 0xE5, 0x01, 0x30, 0xD1, 0xE5, 0xDC, 0xC7, 0x9F, 0xE5, 
    0x00, 0xC0, 0x9C, 0xE5, 0x03, 0x31, 0x8C, 0xE0, 0x40, 0x20, 0x83, 0xE2, 0x00, 0x30, 0x92, 0xE5, 
    0x60, 0x30, 0xC3, 0xE3, 0x00, 0x30, 0x82, 0xE5, 0x0E, 0xF0, 0xA0, 0xE1, 0xBC, 0x17, 0x9F, 0xE5, 
    0x00, 0x10, 0x91, 0xE5, 0x08, 0x10, 0x91, 0xE5, 0x80, 0x10, 0x01, 0xE2, 0x7F, 0x20, 0x00, 0xE2, 
    0x02, 0x10, 0x81, 0xE1, 0xA4, 0x27, 0x9F, 0xE5, 0x00, 0x20, 0x92, 0xE5, 0x08, 0x10, 0x82, 0xE5, 
    0x0E, 0xF0, 0xA0, 0xE1, 0x94, 0x07, 0x9F, 0xE5, 0x00, 0x00, 0x90, 0xE5, 0x40, 0x00, 0x90, 0xE5, 
    0x0E, 0xF0, 0xA0, 0xE1, 0x1D, 0x10, 0xA0, 0xE3, 0x91, 0x00, 0x03, 0xE0, 0x78, 0x17, 0x9F, 0xE5, 
    0x03, 0x11, 0x81, 0xE0, 0x08, 0x20, 0x81, 0xE2, 0x01, 0x30, 0xD2, 0xE5, 0x6C, 0xC7, 0x9F, 0xE5, 
    0x00, 0xC0, 0x9C, 0xE5, 0x03, 0x31, 0x8C, 0xE0, 0x40, 0x10, 0x83, 0xE2, 0x00, 0x30, 0x91, 0xE5, 
    0x40, 0x30, 0x83, 0xE3, 0x00, 0x30, 0x81, 0xE5, 0x0E, 0xF0, 0xA0, 0xE1, 0x80, 0x11, 0x80, 0xE0, 
    0x44, 0x37, 0x9F, 0xE5, 0x01, 0x11, 0x83, 0xE0, 0xF0, 0x20, 0x81, 0xE2, 0x01, 0x30, 0xD2, 0xE5, 
    0x38, 0xC7, 0x9F, 0xE5, 0x00, 0xC0, 0x9C, 0xE5, 0x03, 0x31, 0x8C, 0xE0, 0x40, 0x10, 0x83, 0xE2, 
    0x00, 0x30, 0x91, 0xE5, 0x40, 0x30, 0x83, 0xE3, 0x00, 0x30, 0x81, 0xE5, 0x0E, 0xF0, 0xA0, 0xE1, 
    0x01, 0x20, 0xD0, 0xE5, 0x14, 0x37, 0x9F, 0xE5, 0x00, 0x30, 0x93, 0xE5, 0x02, 0x22, 0x83, 0xE0, 
    0xD8, 0x21, 0x92, 0xE5, 0x01, 0x30, 0xD0, 0xE5, 0x00, 0xC7, 0x9F, 0xE5, 0x00, 0xC0, 0x9C, 0xE5, 
    0x03, 0x32, 0x8C, 0xE0, 0xDC, 0x31, 0x93, 0xE5, 0x07, 0x30, 0x03, 0xE2, 0x03, 0x24, 0x82, 0xE1, 
    0x28, 0x20, 0x80, 0xE5, 0x04, 0x20, 0x90, 0xE5, 0x28, 0x30, 0x90, 0xE5, 0x03, 0x00, 0x52, 0xE1, 
    0x02, 0x00, 0x00, 0x9A, 0x28, 0x20, 0x90, 0xE5, 0x08, 0x20, 0x80, 0xE5, 0x01, 0x00, 0x00, 0xEA, 
    0x04, 0x20, 0x90, 0xE5, 0x08, 0x20, 0x80, 0xE5, 0x0C, 0x00, 0x90, 0xE9, 0x03, 0x20, 0x42, 0xE0, 
    0x04, 0x20, 0x80, 0xE5, 0xB4, 0x26, 0x9F, 0xE5, 0x00, 0x20, 0x92, 0xE5, 0xD4, 0x21, 0x92, 0xE5, 
    0x02, 0x20, 0x82, 0xE3, 0xA4, 0x36, 0x9F, 0xE5, 0x00, 0x30, 0x93, 0xE5, 0xD4, 0x21, 0x83, 0xE5, 
    0x00, 0x10, 0xA0, 0xE3, 0x08, 0x20, 0x90, 0xE5, 0x01, 0x00, 0x52, 0xE1, 0x0C, 0x00, 0x00, 0xDA, 
    0x02, 0x00, 0x00, 0xEA, 0x01, 0x20, 0x81, 0xE2, 0x40, 0x1B, 0xC2, 0xE3, 0xF8, 0xFF, 0xFF, 0xEA, 
    0x0C, 0x20, 0x90, 0xE5, 0x01, 0x20, 0x82, 0xE2, 0x0C, 0x30, 0x90, 0xE5, 0x0C, 0x20, 0x80, 0xE5, 
    0x00, 0x20, 0xD3, 0xE5, 0x64, 0x36, 0x9F, 0xE5, 0x00, 0x30, 0x93, 0xE5, 0xD0, 0x21, 0x83, 0xE5, 
    0xF3, 0xFF, 0xFF, 0xEA, 0x04, 0x20, 0x90, 0xE5, 0x00, 0x00, 0x52, 0xE3, 0x08, 0x00, 0x00, 0x1A, 
    0x02, 0x20, 0xA0, 0xE3, 0x02, 0x20, 0xC0, 0xE5, 0x40, 0x26, 0x9F, 0xE5, 0x00, 0x20, 0x92, 0xE5, 
    0xD4, 0x21, 0x92, 0xE5, 0x08, 0x20, 0x82, 0xE3, 0x30, 0x36, 0x9F, 0xE5, 0x00, 0x30, 0x93, 0xE5, 
    0xD4, 0x21, 0x83, 0xE5, 0x0E, 0xF0, 0xA0, 0xE1, 0x30, 0x40, 0x2D, 0xE9, 0x00, 0x40, 0xA0, 0xE1, 
    0x01, 0x50, 0xA0, 0xE1, 0x02, 0x00, 0xD4, 0xE5, 0x00, 0x00, 0x50, 0xE3, 0x02, 0x00, 0x00, 0x1A, 
    0x04, 0x00, 0xA0, 0xE1, 0xB9, 0xFF, 0xFF, 0xEB, 0x30, 0x80, 0xBD, 0xE8, 0x02, 0x00, 0xD4, 0xE5, 
    0x02, 0x00, 0x50, 0xE3, 0x01, 0x00, 0x00, 0x1A, 0x03, 0x00, 0xA0, 0xE3, 0x02, 0x00, 0xC4, 0xE5, 
    0xF8, 0xFF, 0xFF, 0xEA, 0x00, 0x10, 0xA0, 0xE3, 0x01, 0x30, 0xD0, 0xE5, 0xDC, 0xC5, 0x9F, 0xE5, 
    0x00, 0xC0, 0x9C, 0xE5, 0x03, 0x32, 0x8C, 0xE0, 0x75, 0x2F, 0x83, 0xE2, 0x00, 0x30, 0x92, 0xE5, 
    0x01, 0x30, 0x83, 0xE3, 0x00, 0x30, 0x82, 0xE5, 0x01, 0x20, 0xD0, 0xE5, 0xC0, 0x35, 0x9F, 0xE5, 
    0x02, 0x21, 0x93, 0xE7, 0x28, 0x20, 0x80, 0xE5, 0x04, 0x20, 0x90, 0xE5, 0x28, 0x30, 0x90, 0xE5, 
    0x03, 0x00, 0x52, 0xE1, 0x02, 0x00, 0x00, 0x9A, 0x28, 0x20, 0x90, 0xE5, 0x08, 0x20, 0x80, 0xE5, 
    0x01, 0x00, 0x00, 0xEA, 0x04, 0x20, 0x90, 0xE5, 0x08, 0x20, 0x80, 0xE5, 0x0C, 0x00, 0x90, 0xE9, 
    0x03, 0x20, 0x42, 0xE0, 0x04, 0x20, 0x80, 0xE5, 0x00, 0x10, 0xA0, 0xE3, 0x08, 0x20, 0x90, 0xE5, 
    0x01, 0x00, 0x52, 0xE1, 0x0E, 0x00, 0x00, 0xDA, 0x02, 0x00, 0x00, 0xEA, 0x01, 0x20, 0x81, 0xE2, 
    0x40, 0x1B, 0xC2, 0xE3, 0xF8, 0xFF, 0xFF, 0xEA, 0x0C, 0x20, 0x90, 0xE5, 0x01, 0x20, 0x82, 0xE2, 
    0x0C, 0x30, 0x90, 0xE5, 0x0C, 0x20, 0x80, 0xE5, 0x00, 0x20, 0xD3, 0xE5, 0x01, 0x30, 0xD0, 0xE5, 
    0x48, 0xC5, 0x9F, 0xE5, 0x00, 0xC0, 0x9C, 0xE5, 0x03, 0x32, 0x8C, 0xE0, 0xD0, 0x21, 0x83, 0xE5, 
    0xF1, 0xFF, 0xFF, 0xEA, 0x04, 0x20, 0x90, 0xE5, 0x00, 0x00, 0x52, 0xE3, 0x0F, 0x00, 0x00, 0x1A, 
    0x00, 0x20, 0xA0, 0xE3, 0x68, 0x30, 0x90, 0xE5, 0x00, 0x20, 0xC3, 0xE5, 0x00, 0x20, 0xA0, 0xE3, 
    0x10, 0x30, 0x90, 0xE5, 0x00, 0x20, 0xC3, 0xE5, 0x02, 0x20, 0xA0, 0xE3, 0x02, 0x20, 0xC0, 0xE5, 
    0x01, 0x30, 0xD0, 0xE5, 0x04, 0xC5, 0x9F, 0xE5, 0x00, 0xC0, 0x9C, 0xE5, 0x03, 0x32, 0x8C, 0xE0, 
    0x75, 0x2F, 0x83, 0xE2, 0x00, 0x30, 0x92, 0xE5, 0x08, 0x30, 0x83, 0xE3, 0x00, 0x30, 0x82, 0xE5, 
    0x01, 0x30, 0xD0, 0xE5, 0xE4, 0xC4, 0x9F, 0xE5, 0x00, 0xC0, 0x9C, 0xE5, 0x03, 0x31, 0x8C, 0xE0, 
    0x40, 0x20, 0x83, 0xE2, 0x00, 0x30, 0x92, 0xE5, 0x61, 0x30, 0xC3, 0xE3, 0x00, 0x30, 0x82, 0xE5, 
    0x0C, 0x20, 0x90, 0xE5, 0x08, 0x30, 0x90, 0xE5, 0x03, 0x20, 0x82, 0xE0, 0x0C, 0x20, 0x80, 0xE5, 
    0x14, 0x20, 0x90, 0xE5, 0x01, 0x20, 0x82, 0xE2, 0x14, 0x20, 0x80, 0xE5, 0x0E, 0xF0, 0xA0, 0xE1, 
    0x10, 0x40, 0x2D, 0xE9, 0x6C, 0xE0, 0xD0, 0xE5, 0x6D, 0x40, 0xD0, 0xE5, 0x04, 0x00, 0x5E, 0xE1, 
    0x04, 0x00, 0x00, 0x1A, 0x00, 0xE0, 0xA0, 0xE3, 0x00, 0xE0, 0x81, 0xE5, 0x00, 0xE0, 0xA0, 0xE3, 
    0x00, 0xE0, 0x82, 0xE5, 0x10, 0x80, 0xBD, 0xE8, 0x6D, 0xE0, 0xD0, 0xE5, 0x8E, 0xE0, 0x8E, 0xE0, 
    0x0E, 0xE1, 0x80, 0xE0, 0x38, 0xC0, 0x8E, 0xE2, 0x6D, 0xE0, 0xD0, 0xE5, 0x8E, 0xE0, 0x8E, 0xE0, 
    0x0E, 0xE1, 0x80, 0xE0, 0x38, 0xE0, 0x8E, 0xE2, 0x68, 0xE0, 0x80, 0xE5, 0x6D, 0xE0, 0xD0, 0xE5, 
    0x01, 0xE0, 0x8E, 0xE2, 0xFF, 0xE0, 0x0E, 0xE2, 0x6D, 0xE0, 0xC0, 0xE5, 0x04, 0x00, 0x5E, 0xE3, 
    0x01, 0x00, 0x00, 0x1A, 0x00, 0xE0, 0xA0, 0xE3, 0x6D, 0xE0, 0xC0, 0xE5, 0x04, 0xE0, 0x9C, 0xE5, 
    0x00, 0xE0, 0x81, 0xE5, 0xB2, 0xE0, 0xDC, 0xE1, 0x00, 0xE0, 0x82, 0xE5, 0x08, 0xE0, 0x9C, 0xE5, 
    0x00, 0xE0, 0x83, 0xE5, 0xE6, 0xFF, 0xFF, 0xEA, 0x30, 0x40, 0x2D, 0xE9, 0x00, 0x40, 0xA0, 0xE1, 
    0x01, 0x50, 0xA0, 0xE1, 0x02, 0x00, 0xD4, 0xE5, 0x01, 0x00, 0x50, 0xE3, 0x02, 0x00, 0x00, 0x1A, 
    0x04, 0x00, 0xA0, 0xE1, 0x86, 0xFF, 0xFF, 0xEB, 0x30, 0x80, 0xBD, 0xE8, 0x02, 0x00, 0xD4, 0xE5, 
    0x02, 0x00, 0x50, 0xE3, 0x01, 0x00, 0x00, 0x1A, 0x03, 0x00, 0xA0, 0xE3, 0x02, 0x00, 0xC4, 0xE5, 
    0x02, 0x00, 0xD4, 0xE5, 0x03, 0x00, 0x50, 0xE3, 0x15, 0x00, 0x00, 0x1A, 0x10, 0x30, 0x84, 0xE2, 
    0x04, 0x20, 0x84, 0xE2, 0x0C, 0x10, 0x84, 0xE2, 0x04, 0x00, 0xA0, 0xE1, 0xC7, 0xFF, 0xFF, 0xEB, 
    0x0C, 0x00, 0x94, 0xE5, 0x00, 0x00, 0x50, 0xE3, 0x04, 0x00, 0x00, 0x0A, 0x01, 0x00, 0xA0, 0xE3, 
    0x02, 0x00, 0xC4, 0xE5, 0x04, 0x00, 0xA0, 0xE1, 0x71, 0xFF, 0xFF, 0xEB, 0xE9, 0xFF, 0xFF, 0xEA, 
    0x00, 0x00, 0xA0, 0xE3, 0x68, 0x10, 0x94, 0xE5, 0x00, 0x00, 0xC1, 0xE5, 0x00, 0x00, 0xA0, 0xE3, 
    0x10, 0x10, 0x94, 0xE5, 0x00, 0x00, 0xC1, 0xE5, 0x03, 0x00, 0xA0, 0xE3, 0x02, 0x00, 0xC4, 0xE5, 
    0xE0, 0xFF, 0xFF, 0xEA, 0xDF, 0xFF, 0xFF, 0xEA, 0xF0, 0x41, 0x2D, 0xE9, 0x00, 0x60, 0xA0, 0xE1, 
    0x01, 0x70, 0xA0, 0xE1, 0x02, 0x80, 0xA0, 0xE1, 0x78, 0x43, 0x9F, 0xE5, 0x6C, 0x00, 0xD4, 0xE5, 
    0x80, 0x00, 0x80, 0xE0, 0x00, 0x01, 0x84, 0xE0, 0x38, 0x50, 0x80, 0xE2, 0x04, 0x60, 0x85, 0xE5, 
    0xB2, 0x70, 0xC5, 0xE1, 0x08, 0x80, 0x85, 0xE5, 0x01, 0x00, 0xA0, 0xE3, 0x00, 0x00, 0xC5, 0xE5, 
    0x00, 0x00, 0xA0, 0xE3, 0x03, 0x00, 0xC4, 0xE5, 0x6C, 0x00, 0xD4, 0xE5, 0x01, 0x00, 0x80, 0xE2, 
    0xFF, 0x00, 0x00, 0xE2, 0x6C, 0x00, 0xC4, 0xE5, 0x04, 0x00, 0x50, 0xE3, 0x01, 0x00, 0x00, 0x1A, 
    0x00, 0x00, 0xA0, 0xE3, 0x6C, 0x00, 0xC4, 0xE5, 0x01, 0x00, 0xD4, 0xE5, 0x00, 0x00, 0x50, 0xE3, 
    0x05, 0x00, 0x00, 0x0A, 0x20, 0x03, 0x9F, 0xE5, 0x00, 0x00, 0xD0, 0xE5, 0x00, 0x00, 0x50, 0xE3, 
    0x01, 0x00, 0x00, 0x1A, 0x00, 0x00, 0xA0, 0xE3, 0xF0, 0x81, 0xBD, 0xE8, 0x03, 0x00, 0xA0, 0xE3, 
    0x02, 0x00, 0xC4, 0xE5, 0x02, 0x00, 0xD4, 0xE5, 0x03, 0x00, 0x50, 0xE3, 0x02, 0x00, 0x00, 0x1A, 
    0x01, 0x10, 0xA0, 0xE3, 0x04, 0x00, 0xA0, 0xE1, 0xAE, 0xFF, 0xFF, 0xEB, 0x01, 0x00, 0xA0, 0xE3, 
    0xF4, 0xFF, 0xFF, 0xEA, 0x10, 0x40, 0x2D, 0xE9, 0x00, 0x40, 0xA0, 0xE3, 0x74, 0x10, 0xA0, 0xE3, 
    0xD8, 0x02, 0x9F, 0xE5, 0x90, 0x06, 0x00, 0xEB, 0x00, 0x00, 0xA0, 0xE3, 0xB8, 0x12, 0x9F, 0xE5, 
    0x08, 0x00, 0xC1, 0xE5, 0x00, 0x00, 0xA0, 0xE3, 0xAC, 0x12, 0x9F, 0xE5, 0x09, 0x00, 0xC1, 0xE5, 
    0x03, 0x00, 0xA0, 0xE3, 0xA0, 0x12, 0x9F, 0xE5, 0x0A, 0x00, 0xC1, 0xE5, 0x01, 0x40, 0xA0, 0xE3, 
    0x02, 0x00, 0x54, 0xE3, 0x1C, 0x00, 0x00, 0xCA, 0x01, 0x00, 0x00, 0xEA, 0x01, 0x40, 0x84, 0xE2, 
    0xFA, 0xFF, 0xFF, 0xEA, 0x1D, 0x10, 0xA0, 0xE3, 0x91, 0x04, 0x02, 0xE0, 0x78, 0x12, 0x9F, 0xE5, 
    0x02, 0x11, 0x81, 0xE0, 0x08, 0x00, 0x81, 0xE2, 0x74, 0x10, 0xA0, 0xE3, 0x7A, 0x06, 0x00, 0xEB, 
    0x1D, 0x00, 0xA0, 0xE3, 0x90, 0x04, 0x01, 0xE0, 0x5C, 0x02, 0x9F, 0xE5, 0x01, 0x01, 0x80, 0xE0, 
    0x08, 0x40, 0xC0, 0xE5, 0x00, 0x00, 0xE0, 0xE3, 0x84, 0x00, 0x80, 0xE0, 0x1D, 0x10, 0xA0, 0xE3, 
    0x91, 0x04, 0x02, 0xE0, 0x40, 0x12, 0x9F, 0xE5, 0x02, 0x11, 0x81, 0xE0, 0x09, 0x00, 0xC1, 0xE5, 
    0x03, 0x00, 0xA0, 0xE3, 0x1D, 0x10, 0xA0, 0xE3, 0x91, 0x04, 0x02, 0xE0, 0x28, 0x12, 0x9F, 0xE5, 
    0x02, 0x11, 0x81, 0xE0, 0x0A, 0x00, 0xC1, 0xE5, 0xE3, 0xFF, 0xFF, 0xEA, 0x24, 0x10, 0xA0, 0xE3, 
    0x2C, 0x02, 0x9F, 0xE5, 0x64, 0x06, 0x00, 0xEB, 0x00, 0x00, 0xA0, 0xE3, 0x08, 0x12, 0x9F, 0xE5, 
    0xF0, 0x00, 0xC1, 0xE5, 0x00, 0x00, 0xA0, 0xE3, 0xFC, 0x11, 0x9F, 0xE5, 0xF1, 0x00, 0xC1, 0xE5, 
    0x01, 0x40, 0xA0, 0xE3, 0x02, 0x00, 0x54, 0xE3, 0x12, 0x00, 0x00, 0xCA, 0x01, 0x00, 0x00, 0xEA, 
    0x01, 0x40, 0x84, 0xE2, 0xFA, 0xFF, 0xFF, 0xEA, 0x84, 0x11, 0x84, 0xE0, 0xD8, 0x21, 0x9F, 0xE5, 
    0x01, 0x11, 0x82, 0xE0, 0xF0, 0x00, 0x81, 0xE2, 0x24, 0x10, 0xA0, 0xE3, 0x52, 0x06, 0x00, 0xEB, 
    0x84, 0x01, 0x84, 0xE0, 0xC0, 0x11, 0x9F, 0xE5, 0x00, 0x01, 0x81, 0xE0, 0xF0, 0x40, 0xC0, 0xE5, 
    0x84, 0x00, 0xA0, 0xE1, 0x84, 0x11, 0x84, 0xE0, 0xAC, 0x21, 0x9F, 0xE5, 0x01, 0x11, 0x82, 0xE0, 
    0xF1, 0x00, 0xC1, 0xE5, 0xED, 0xFF, 0xFF, 0xEA, 0x10, 0x80, 0xBD, 0xE8, 0x08, 0x40, 0x2D, 0xE9, 
    0x2C, 0x10, 0xA0, 0xE3, 0xA0, 0x01, 0x9F, 0xE5, 0x43, 0x06, 0x00, 0xEB, 0xAC, 0xFF, 0xFF, 0xEB, 
    0x08, 0x80, 0xBD, 0xE8, 0x08, 0x40, 0x2D, 0xE9, 0x01, 0x00, 0xA0, 0xE3, 0x7C, 0x11, 0x9F, 0xE5, 
    0x00, 0x10, 0x91, 0xE5, 0x00, 0x00, 0x81, 0xE5, 0x70, 0x01, 0x9F, 0xE5, 0x00, 0x00, 0x90, 0xE5, 
    0x00, 0x00, 0x90, 0xE5, 0x06, 0x00, 0x80, 0xE3, 0x60, 0x11, 0x9F, 0xE5, 0x00, 0x10, 0x91, 0xE5, 
    0x00, 0x00, 0x81, 0xE5, 0x00, 0x00, 0xA0, 0xE3, 0x50, 0x11, 0x9F, 0xE5, 0x00, 0x10, 0x91, 0xE5, 
    0x04, 0x00, 0x81, 0xE5, 0x44, 0x01, 0x9F, 0xE5, 0x00, 0x00, 0x90, 0xE5, 0x3C, 0x00, 0x90, 0xE5, 
    0x00, 0x00, 0xA0, 0xE3, 0x34, 0x11, 0x9F, 0xE5, 0x00, 0x10, 0x91, 0xE5, 0x3C, 0x00, 0x81, 0xE5, 
    0x28, 0x01, 0x9F, 0xE5, 0x00, 0x00, 0x90, 0xE5, 0x40, 0x00, 0x90, 0xE5, 0x0C, 0x00, 0x80, 0xE3, 
    0x18, 0x11, 0x9F, 0xE5, 0x00, 0x10, 0x91, 0xE5, 0x40, 0x00, 0x81, 0xE5, 0x0C, 0x01, 0x9F, 0xE5, 
    0x00, 0x00, 0x90, 0xE5, 0xC4, 0x01, 0x90, 0xE5, 0x26, 0x00, 0x80, 0xE3, 0xFC, 0x10, 0x9F, 0xE5, 
    0x00, 0x10, 0x91, 0xE5, 0xC4, 0x01, 0x81, 0xE5, 0xF0, 0x00, 0x9F, 0xE5, 0x00, 0x00, 0x90, 0xE5, 
    0xD4, 0x01, 0x90, 0xE5, 0x11, 0x00, 0x80, 0xE3, 0xE0, 0x10, 0x9F, 0xE5, 0x00, 0x10, 0x91, 0xE5, 
    0xD4, 0x01, 0x81, 0xE5, 0xD4, 0x00, 0x9F, 0xE5, 0x00, 0x00, 0x90, 0xE5, 0x84, 0x01, 0x90, 0xE5, 
    0x00, 0x00, 0xA0, 0xE3, 0xC4, 0x10, 0x9F, 0xE5, 0x00, 0x10, 0x91, 0xE5, 0x84, 0x01, 0x81, 0xE5, 
    0xB8, 0x00, 0x9F, 0xE5, 0x00, 0x00, 0x90, 0xE5, 0x9C, 0x01, 0x90, 0xE5, 0x00, 0x00, 0xA0, 0xE3, 
    0xA8, 0x10, 0x9F, 0xE5, 0x00, 0x10, 0x91, 0xE5, 0x9C, 0x01, 0x81, 0xE5, 0x9C, 0x00, 0x9F, 0xE5, 
    0x00, 0x00, 0x90, 0xE5, 0xB4, 0x01, 0x90, 0xE5, 0x00, 0x00, 0xA0, 0xE3, 0x8C, 0x10, 0x9F, 0xE5, 
    0x00, 0x10, 0x91, 0xE5, 0xB4, 0x01, 0x81, 0xE5, 0x00, 0x00, 0xA0, 0xE3, 0x7C, 0x10, 0x9F, 0xE5, 
    0x00, 0x10, 0x91, 0xE5, 0xA4, 0x01, 0x81, 0xE5, 0x00, 0x00, 0xA0, 0xE3, 0x6C, 0x10, 0x9F, 0xE5, 
    0x00, 0x10, 0x91, 0xE5, 0x8C, 0x01, 0x81, 0xE5, 0x60, 0x00, 0x9F, 0xE5, 0x00, 0x00, 0x90, 0xE5, 
    0x80, 0x01, 0x90, 0xE5, 0x00, 0x00, 0xA0, 0xE3, 0x50, 0x10, 0x9F, 0xE5, 0x00, 0x10, 0x91, 0xE5, 
    0x80, 0x01, 0x81, 0xE5, 0x44, 0x00, 0x9F, 0xE5, 0x00, 0x00, 0x90, 0xE5, 0x98, 0x01, 0x90, 0xE5, 
    0x00, 0x00, 0xA0, 0xE3, 0x34, 0x10, 0x9F, 0xE5, 0x00, 0x10, 0x91, 0xE5, 0x98, 0x01, 0x81, 0xE5, 
    0x6C, 0x03, 0x00, 0xEB, 0x00, 0x00, 0x50, 0xE3, 0x06, 0x00, 0x00, 0x0A, 0x1C, 0x00, 0x9F, 0xE5, 
    0x00, 0x00, 0x90, 0xE5, 0x08, 0x00, 0x90, 0xE5, 0x80, 0x00, 0x80, 0xE3, 0x0C, 0x10, 0x9F, 0xE5, 
    0x00, 0x10, 0x91, 0xE5, 0x08, 0x00, 0x81, 0xE5, 0x08, 0x80, 0xBD, 0xE8, 0x34, 0x01, 0x02, 0x00, 
    0x80, 0x00, 0x02, 0x00, 0x84, 0x00, 0x02, 0x00, 0xB0, 0x01, 0x02, 0x00, 0x70, 0x03, 0x02, 0x00, 
    0x3C, 0x01, 0x02, 0x00, 0x24, 0x02, 0x02, 0x00, 0xF0, 0x40, 0x2D, 0xE9, 0x44, 0xD0, 0x4D, 0xE2, 
    0x0D, 0x70, 0xA0, 0xE1, 0xFF, 0x00, 0xA0, 0xE3, 0x30, 0x10, 0x1F, 0xE5, 0x00, 0x10, 0x91, 0xE5, 
    0x84, 0x01, 0x81, 0xE5, 0xFB, 0x00, 0xA0, 0xE3, 0x40, 0x10, 0x1F, 0xE5, 0x00, 0x10, 0x91, 0xE5, 
    0x9C, 0x01, 0x81, 0xE5, 0x04, 0x00, 0xA0, 0xE3, 0x50, 0x10, 0x1F, 0xE5, 0x00, 0x10, 0x91, 0xE5, 
    0xA4, 0x01, 0x81, 0xE5, 0x04, 0x00, 0xA0, 0xE3, 0x60, 0x10, 0x1F, 0xE5, 0x00, 0x10, 0x91, 0xE5, 
    0xB4, 0x01, 0x81, 0xE5, 0x6C, 0x00, 0x1F, 0xE5, 0x00, 0x00, 0x90, 0xE5, 0x80, 0x01, 0x90, 0xE5, 
    0x00, 0x40, 0xA0, 0xE1, 0x02, 0x00, 0x14, 0xE3, 0x5E, 0x00, 0x00, 0x0A, 0x02, 0x00, 0x84, 0xE3, 
    0x88, 0x10, 0x1F, 0xE5, 0x00, 0x10, 0x91, 0xE5, 0x80, 0x01, 0x81, 0xE5, 0x20, 0x00, 0x85, 0xE3, 
    0x98, 0x10, 0x1F, 0xE5, 0x00, 0x10, 0x91, 0xE5, 0x98, 0x01, 0x81, 0xE5, 0xA4, 0x00, 0x1F, 0xE5, 
    0x00, 0x00, 0x90, 0xE5, 0x3C, 0x00, 0x90, 0xE5, 0x80, 0x00, 0x10, 0xE3, 0x51, 0x00, 0x00, 0x0A, 
    0x1C, 0x08, 0x9F, 0xE5, 0x00, 0x00, 0xD0, 0xE5, 0x01, 0x00, 0x50, 0xE3, 0x04, 0x00, 0x00, 0x1A, 
    0x10, 0x08, 0x9F, 0xE5, 0x00, 0x00, 0x90, 0xE5, 0x01, 0x00, 0x80, 0xE2, 0x04, 0x18, 0x9F, 0xE5, 
    0x00, 0x00, 0x81, 0xE5, 0xDC, 0x00, 0x1F, 0xE5, 0x00, 0x00, 0x90, 0xE5, 0x3C, 0x00, 0x90, 0xE5, 
    0x40, 0x00, 0x10, 0xE3, 0x07, 0x00, 0x00, 0x0A, 0xF0, 0x00, 0x1F, 0xE5, 0x00, 0x00, 0x90, 0xE5, 
    0x3C, 0x00, 0x90, 0xE5, 0x40, 0x00, 0xC0, 0xE3, 0x00, 0x11, 0x1F, 0xE5, 0x00, 0x10, 0x91, 0xE5, 
    0x3C, 0x00, 0x81, 0xE5, 0x3B, 0x00, 0x00, 0xEA, 0x10, 0x01, 0x1F, 0xE5, 0x00, 0x00, 0x90, 0xE5, 
    0x1C, 0x00, 0x90, 0xE5, 0xC0, 0x17, 0x9F, 0xE5, 0x00, 0x00, 0xC1, 0xE5, 0x24, 0x01, 0x1F, 0xE5, 
    0x00, 0x00, 0x90, 0xE5, 0x20, 0x00, 0x90, 0xE5, 0xAC, 0x17, 0x9F, 0xE5, 0x01, 0x00, 0xC1, 0xE5, 
    0x38, 0x01, 0x1F, 0xE5, 0x00, 0x00, 0x90, 0xE5, 0x24, 0x00, 0x90, 0xE5, 0x98, 0x17, 0x9F, 0xE5, 
    0x02, 0x00, 0xC1, 0xE5, 0x4C, 0x01, 0x1F, 0xE5, 0x00, 0x00, 0x90, 0xE5, 0x28, 0x00, 0x90, 0xE5, 
    0x84, 0x17, 0x9F, 0xE5, 0x03, 0x00, 0xC1, 0xE5, 0x60, 0x01, 0x1F, 0xE5, 0x00, 0x00, 0x90, 0xE5, 
    0x2C, 0x00, 0x90, 0xE5, 0x70, 0x17, 0x9F, 0xE5, 0x04, 0x00, 0xC1, 0xE5, 0x74, 0x01, 0x1F, 0xE5, 
    0x00, 0x00, 0x90, 0xE5, 0x30, 0x00, 0x90, 0xE5, 0x5C, 0x17, 0x9F, 0xE5, 0x05, 0x00, 0xC1, 0xE5, 
    0x88, 0x01, 0x1F, 0xE5, 0x00, 0x00, 0x90, 0xE5, 0x38, 0x00, 0x90, 0xE5, 0x00, 0x04, 0xA0, 0xE1, 
    0x44, 0x17, 0x9F, 0xE5, 0xB6, 0x00, 0xC1, 0xE1, 0x3C, 0x07, 0x9F, 0xE5, 0xB6, 0x00, 0xD0, 0xE1, 
    0xA8, 0x11, 0x1F, 0xE5, 0x00, 0x10, 0x91, 0xE5, 0x34, 0x10, 0x91, 0xE5, 0x01, 0x00, 0x80, 0xE1, 
    0x24, 0x17, 0x9F, 0xE5, 0xB6, 0x00, 0xC1, 0xE1, 0xC0, 0x01, 0x1F, 0xE5, 0x00, 0x00, 0x90, 0xE5, 
    0xC4, 0x01, 0x90, 0xE5, 0x01, 0x00, 0x80, 0xE3, 0xD0, 0x11, 0x1F, 0xE5, 0x00, 0x10, 0x91, 0xE5, 
    0xC4, 0x01, 0x81, 0xE5, 0xDC, 0x01, 0x1F, 0xE5, 0x00, 0x00, 0x90, 0xE5, 0x3C, 0x00, 0x90, 0xE5, 
    0x60, 0x00, 0xC0, 0xE3, 0xEC, 0x11, 0x1F, 0xE5, 0x00, 0x10, 0x91, 0xE5, 0x3C, 0x00, 0x81, 0xE5, 
    0xE4, 0x06, 0x9F, 0xE5, 0xBD, 0x01, 0x00, 0xEB, 0x04, 0x00, 0x14, 0xE3, 0x06, 0x00, 0x00, 0x0A, 
    0x04, 0x00, 0x84, 0xE3, 0x0C, 0x12, 0x1F, 0xE5, 0x00, 0x10, 0x91, 0xE5, 0x80, 0x01, 0x81, 0xE5, 
    0x03, 0x10, 0xA0, 0xE3, 0x0C, 0x02, 0x1F, 0xE5, 0xEE, 0xFD, 0xFF, 0xEB, 0x20, 0x00, 0x14, 0xE3, 
    0x1A, 0x00, 0x00, 0x0A, 0x20, 0x00, 0x84, 0xE3, 0x30, 0x12, 0x1F, 0xE5, 0x00, 0x10, 0x91, 0xE5, 
    0x80, 0x01, 0x81, 0xE5, 0x3C, 0x02, 0x1F, 0xE5, 0x00, 0x00, 0x90, 0xE5, 0x98, 0x51, 0x90, 0xE5, 
    0x02, 0x00, 0x15, 0xE3, 0x03, 0x00, 0x00, 0x0A, 0x02, 0x00, 0x85, 0xE3, 0x54, 0x12, 0x1F, 0xE5, 
    0x00, 0x10, 0x91, 0xE5, 0x98, 0x01, 0x81, 0xE5, 0x10, 0x00, 0x15, 0xE3, 0x03, 0x00, 0x00, 0x0A, 
    0x10, 0x00, 0x85, 0xE3, 0x6C, 0x12, 0x1F, 0xE5, 0x00, 0x10, 0x91, 0xE5, 0x98, 0x01, 0x81, 0xE5, 
    0x08, 0x00, 0x15, 0xE3, 0x14, 0x00, 0x00, 0x0A, 0x08, 0x00, 0x85, 0xE3, 0x84, 0x12, 0x1F, 0xE5, 
    0x00, 0x10, 0x91, 0xE5, 0x98, 0x01, 0x81, 0xE5, 0xF3, 0xFE, 0xFF, 0xEB, 0x0E, 0x00, 0x00, 0xEA, 
    0x40, 0x00, 0x14, 0xE3, 0x0C, 0x00, 0x00, 0x0A, 0x40, 0x00, 0x84, 0xE3, 0xA4, 0x12, 0x1F, 0xE5, 
    0x00, 0x10, 0x91, 0xE5, 0x80, 0x01, 0x81, 0xE5, 0xB0, 0x02, 0x1F, 0xE5, 0x00, 0x00, 0x90, 0xE5, 
    0xA0, 0x61, 0x90, 0xE5, 0x01, 0x00, 0x16, 0xE3, 0x03, 0x00, 0x00, 0x0A, 0x01, 0x00, 0x86, 0xE3, 
    0xC8, 0x12, 0x1F, 0xE5, 0x00, 0x10, 0x91, 0xE5, 0xA0, 0x01, 0x81, 0xE5, 0x44, 0xD0, 0x8D, 0xE2, 
    0xF0, 0x80, 0xBD, 0xE8, 0x08, 0x40, 0x2D, 0xE9, 0x00, 0x00, 0xA0, 0xE1, 0xF0, 0x05, 0x9F, 0xE5, 
    0x00, 0x00, 0xD0, 0xE5, 0x00, 0x00, 0x50, 0xE3, 0x01, 0x00, 0x00, 0x1A, 0x49, 0xFF, 0xFF, 0xEB, 
    0xF9, 0xFF, 0xFF, 0xEA, 0x08, 0x80, 0xBD, 0xE8, 0x08, 0x40, 0x2D, 0xE9, 0xDC, 0x05, 0x9F, 0xE5, 
    0x00, 0x00, 0x90, 0xE5, 0x0C, 0x13, 0x1F, 0xE5, 0x00, 0x10, 0x91, 0xE5, 0x00, 0x03, 0x81, 0xE5, 
    0x14, 0x13, 0x1F, 0xE5, 0x00, 0x00, 0x91, 0xE5, 0x0F, 0xFD, 0xFF, 0xEB, 0x24, 0x13, 0x1F, 0xE5, 
    0x00, 0x10, 0x91, 0xE5, 0x04, 0x03, 0x81, 0xE5, 0x2C, 0x03, 0x1F, 0xE5, 0x00, 0x00, 0x90, 0xE5, 
    0xFF, 0x00, 0x00, 0xE2, 0x3C, 0x13, 0x1F, 0xE5, 0x00, 0x10, 0x91, 0xE5, 0x84, 0x00, 0x81, 0xE5, 
    0x44, 0x03, 0x1F, 0xE5, 0x00, 0x00, 0x90, 0xE5, 0x00, 0x08, 0xA0, 0xE1, 0x20, 0x0C, 0xA0, 0xE1, 
    0x58, 0x13, 0x1F, 0xE5, 0x00, 0x10, 0x91, 0xE5, 0x80, 0x00, 0x81, 0xE5, 0xBE, 0xFE, 0xFF, 0xEB, 
    0xC3, 0xFE, 0xFF, 0xEB, 0xDA, 0xFF, 0xFF, 0xEB, 0x74, 0x05, 0x9F, 0xE5, 0x74, 0x15, 0x9F, 0xE5, 
    0x00, 0x00, 0x81, 0xE5, 0x00, 0x00, 0xA0, 0xE3, 0x68, 0x15, 0x9F, 0xE5, 0x00, 0x10, 0x91, 0xE5, 
    0xB2, 0x00, 0xC1, 0xE1, 0x08, 0x80, 0xBD, 0xE8, 0x04, 0xE0, 0x2D, 0xE5, 0x94, 0x03, 0x1F, 0xE5, 
    0x00, 0x00, 0x90, 0xE5, 0x00, 0x00, 0x90, 0xE5, 0x06, 0x00, 0x80, 0xE3, 0xA4, 0x13, 0x1F, 0xE5, 
    0x00, 0x10, 0x91, 0xE5, 0x00, 0x00, 0x81, 0xE5, 0x30, 0x05, 0x9F, 0xE5, 0x08, 0x00, 0x90, 0xE5, 
    0xB8, 0x13, 0x1F, 0xE5, 0x00, 0x10, 0x91, 0xE5, 0x10, 0x03, 0x81, 0xE5, 0xC0, 0x13, 0x1F, 0xE5, 
    0x08, 0x00, 0x91, 0xE5, 0xE4, 0xFC, 0xFF, 0xEB, 0xD0, 0x13, 0x1F, 0xE5, 0x00, 0x10, 0x91, 0xE5, 
    0x14, 0x03, 0x81, 0xE5, 0x40, 0x00, 0xA0, 0xE3, 0xE0, 0x13, 0x1F, 0xE5, 0x00, 0x10, 0x91, 0xE5, 
    0xA4, 0x00, 0x81, 0xE5, 0x00, 0x00, 0xA0, 0xE3, 0xF0, 0x13, 0x1F, 0xE5, 0x00, 0x10, 0x91, 0xE5, 
    0xA0, 0x00, 0x81, 0xE5, 0xE4, 0x04, 0x9F, 0xE5, 0x04, 0x00, 0x90, 0xE5, 0x04, 0x14, 0x1F, 0xE5, 
    0x00, 0x10, 0x91, 0xE5, 0x08, 0x03, 0x81, 0xE5, 0x0C, 0x14, 0x1F, 0xE5, 0x04, 0x00, 0x91, 0xE5, 
    0xD1, 0xFC, 0xFF, 0xEB, 0x1C, 0x14, 0x1F, 0xE5, 0x00, 0x10, 0x91, 0xE5, 0x0C, 0x03, 0x81, 0xE5, 
    0x40, 0x00, 0xA0, 0xE3, 0x2C, 0x14, 0x1F, 0xE5, 0x00, 0x10, 0x91, 0xE5, 0x94, 0x00, 0x81, 0xE5, 
    0x00, 0x00, 0xA0, 0xE3, 0x3C, 0x14, 0x1F, 0xE5, 0x00, 0x10, 0x91, 0xE5, 0x90, 0x00, 0x81, 0xE5, 
    0x01, 0x20, 0xA0, 0xE3, 0x02, 0x00, 0x52, 0xE3, 0x6A, 0x00, 0x00, 0x8A, 0x01, 0x00, 0x00, 0xEA, 
    0x01, 0x20, 0x82, 0xE2, 0xFA, 0xFF, 0xFF, 0xEA, 0x60, 0x04, 0x1F, 0xE5, 0x00, 0x00, 0x90, 0xE5, 
    0x02, 0x01, 0x80, 0xE0, 0x40, 0x30, 0x90, 0xE5, 0x08, 0x00, 0x13, 0xE3, 0x36, 0x00, 0x00, 0x0A, 
    0x78, 0x04, 0x1F, 0xE5, 0x00, 0x00, 0x90, 0xE5, 0x02, 0x01, 0x80, 0xE0, 0x40, 0x00, 0x90, 0xE5, 
    0x10, 0x00, 0xC0, 0xE3, 0x8C, 0x14, 0x1F, 0xE5, 0x00, 0x10, 0x91, 0xE5, 0x02, 0x11, 0x81, 0xE0, 
    0x40, 0x00, 0x81, 0xE5, 0x00, 0x00, 0xA0, 0xE1, 0x00, 0x00, 0xA0, 0xE1, 0x00, 0x00, 0xA0, 0xE1, 
    0xA8, 0x04, 0x1F, 0xE5, 0x00, 0x00, 0x90, 0xE5, 0x02, 0x01, 0x80, 0xE0, 0x40, 0x00, 0x90, 0xE5, 
    0x20, 0x00, 0x80, 0xE3, 0xBC, 0x14, 0x1F, 0xE5, 0x00, 0x10, 0x91, 0xE5, 0x02, 0x11, 0x81, 0xE0, 
    0x40, 0x00, 0x81, 0xE5, 0xCC, 0x04, 0x1F, 0xE5, 0x00, 0x00, 0x90, 0xE5, 0x02, 0x02, 0x80, 0xE0, 
    0xD4, 0x01, 0x90, 0xE5, 0x45, 0x00, 0x80, 0xE3, 0xE0, 0x14, 0x1F, 0xE5, 0x00, 0x10, 0x91, 0xE5, 
    0x02, 0x12, 0x81, 0xE0, 0xD4, 0x01, 0x81, 0xE5, 0x00, 0x00, 0xA0, 0xE1, 0x00, 0x00, 0xA0, 0xE1, 
    0x00, 0x00, 0xA0, 0xE1, 0xFC, 0x04, 0x1F, 0xE5, 0x00, 0x00, 0x90, 0xE5, 0x02, 0x02, 0x80, 0xE0, 
    0xD4, 0x01, 0x90, 0xE5, 0x08, 0x00, 0xC0, 0xE3, 0x10, 0x15, 0x1F, 0xE5, 0x00, 0x10, 0x91, 0xE5, 
    0x02, 0x12, 0x81, 0xE0, 0xD4, 0x01, 0x81, 0xE5, 0x00, 0x00, 0xA0, 0xE1, 0x00, 0x00, 0xA0, 0xE1, 
    0x00, 0x00, 0xA0, 0xE1, 0x2C, 0x05, 0x1F, 0xE5, 0x00, 0x00, 0x90, 0xE5, 0x02, 0x02, 0x80, 0xE0, 
    0xD4, 0x01, 0x90, 0xE5, 0x02, 0x00, 0x80, 0xE3, 0x40, 0x15, 0x1F, 0xE5, 0x00, 0x10, 0x91, 0xE5, 
    0x02, 0x12, 0x81, 0xE0, 0xD4, 0x01, 0x81, 0xE5, 0x29, 0x00, 0x00, 0xEA, 0x54, 0x05, 0x1F, 0xE5, 
    0x00, 0x00, 0x90, 0xE5, 0x02, 0x01, 0x80, 0xE0, 0x40, 0x00, 0x90, 0xE5, 0x30, 0x00, 0x80, 0xE3, 
    0x68, 0x15, 0x1F, 0xE5, 0x00, 0x10, 0x91, 0xE5, 0x02, 0x11, 0x81, 0xE0, 0x40, 0x00, 0x81, 0xE5, 
    0x78, 0x05, 0x1F, 0xE5, 0x00, 0x00, 0x90, 0xE5, 0x02, 0x02, 0x80, 0xE0, 0xD4, 0x01, 0x90, 0xE5, 
    0x80, 0x00, 0x80, 0xE3, 0x8C, 0x15, 0x1F, 0xE5, 0x00, 0x10, 0x91, 0xE5, 0x02, 0x12, 0x81, 0xE0, 
    0xD4, 0x01, 0x81, 0xE5, 0x00, 0x00, 0xA0, 0xE1, 0x00, 0x00, 0xA0, 0xE1, 0x00, 0x00, 0xA0, 0xE1, 
    0xA8, 0x05, 0x1F, 0xE5, 0x00, 0x00, 0x90, 0xE5, 0x02, 0x02, 0x80, 0xE0, 0xD4, 0x01, 0x90, 0xE5, 
    0x08, 0x00, 0xC0, 0xE3, 0xBC, 0x15, 0x1F, 0xE5, 0x00, 0x10, 0x91, 0xE5, 0x02, 0x12, 0x81, 0xE0, 
    0xD4, 0x01, 0x81, 0xE5, 0x00, 0x00, 0xA0, 0xE1, 0x00, 0x00, 0xA0, 0xE1, 0x00, 0x00, 0xA0, 0xE1, 
    0xD8, 0x05, 0x1F, 0xE5, 0x00, 0x00, 0x90, 0xE5, 0x02, 0x02, 0x80, 0xE0, 0xD4, 0x01, 0x90, 0xE5, 
    0x02, 0x00, 0x80, 0xE3, 0xEC, 0x15, 0x1F, 0xE5, 0x00, 0x10, 0x91, 0xE5, 0x02, 0x12, 0x81, 0xE0, 
    0xD4, 0x01, 0x81, 0xE5, 0x95, 0xFF, 0xFF, 0xEA, 0x00, 0x06, 0x1F, 0xE5, 0x00, 0x00, 0x90, 0xE5, 
    0x8C, 0x01, 0x90, 0xE5, 0x01, 0x00, 0x80, 0xE3, 0x10, 0x16, 0x1F, 0xE5, 0x00, 0x10, 0x91, 0xE5, 
    0x8C, 0x01, 0x81, 0xE5, 0x04, 0xF0, 0x9D, 0xE4, 0xF0, 0x40, 0x2D, 0xE9, 0x00, 0x50, 0xA0, 0xE1, 
    0x01, 0x60, 0xA0, 0xE1, 0x02, 0x70, 0xA0, 0xE1, 0x20, 0x46, 0x1F, 0xE5, 0x04, 0x60, 0x84, 0xE5, 
    0x0C, 0x50, 0x84, 0xE5, 0x00, 0x00, 0xA0, 0xE3, 0x02, 0x00, 0xC4, 0xE5, 0x01, 0x10, 0xA0, 0xE3, 
    0x04, 0x00, 0xA0, 0xE1, 0xE3, 0xFC, 0xFF, 0xEB, 0xF0, 0x80, 0xBD, 0xE8, 0x00, 0x10, 0xA0, 0xE1, 
    0x02, 0x00, 0x51, 0xE3, 0x09, 0x00, 0x00, 0x0A, 0x81, 0x00, 0x51, 0xE3, 0x24, 0x00, 0x00, 0x1A, 
    0x00, 0x00, 0xA0, 0xE3, 0x70, 0x26, 0x1F, 0xE5, 0xB0, 0x00, 0x82, 0xE5, 0x00, 0x00, 0xA0, 0xE3, 
    0x7C, 0x26, 0x1F, 0xE5, 0xBE, 0x0A, 0xC2, 0xE1, 0x01, 0x00, 0xA0, 0xE3, 0x0E, 0xF0, 0xA0, 0xE1, 
    0x00, 0x00, 0xA0, 0xE3, 0x90, 0x26, 0x1F, 0xE5, 0x18, 0x01, 0x82, 0xE5, 0x00, 0x00, 0xA0, 0xE3, 
    0x9C, 0x26, 0x1F, 0xE5, 0x1C, 0x01, 0x82, 0xE5, 0xA4, 0x06, 0x1F, 0xE5, 0x28, 0x01, 0x90, 0xE5, 
    0x04, 0x00, 0x90, 0xE5, 0x02, 0x00, 0x80, 0xE2, 0xB4, 0x26, 0x1F, 0xE5, 0x20, 0x01, 0x82, 0xE5, 
    0xBC, 0x06, 0x1F, 0xE5, 0x28, 0x01, 0x90, 0xE5, 0x04, 0x00, 0x90, 0xE5, 0xC8, 0x26, 0x1F, 0xE5, 
    0x2C, 0x01, 0x82, 0xE5, 0x00, 0x00, 0xA0, 0xE3, 0xD4, 0x26, 0x1F, 0xE5, 0x2C, 0x21, 0x92, 0xE5, 
    0x80, 0x2D, 0x82, 0xE2, 0x10, 0x00, 0x82, 0xE5, 0x00, 0x00, 0xA0, 0xE3, 0xE8, 0x26, 0x1F, 0xE5, 
    0x2C, 0x21, 0x92, 0xE5, 0x80, 0x2D, 0x82, 0xE2, 0x0C, 0x00, 0x82, 0xE5, 0x01, 0x00, 0xA0, 0xE3, 
    0xE1, 0xFF, 0xFF, 0xEA, 0x00, 0x00, 0xA0, 0xE3, 0xDF, 0xFF, 0xFF, 0xEA, 0x30, 0x40, 0x2D, 0xE9, 
    0x00, 0xC0, 0xA0, 0xE3, 0x01, 0x10, 0xA0, 0xE3, 0xD4, 0x41, 0x9F, 0xE5, 0xD4, 0x51, 0x9F, 0xE5, 
    0x00, 0x40, 0x85, 0xE5, 0xFF, 0x40, 0xA0, 0xE3, 0x20, 0x57, 0x1F, 0xE5, 0x00, 0x50, 0x95, 0xE5, 
    0x84, 0x41, 0x85, 0xE5, 0xFB, 0x40, 0xA0, 0xE3, 0x30, 0x57, 0x1F, 0xE5, 0x00, 0x50, 0x95, 0xE5, 
    0x9C, 0x41, 0x85, 0xE5, 0x04, 0x40, 0xA0, 0xE3, 0x40, 0x57, 0x1F, 0xE5, 0x00, 0x50, 0x95, 0xE5, 
    0xA4, 0x41, 0x85, 0xE5, 0x04, 0x40, 0xA0, 0xE3, 0x50, 0x57, 0x1F, 0xE5, 0x00, 0x50, 0x95, 0xE5, 
    0xB4, 0x41, 0x85, 0xE5, 0x5C, 0x47, 0x1F, 0xE5, 0x00, 0x40, 0x94, 0xE5, 0x80, 0x41, 0x94, 0xE5, 
    0x04, 0x20, 0xA0, 0xE1, 0x40, 0x00, 0x12, 0xE3, 0x0F, 0x00, 0x00, 0x0A, 0x40, 0x40, 0x82, 0xE3, 
    0x78, 0x57, 0x1F, 0xE5, 0x00, 0x50, 0x95, 0xE5, 0x80, 0x41, 0x85, 0xE5, 0x84, 0x47, 0x1F, 0xE5, 
    0x00, 0x40, 0x94, 0xE5, 0xA0, 0x01, 0x94, 0xE5, 0x04, 0x00, 0x10, 0xE3, 0x06, 0x00, 0x00, 0x0A, 
    0x04, 0x40, 0x80, 0xE3, 0x9C, 0x57, 0x1F, 0xE5, 0x00, 0x50, 0x95, 0xE5, 0xA0, 0x41, 0x85, 0xE5, 
    0x01, 0x40, 0xA0, 0xE3, 0x40, 0x51, 0x9F, 0xE5, 0x00, 0x40, 0xC5, 0xE5, 0x20, 0x00, 0x12, 0xE3, 
    0x11, 0x00, 0x00, 0x0A, 0x20, 0x40, 0x82, 0xE3, 0xC0, 0x57, 0x1F, 0xE5, 0x00, 0x50, 0x95, 0xE5, 
    0x80, 0x41, 0x85, 0xE5, 0xCC, 0x47, 0x1F, 0xE5, 0x00, 0x40, 0x94, 0xE5, 0x98, 0xE1, 0x94, 0xE5, 
    0x40, 0x00, 0x1E, 0xE3, 0x08, 0x00, 0x00, 0x0A, 0xE0, 0x47, 0x1F, 0xE5, 0x00, 0x40, 0x94, 0xE5, 
    0xB0, 0x41, 0x94, 0xE5, 0x04, 0x00, 0xA0, 0xE1, 0x04, 0x00, 0x10, 0xE3, 0x02, 0x00, 0x00, 0x0A, 
    0x01, 0x40, 0xA0, 0xE3, 0xF0, 0x50, 0x9F, 0xE5, 0x00, 0x40, 0xC5, 0xE5, 0xE8, 0x40, 0x9F, 0xE5, 
    0x00, 0x40, 0xD4, 0xE5, 0x01, 0x00, 0x54, 0xE3, 0x22, 0x00, 0x00, 0x1A, 0xD4, 0x40, 0x9F, 0xE5, 
    0x00, 0x40, 0x94, 0xE5, 0x04, 0xC0, 0x84, 0xE2, 0x20, 0x48, 0x1F, 0xE5, 0x00, 0x40, 0x94, 0xE5, 
    0xF8, 0x41, 0x94, 0xE5, 0x2C, 0x58, 0x1F, 0xE5, 0x00, 0x50, 0x95, 0xE5, 0xFC, 0x51, 0x95, 0xE5, 
    0x07, 0x50, 0x05, 0xE2, 0x05, 0x14, 0x84, 0xE1, 0x00, 0x00, 0x51, 0xE3, 0x07, 0x00, 0x00, 0x1A, 
    0x48, 0x48, 0x1F, 0xE5, 0x00, 0x40, 0x94, 0xE5, 0xF4, 0x41, 0x94, 0xE5, 0x02, 0x40, 0x84, 0xE3, 
    0x58, 0x58, 0x1F, 0xE5, 0x00, 0x50, 0x95, 0xE5, 0xF4, 0x41, 0x85, 0xE5, 0x30, 0x80, 0xBD, 0xE8, 
    0x00, 0x30, 0xA0, 0xE3, 0x01, 0x00, 0x53, 0xE1, 0x07, 0x00, 0x00, 0xAA, 0x01, 0x00, 0x00, 0xEA, 
    0x01, 0x30, 0x83, 0xE2, 0xFA, 0xFF, 0xFF, 0xEA, 0x80, 0x48, 0x1F, 0xE5, 0x00, 0x40, 0x94, 0xE5, 
    0xF0, 0x41, 0x94, 0xE5, 0x01, 0x40, 0xCC, 0xE4, 0xF8, 0xFF, 0xFF, 0xEA, 0x54, 0x40, 0x9F, 0xE5, 
    0x00, 0x40, 0x94, 0xE5, 0xB2, 0x10, 0xC4, 0xE1, 0xA0, 0x48, 0x1F, 0xE5, 0x00, 0x40, 0x94, 0xE5, 
    0x48, 0x40, 0x94, 0xE5, 0x61, 0x40, 0xC4, 0xE3, 0xB0, 0x58, 0x1F, 0xE5, 0x00, 0x50, 0x95, 0xE5, 
    0x48, 0x40, 0x85, 0xE5, 0xBC, 0x48, 0x1F, 0xE5, 0x00, 0x40, 0x94, 0xE5, 0xF4, 0x41, 0x94, 0xE5, 
    0x02, 0x40, 0x84, 0xE3, 0xCC, 0x58, 0x1F, 0xE5, 0x00, 0x50, 0x95, 0xE5, 0xF4, 0x41, 0x85, 0xE5, 
    0xE1, 0xFF, 0xFF, 0xEA, 0x18, 0x01, 0x02, 0x00, 0x1C, 0x01, 0x02, 0x00, 0x2A, 0x01, 0x02, 0x00, 
    0xB0, 0x00, 0x02, 0x00, 0xDC, 0x03, 0x02, 0x00, 0x20, 0x04, 0x02, 0x00, 0x27, 0x01, 0x02, 0x00, 
    0xF8, 0x40, 0x2D, 0xE9, 0x00, 0x50, 0xA0, 0xE1, 0x01, 0x00, 0xD5, 0xE5, 0x0C, 0x00, 0x50, 0xE3, 
    0x00, 0xF1, 0x8F, 0x90, 0x90, 0x00, 0x00, 0xEA, 0x0B, 0x00, 0x00, 0xEA, 0x0B, 0x00, 0x00, 0xEA, 
    0x8D, 0x00, 0x00, 0xEA, 0x24, 0x00, 0x00, 0xEA, 0x8B, 0x00, 0x00, 0xEA, 0x23, 0x00, 0x00, 0xEA, 
    0x2C, 0x00, 0x00, 0xEA, 0x86, 0x00, 0x00, 0xEA, 0x6C, 0x00, 0x00, 0xEA, 0x72, 0x00, 0x00, 0xEA, 
    0x7B, 0x00, 0x00, 0xEA, 0x81, 0x00, 0x00, 0xEA, 0x82, 0x00, 0x00, 0xEA, 0x85, 0x00, 0x00, 0xEA, 
    0x04, 0x00, 0xD5, 0xE5, 0x03, 0x10, 0xD5, 0xE5, 0x01, 0x74, 0x80, 0xE1, 0x00, 0x00, 0xD5, 0xE5, 
    0x00, 0x00, 0x50, 0xE3, 0x04, 0x00, 0x00, 0x0A, 0x01, 0x00, 0x50, 0xE3, 0x03, 0x00, 0x00, 0x0A, 
    0x02, 0x00, 0x50, 0xE3, 0x06, 0x00, 0x00, 0x1A, 0x01, 0x00, 0x00, 0xEA, 0x06, 0x00, 0x00, 0xEA, 
    0x05, 0x00, 0x00, 0xEA, 0x07, 0x00, 0xA0, 0xE1, 0x33, 0xFF, 0xFF, 0xEB, 0x00, 0x60, 0xA0, 0xE1, 
    0x01, 0x00, 0x00, 0xEA, 0x00, 0x60, 0xA0, 0xE3, 0x00, 0x00, 0xA0, 0xE1, 0x00, 0x00, 0x56, 0xE3, 
    0x02, 0x00, 0x00, 0x0A, 0x00, 0x00, 0xA0, 0xE3, 0x91, 0xFB, 0xFF, 0xEB, 0x01, 0x00, 0x00, 0xEA, 
    0x00, 0x00, 0xA0, 0xE3, 0xB2, 0xFB, 0xFF, 0xEB, 0x6A, 0x00, 0x00, 0xEA, 0x69, 0x00, 0x00, 0xEA, 
    0x00, 0x00, 0xA0, 0xE3, 0x8A, 0xFB, 0xFF, 0xEB, 0x00, 0x00, 0xA0, 0xE1, 0xA8, 0xFB, 0xFF, 0xEB, 
    0x20, 0x00, 0x10, 0xE3, 0x00, 0x00, 0x00, 0x1A, 0xFB, 0xFF, 0xFF, 0xEA, 0x02, 0x00, 0xD5, 0xE5, 
    0x99, 0xFB, 0xFF, 0xEB, 0x5F, 0x00, 0x00, 0xEA, 0x03, 0x00, 0xD5, 0xE5, 0x01, 0x00, 0x50, 0xE3, 
    0x04, 0x00, 0x00, 0x0A, 0x02, 0x00, 0x50, 0xE3, 0x0F, 0x00, 0x00, 0x0A, 0x03, 0x00, 0x50, 0xE3, 
    0x36, 0x00, 0x00, 0x1A, 0x19, 0x00, 0x00, 0xEA, 0x12, 0x40, 0xA0, 0xE3, 0xB6, 0x00, 0xD5, 0xE1, 
    0x04, 0x00, 0x50, 0xE1, 0x00, 0x00, 0x00, 0x2A, 0xB6, 0x40, 0xD5, 0xE1, 0x04, 0x28, 0xA0, 0xE1, 
    0x22, 0x28, 0xA0, 0xE1, 0x04, 0x18, 0xA0, 0xE1, 0x21, 0x18, 0xA0, 0xE1, 0x3C, 0x01, 0x9F, 0xE5, 
    0xFC, 0xFE, 0xFF, 0xEB, 0x00, 0x00, 0xA0, 0xE3, 0xF8, 0x80, 0xBD, 0xE8, 0x20, 0x40, 0xA0, 0xE3, 
    0xB6, 0x00, 0xD5, 0xE1, 0x04, 0x00, 0x50, 0xE1, 0x00, 0x00, 0x00, 0x2A, 0xB6, 0x40, 0xD5, 0xE1, 
    0x04, 0x28, 0xA0, 0xE1, 0x22, 0x28, 0xA0, 0xE1, 0x04, 0x18, 0xA0, 0xE1, 0x21, 0x18, 0xA0, 0xE1, 
    0x0C, 0x01, 0x9F, 0xE5, 0xEF, 0xFE, 0xFF, 0xEB, 0x00, 0x00, 0xA0, 0xE3, 0xF1, 0xFF, 0xFF, 0xEA, 
    0x02, 0x00, 0xD5, 0xE5, 0x00, 0x00, 0x50, 0xE3, 0x04, 0x00, 0x00, 0x0A, 0x02, 0x00, 0x50, 0xE3, 
    0x08, 0x00, 0x00, 0x0A, 0x03, 0x00, 0x50, 0xE3, 0x12, 0x00, 0x00, 0x1A, 0x0B, 0x00, 0x00, 0xEA, 
    0x04, 0x40, 0xA0, 0xE3, 0x04, 0x20, 0xA0, 0xE1, 0x04, 0x10, 0xA0, 0xE1, 0xD4, 0x00, 0x9F, 0xE5, 
    0xE0, 0xFE, 0xFF, 0xEB, 0x0B, 0x00, 0x00, 0xEA, 0x56, 0x40, 0xA0, 0xE3, 0x04, 0x20, 0xA0, 0xE1, 
    0x04, 0x10, 0xA0, 0xE1, 0xC0, 0x00, 0x9F, 0xE5, 0xDA, 0xFE, 0xFF, 0xEB, 0x05, 0x00, 0x00, 0xEA, 
    0x10, 0x40, 0xA0, 0xE3, 0x04, 0x20, 0xA0, 0xE1, 0x04, 0x10, 0xA0, 0xE1, 0xAC, 0x00, 0x9F, 0xE5, 
    0xD4, 0xFE, 0xFF, 0xEB, 0x00, 0x00, 0xA0, 0xE1, 0x00, 0x00, 0xA0, 0xE3, 0xD5, 0xFF, 0xFF, 0xEA, 
    0x00, 0x00, 0xA0, 0xE3, 0x66, 0xFB, 0xFF, 0xEB, 0x00, 0x00, 0xA0, 0xE1, 0x1D, 0x00, 0x00, 0xEA, 
    0x00, 0x00, 0xA0, 0xE3, 0x00, 0x00, 0xCD, 0xE5, 0x01, 0x20, 0xA0, 0xE3, 0x01, 0x10, 0xA0, 0xE3, 
    0x0D, 0x00, 0xA0, 0xE1, 0xC7, 0xFE, 0xFF, 0xEB, 0x16, 0x00, 0x00, 0xEA, 0x21, 0xFE, 0xFF, 0xEB, 
    0x00, 0x00, 0xA0, 0xE3, 0x36, 0xFB, 0xFF, 0xEB, 0x03, 0x00, 0xA0, 0xE3, 0x60, 0x10, 0x9F, 0xE5, 
    0x00, 0x00, 0xC1, 0xE5, 0x01, 0x00, 0xA0, 0xE3, 0x58, 0x10, 0x9F, 0xE5, 0x00, 0x00, 0xC1, 0xE5, 
    0x0C, 0x00, 0x00, 0xEA, 0x01, 0x00, 0xA0, 0xE3, 0x00, 0x00, 0xCD, 0xE5, 0x01, 0x20, 0xA0, 0xE3, 
    0x01, 0x10, 0xA0, 0xE3, 0x0D, 0x00, 0xA0, 0xE1, 0xB6, 0xFE, 0xFF, 0xEB, 0x05, 0x00, 0x00, 0xEA, 
    0x00, 0x00, 0xA0, 0xE1, 0x00, 0x00, 0xA0, 0xE1, 0x00, 0x00, 0xA0, 0xE1, 0x00, 0x00, 0xA0, 0xE3, 
    0x47, 0xFB, 0xFF, 0xEB, 0x00, 0x00, 0xA0, 0xE1, 0x00, 0x00, 0xA0, 0xE3, 0xB1, 0xFF, 0xFF, 0xEA, 
    0xE0, 0x51, 0x40, 0x00, 0xF2, 0x51, 0x40, 0x00, 0x14, 0x00, 0x02, 0x00, 0x18, 0x00, 0x02, 0x00, 
    0x6E, 0x00, 0x02, 0x00, 0x70, 0x03, 0x02, 0x00, 0x18, 0x01, 0x02, 0x00, 0x8C, 0x01, 0x9F, 0xE5, 
    0x00, 0x00, 0x90, 0xE5, 0x07, 0x00, 0xC0, 0xE3, 0x03, 0x00, 0x80, 0xE3, 0x7C, 0x11, 0x9F, 0xE5, 
    0x00, 0x00, 0x81, 0xE5, 0x74, 0x01, 0x9F, 0xE5, 0x00, 0x00, 0x90, 0xE5, 0x78, 0x00, 0xC0, 0xE3, 
    0x08, 0x00, 0x80, 0xE3, 0x64, 0x11, 0x9F, 0xE5, 0x00, 0x00, 0x81, 0xE5, 0x5C, 0x01, 0x9F, 0xE5, 
    0x00, 0x00, 0x90, 0xE5, 0x70, 0x0E, 0xC0, 0xE3, 0x50, 0x11, 0x9F, 0xE5, 0x00, 0x00, 0x81, 0xE5, 
    0x48, 0x01, 0x9F, 0xE5, 0x00, 0x00, 0x90, 0xE5, 0x78, 0x0C, 0xC0, 0xE3, 0x60, 0x0D, 0x80, 0xE3, 
    0x38, 0x11, 0x9F, 0xE5, 0x00, 0x00, 0x81, 0xE5, 0x30, 0x01, 0x9F, 0xE5, 0x00, 0x00, 0x90, 0xE5, 
    0x70, 0x0A, 0xC0, 0xE3, 0x40, 0x0A, 0x80, 0xE3, 0x20, 0x11, 0x9F, 0xE5, 0x00, 0x00, 0x81, 0xE5, 
    0x18, 0x01, 0x9F, 0xE5, 0x00, 0x00, 0x90, 0xE5, 0x78, 0x08, 0xC0, 0xE3, 0x80, 0x0A, 0x80, 0xE3, 
    0x08, 0x11, 0x9F, 0xE5, 0x00, 0x00, 0x81, 0xE5, 0x00, 0x01, 0x9F, 0xE5, 0x00, 0x00, 0x90, 0xE5, 
    0x70, 0x06, 0xC0, 0xE3, 0x40, 0x07, 0x80, 0xE3, 0xF0, 0x10, 0x9F, 0xE5, 0x00, 0x00, 0x81, 0xE5, 
    0xE8, 0x00, 0x9F, 0xE5, 0x00, 0x00, 0x90, 0xE5, 0x78, 0x04, 0xC0, 0xE3, 0x40, 0x05, 0x80, 0xE3, 
    0xD8, 0x10, 0x9F, 0xE5, 0x00, 0x00, 0x81, 0xE5, 0xD4, 0x00, 0x9F, 0xE5, 0x00, 0x00, 0x90, 0xE5, 
    0x40, 0x0D, 0xC0, 0xE3, 0xC8, 0x10, 0x9F, 0xE5, 0x00, 0x00, 0x81, 0xE5, 0xC4, 0x00, 0x9F, 0xE5, 
    0x00, 0x00, 0x90, 0xE5, 0xF0, 0x06, 0xC0, 0xE3, 0xB8, 0x10, 0x9F, 0xE5, 0x00, 0x00, 0x81, 0xE5, 
    0xB0, 0x00, 0x9F, 0xE5, 0x00, 0x00, 0x90, 0xE5, 0xFC, 0x09, 0xC0, 0xE3, 0xC0, 0x0B, 0x80, 0xE3, 
    0xA0, 0x10, 0x9F, 0xE5, 0x00, 0x00, 0x81, 0xE5, 0x98, 0x00, 0x9F, 0xE5, 0x00, 0x00, 0x90, 0xE5, 
    0x40, 0x0D, 0x80, 0xE3, 0x8C, 0x10, 0x9F, 0xE5, 0x00, 0x00, 0x81, 0xE5, 0x84, 0x00, 0x9F, 0xE5, 
    0x00, 0x00, 0x90, 0xE5, 0x40, 0x0F, 0x80, 0xE3, 0x78, 0x10, 0x9F, 0xE5, 0x00, 0x00, 0x81, 0xE5, 
    0x70, 0x00, 0x9F, 0xE5, 0x00, 0x00, 0x90, 0xE5, 0x10, 0x00, 0x80, 0xE3, 0x64, 0x10, 0x9F, 0xE5, 
    0x00, 0x00, 0x81, 0xE5, 0x5C, 0x00, 0x9F, 0xE5, 0x00, 0x00, 0x90, 0xE5, 0x01, 0x00, 0x80, 0xE3, 
    0x50, 0x10, 0x9F, 0xE5, 0x00, 0x00, 0x81, 0xE5, 0x00, 0x00, 0xA0, 0xE1, 0x48, 0x00, 0x9F, 0xE5, 
    0x00, 0x00, 0x90, 0xE5, 0x00, 0x09, 0xB0, 0xE1, 0xFB, 0xFF, 0xFF, 0x5A, 0x3C, 0x00, 0x9F, 0xE5, 
    0x00, 0x00, 0x90, 0xE5, 0xC0, 0x0C, 0xC0, 0xE3, 0x80, 0x0C, 0x80, 0xE3, 0x2C, 0x10, 0x9F, 0xE5, 
    0x00, 0x00, 0x81, 0xE5, 0x28, 0x00, 0x9F, 0xE5, 0x00, 0x00, 0x90, 0xE5, 0xC0, 0x07, 0xC0, 0xE3, 
    0x40, 0x07, 0x80, 0xE3, 0x18, 0x10, 0x9F, 0xE5, 0x00, 0x00, 0x81, 0xE5, 0x0E, 0xF0, 0xA0, 0xE1, 
    0xA4, 0x00, 0x50, 0xF4, 0xCC, 0x00, 0x50, 0xF4, 0xA0, 0x00, 0x50, 0xF4, 0xB0, 0x00, 0x50, 0xF4, 
    0xAC, 0x00, 0x50, 0xF4, 0xB4, 0x00, 0x50, 0xF4, 0xB0, 0x00, 0x9F, 0xE5, 0x74, 0x00, 0x90, 0xE5, 
    0x40, 0x05, 0x10, 0xE3, 0x01, 0x00, 0x00, 0x0A, 0x01, 0x00, 0xA0, 0xE3, 0x0E, 0xF0, 0xA0, 0xE1, 
    0x00, 0x00, 0xA0, 0xE3, 0xFC, 0xFF, 0xFF, 0xEA, 0x90, 0x00, 0x9F, 0xE5, 0x74, 0x00, 0x90, 0xE5, 
    0x80, 0x05, 0x10, 0xE3, 0x01, 0x00, 0x00, 0x0A, 0x01, 0x00, 0xA0, 0xE3, 0x0E, 0xF0, 0xA0, 0xE1, 
    0x00, 0x00, 0xA0, 0xE3, 0xFC, 0xFF, 0xFF, 0xEA, 0x70, 0x00, 0x9F, 0xE5, 0x74, 0x00, 0x90, 0xE5, 
    0x40, 0x04, 0x10, 0xE3, 0x01, 0x00, 0x00, 0x0A, 0x01, 0x00, 0xA0, 0xE3, 0x0E, 0xF0, 0xA0, 0xE1, 
    0x00, 0x00, 0xA0, 0xE3, 0xFC, 0xFF, 0xFF, 0xEA, 0x50, 0x00, 0x9F, 0xE5, 0x6C, 0x00, 0x90, 0xE5, 
    0x80, 0x05, 0x10, 0xE3, 0x01, 0x00, 0x00, 0x0A, 0x01, 0x00, 0xA0, 0xE3, 0x0E, 0xF0, 0xA0, 0xE1, 
    0x00, 0x00, 0xA0, 0xE3, 0xFC, 0xFF, 0xFF, 0xEA, 0x30, 0x00, 0x9F, 0xE5, 0x70, 0x00, 0x90, 0xE5, 
    0x40, 0x07, 0x10, 0xE3, 0x01, 0x00, 0x00, 0x0A, 0x01, 0x00, 0xA0, 0xE3, 0x0E, 0xF0, 0xA0, 0xE1, 
    0x00, 0x00, 0xA0, 0xE3, 0xFC, 0xFF, 0xFF, 0xEA, 0x00, 0x00, 0xE0, 0xE3, 0x0C, 0x10, 0x9F, 0xE5, 
    0x70, 0x10, 0x91, 0xE5, 0x60, 0x06, 0x01, 0xE2, 0xA0, 0x0C, 0xA0, 0xE1, 0x0E, 0xF0, 0xA0, 0xE1, 
    0x00, 0x00, 0x40, 0xF4, 0x00, 0x00, 0xA0, 0xE1, 0xD4, 0x05, 0x9F, 0xE5, 0x6C, 0x00, 0x90, 0xE5, 
    0x01, 0x00, 0x10, 0xE3, 0xFB, 0xFF, 0xFF, 0x0A, 0xC4, 0x05, 0x9F, 0xE5, 0x78, 0x00, 0x90, 0xE5, 
    0x01, 0x00, 0x80, 0xE3, 0xB8, 0x15, 0x9F, 0xE5, 0x78, 0x00, 0x81, 0xE5, 0x0E, 0xF0, 0xA0, 0xE1, 
    0x70, 0x40, 0x2D, 0xE9, 0x00, 0x40, 0xA0, 0xE1, 0xA4, 0x05, 0x9F, 0xE5, 0x3C, 0x00, 0x90, 0xE5, 
    0x00, 0x29, 0xA0, 0xE1, 0x22, 0x29, 0xA0, 0xE1, 0x94, 0x05, 0x9F, 0xE5, 0x3C, 0x00, 0x90, 0xE5, 
    0x00, 0x01, 0xA0, 0xE1, 0x20, 0x69, 0xA0, 0xE1, 0x00, 0x50, 0xA0, 0xE3, 0x00, 0x30, 0xA0, 0xE3, 
    0x06, 0x00, 0x22, 0xE0, 0xFC, 0xCD, 0x40, 0xE2, 0xFF, 0xC0, 0x5C, 0xE2, 0x01, 0x00, 0x00, 0x0A, 
    0xFF, 0x00, 0xA0, 0xE3, 0x70, 0x80, 0xBD, 0xE8, 0x0F, 0x00, 0x02, 0xE2, 0x01, 0x10, 0xA0, 0xE3, 
    0x11, 0x00, 0xA0, 0xE1, 0x00, 0x58, 0xA0, 0xE1, 0x25, 0x58, 0xA0, 0xE1, 0x02, 0x09, 0xA0, 0xE1, 
    0x20, 0x3B, 0xA0, 0xE1, 0x83, 0x00, 0x84, 0xE0, 0xB0, 0x00, 0xD0, 0xE1, 0x05, 0x00, 0x20, 0xE0, 
    0x83, 0x10, 0x84, 0xE0, 0xB0, 0x00, 0xC1, 0xE1, 0xC2, 0x04, 0xA0, 0xE3, 0x30, 0x15, 0x9F, 0xE5, 
    0x14, 0x00, 0x81, 0xE5, 0xD2, 0xFF, 0xFF, 0xEB, 0x01, 0x00, 0xA0, 0xE3, 0xEC, 0xFF, 0xFF, 0xEA, 
    0x1C, 0x05, 0x9F, 0xE5, 0x6C, 0x00, 0x90, 0xE5, 0x00, 0x0E, 0xB0, 0xE1, 0x06, 0x00, 0x00, 0x5A, 
    0x0C, 0x05, 0x9F, 0xE5, 0x78, 0x00, 0x90, 0xE5, 0x08, 0x00, 0x80, 0xE3, 0x00, 0x15, 0x9F, 0xE5, 
    0x78, 0x00, 0x81, 0xE5, 0x01, 0x00, 0xA0, 0xE3, 0x0E, 0xF0, 0xA0, 0xE1, 0x00, 0x00, 0xA0, 0xE3, 
    0xFC, 0xFF, 0xFF, 0xEA, 0x00, 0x10, 0xA0, 0xE3, 0xE8, 0x14, 0x9F, 0xE5, 0xFC, 0x2C, 0xC0, 0xE3, 
    0x01, 0x10, 0x82, 0xE1, 0xD8, 0x24, 0x9F, 0xE5, 0x14, 0x10, 0x82, 0xE5, 0x0E, 0xF0, 0xA0, 0xE1, 
    0x10, 0x40, 0x2D, 0xE9, 0x00, 0x30, 0xA0, 0xE1, 0x01, 0x40, 0xA0, 0xE1, 0x00, 0x20, 0xA0, 0xE3, 
    0x40, 0x27, 0xA0, 0xE3, 0x01, 0x00, 0x04, 0xE2, 0x80, 0x2B, 0x82, 0xE1, 0x03, 0x20, 0x82, 0xE1, 
    0xAC, 0x04, 0x9F, 0xE5, 0x14, 0x20, 0x80, 0xE5, 0xB1, 0xFF, 0xFF, 0xEB, 0x10, 0x80, 0xBD, 0xE8, 
    0x70, 0x40, 0x2D, 0xE9, 0x00, 0x50, 0xA0, 0xE1, 0x01, 0x60, 0xA0, 0xE1, 0x00, 0x40, 0xA0, 0xE3, 
    0x80, 0x47, 0xA0, 0xE3, 0x40, 0x4B, 0x84, 0xE3, 0x07, 0x00, 0x05, 0xE2, 0x00, 0x4A, 0x84, 0xE1, 
    0x00, 0x00, 0x56, 0xE3, 0x02, 0x00, 0x00, 0x0A, 0x10, 0x00, 0x15, 0xE3, 0x00, 0x00, 0x00, 0x1A, 
    0x80, 0x48, 0x84, 0xE3, 0x68, 0x04, 0x9F, 0xE5, 0x14, 0x40, 0x80, 0xE5, 0xA0, 0xFF, 0xFF, 0xEB, 
    0x00, 0x00, 0xA0, 0xE3, 0x58, 0x14, 0x9F, 0xE5, 0x14, 0x00, 0x81, 0xE5, 0x9C, 0xFF, 0xFF, 0xEB, 
    0x10, 0x00, 0x15, 0xE3, 0x02, 0x00, 0x00, 0x0A, 0x06, 0x10, 0xA0, 0xE1, 0x30, 0x00, 0xA0, 0xE3, 
    0xDA, 0xFF, 0xFF, 0xEB, 0x70, 0x80, 0xBD, 0xE8, 0x30, 0x40, 0x2D, 0xE9, 0x00, 0x50, 0xA0, 0xE1, 
    0x00, 0x40, 0xA0, 0xE3, 0x01, 0x10, 0xA0, 0xE3, 0xFF, 0x00, 0xA0, 0xE3, 0xD3, 0xFF, 0xFF, 0xEB, 
    0x00, 0x10, 0xA0, 0xE3, 0x00, 0x00, 0xA0, 0xE3, 0xD0, 0xFF, 0xFF, 0xEB, 0x00, 0x10, 0xA0, 0xE3, 
    0x05, 0x00, 0xA0, 0xE1, 0xD9, 0xFF, 0xFF, 0xEB, 0x00, 0x40, 0xA0, 0xE3, 0x32, 0x00, 0x54, 0xE3, 
    0x09, 0x00, 0x00, 0x2A, 0x01, 0x00, 0x00, 0xEA, 0x01, 0x40, 0x84, 0xE2, 0xFA, 0xFF, 0xFF, 0xEA, 
    0xEC, 0x03, 0x9F, 0xE5, 0x64, 0x00, 0x90, 0xE5, 0x00, 0x0F, 0xB0, 0xE1, 0x01, 0x00, 0x00, 0x4A, 
    0x01, 0x00, 0xA0, 0xE3, 0x30, 0x80, 0xBD, 0xE8, 0xF6, 0xFF, 0xFF, 0xEA, 0x00, 0x00, 0xA0, 0xE3, 
    0xFB, 0xFF, 0xFF, 0xEA, 0xD0, 0x13, 0x9F, 0xE5, 0xD0, 0x23, 0x9F, 0xE5, 0x00, 0x20, 0x81, 0xE5, 
    0x40, 0x2F, 0xA0, 0xE3, 0xB8, 0x33, 0x9F, 0xE5, 0x00, 0x20, 0x83, 0xE5, 0xB0, 0x23, 0x9F, 0xE5, 
    0x10, 0x20, 0x92, 0xE5, 0x02, 0x20, 0x82, 0xE3, 0xA4, 0x33, 0x9F, 0xE5, 0x10, 0x20, 0x83, 0xE5, 
    0x9C, 0x23, 0x9F, 0xE5, 0x10, 0x20, 0x92, 0xE5, 0x04, 0x20, 0xC2, 0xE3, 0x01, 0x30, 0x00, 0xE2, 
    0x03, 0x21, 0x82, 0xE1, 0x88, 0x33, 0x9F, 0xE5, 0x10, 0x20, 0x83, 0xE5, 0x90, 0x23, 0x9F, 0xE5, 
    0xA2, 0x29, 0xA0, 0xE1, 0x82, 0x29, 0xA0, 0xE1, 0x74, 0x33, 0x9F, 0xE5, 0x1C, 0x20, 0x83, 0xE5, 
    0x6C, 0x23, 0x9F, 0xE5, 0x2C, 0x20, 0x92, 0xE5, 0xF0, 0x26, 0xC2, 0xE3, 0xFF, 0x28, 0xC2, 0xE3, 
    0x80, 0x27, 0x82, 0xE3, 0x58, 0x33, 0x9F, 0xE5, 0x2C, 0x20, 0x83, 0xE5, 0x50, 0x23, 0x9F, 0xE5, 
    0x2C, 0x20, 0x92, 0xE5, 0x04, 0x20, 0x82, 0xE3, 0x44, 0x33, 0x9F, 0xE5, 0x2C, 0x20, 0x83, 0xE5, 
    0x3C, 0x23, 0x9F, 0xE5, 0x30, 0x20, 0x92, 0xE5, 0x22, 0x26, 0xA0, 0xE1, 0x02, 0x26, 0xA0, 0xE1, 
    0x80, 0x2F, 0x82, 0xE3, 0x28, 0x33, 0x9F, 0xE5, 0x30, 0x20, 0x83, 0xE5, 0x20, 0x23, 0x9F, 0xE5, 
    0x38, 0x20, 0x92, 0xE5, 0x22, 0x26, 0xA0, 0xE1, 0x02, 0x26, 0xA0, 0xE1, 0x81, 0x2F, 0x82, 0xE3, 
    0x0C, 0x33, 0x9F, 0xE5, 0x38, 0x20, 0x83, 0xE5, 0x04, 0x23, 0x9F, 0xE5, 0x34, 0x20, 0x92, 0xE5, 
    0xF0, 0x2E, 0x82, 0xE3, 0xFF, 0x20, 0x82, 0xE3, 0xF4, 0x32, 0x9F, 0xE5, 0x34, 0x20, 0x83, 0xE5, 
    0xEC, 0x22, 0x9F, 0xE5, 0x44, 0x20, 0x92, 0xE5, 0xFF, 0x20, 0xC2, 0xE3, 0x45, 0x20, 0x82, 0xE3, 
    0xDC, 0x32, 0x9F, 0xE5, 0x44, 0x20, 0x83, 0xE5, 0xD4, 0x22, 0x9F, 0xE5, 0x44, 0x20, 0x92, 0xE5, 
    0xFF, 0x20, 0xC2, 0xE3, 0x45, 0x20, 0x82, 0xE3, 0xC4, 0x32, 0x9F, 0xE5, 0x44, 0x20, 0x83, 0xE5, 
    0xD0, 0x22, 0x9F, 0xE5, 0xB8, 0x32, 0x9F, 0xE5, 0x48, 0x20, 0x83, 0xE5, 0x02, 0x20, 0xA0, 0xE3, 
    0xAC, 0x32, 0x9F, 0xE5, 0x5C, 0x20, 0x83, 0xE5, 0xA4, 0x22, 0x9F, 0xE5, 0x10, 0x20, 0x92, 0xE5, 
    0x01, 0x20, 0x82, 0xE3, 0x98, 0x32, 0x9F, 0xE5, 0x10, 0x20, 0x83, 0xE5, 0x0E, 0xF0, 0xA0, 0xE1, 
    0x38, 0x40, 0x2D, 0xE9, 0x00, 0x50, 0xA0, 0xE1, 0x00, 0x40, 0xA0, 0xE3, 0x05, 0x00, 0xA0, 0xE1, 
    0xAB, 0xFF, 0xFF, 0xEB, 0x02, 0x00, 0xA0, 0xE3, 0x8E, 0xFF, 0xFF, 0xEB, 0x00, 0x00, 0x50, 0xE3, 
    0x01, 0x00, 0x00, 0x0A, 0x02, 0x40, 0xA0, 0xE3, 0x12, 0x00, 0x00, 0xEA, 0x03, 0x00, 0xA0, 0xE3, 
    0x88, 0xFF, 0xFF, 0xEB, 0x00, 0x00, 0x50, 0xE3, 0x01, 0x00, 0x00, 0x0A, 0x03, 0x40, 0xA0, 0xE3, 
    0x0C, 0x00, 0x00, 0xEA, 0x13, 0x00, 0xA0, 0xE3, 0x82, 0xFF, 0xFF, 0xEB, 0x00, 0x00, 0x50, 0xE3, 
    0x01, 0x00, 0x00, 0x0A, 0x13, 0x40, 0xA0, 0xE3, 0x06, 0x00, 0x00, 0xEA, 0x14, 0x00, 0xA0, 0xE3, 
    0x7C, 0xFF, 0xFF, 0xEB, 0x00, 0x00, 0x50, 0xE3, 0x01, 0x00, 0x00, 0x0A, 0x14, 0x40, 0xA0, 0xE3, 
    0x00, 0x00, 0x00, 0xEA, 0xFF, 0x40, 0xA0, 0xE3, 0x01, 0x10, 0xA0, 0xE3, 0xFF, 0x00, 0xA0, 0xE3, 
    0x4E, 0xFF, 0xFF, 0xEB, 0x00, 0x10, 0xA0, 0xE3, 0x00, 0x00, 0xA0, 0xE3, 0x4B, 0xFF, 0xFF, 0xEB, 
    0x01, 0x10, 0xA0, 0xE3, 0x04, 0x00, 0xA0, 0xE1, 0x54, 0xFF, 0xFF, 0xEB, 0x84, 0x00, 0xA0, 0xE3, 
    0x3F, 0xFF, 0xFF, 0xEB, 0x00, 0x02, 0x9F, 0xE5, 0xA1, 0x02, 0x00, 0xEB, 0x02, 0x00, 0x50, 0xE3, 
    0x01, 0x00, 0x00, 0x1A, 0x2D, 0xFF, 0xFF, 0xEB, 0x08, 0x00, 0x00, 0xEA, 0x2B, 0xFF, 0xFF, 0xEB, 
    0x00, 0x00, 0x50, 0xE3, 0x05, 0x00, 0x00, 0x0A, 0xDC, 0x01, 0x9F, 0xE5, 0x03, 0xFF, 0xFF, 0xEB, 
    0x01, 0x00, 0x50, 0xE3, 0x01, 0x00, 0x00, 0x0A, 0x00, 0x00, 0xA0, 0xE1, 0xFE, 0xFF, 0xFF, 0xEA, 
    0x38, 0x80, 0xBD, 0xE8, 0xFE, 0x4F, 0x2D, 0xE9, 0xC0, 0x01, 0x9F, 0xE5, 0x08, 0x00, 0x8D, 0xE5, 
    0xBC, 0xA1, 0x9F, 0xE5, 0xBC, 0x71, 0x9F, 0xE5, 0xAC, 0x01, 0x9F, 0xE5, 0x04, 0x00, 0x8D, 0xE5, 
    0x00, 0x40, 0xA0, 0xE3, 0x00, 0x80, 0xA0, 0xE3, 0x08, 0x00, 0x9D, 0xE5, 0x04, 0x00, 0x90, 0xE5, 
    0x00, 0x58, 0xA0, 0xE1, 0x25, 0x58, 0xA0, 0xE1, 0x00, 0x00, 0x9A, 0xE5, 0x20, 0x08, 0xA0, 0xE1, 
    0x00, 0x00, 0x8D, 0xE5, 0x04, 0x00, 0x9D, 0xE5, 0x10, 0xB0, 0x90, 0xE5, 0x80, 0x6F, 0xA0, 0xE3, 
    0x74, 0x91, 0x9F, 0xE5, 0x58, 0x01, 0x9F, 0xE5, 0x10, 0x00, 0x90, 0xE5, 0x01, 0x00, 0xC0, 0xE3, 
    0x4C, 0x11, 0x9F, 0xE5, 0x10, 0x00, 0x81, 0xE5, 0x44, 0x01, 0x9F, 0xE5, 0x2C, 0x00, 0x90, 0xE5, 
    0xF0, 0x06, 0xC0, 0xE3, 0xFF, 0x08, 0xC0, 0xE3, 0xF0, 0x1C, 0xC5, 0xE3, 0x01, 0x08, 0x80, 0xE1, 
    0x2C, 0x11, 0x9F, 0xE5, 0x2C, 0x00, 0x81, 0xE5, 0x24, 0x01, 0x9F, 0xE5, 0x30, 0x00, 0x90, 0xE5, 
    0x20, 0x06, 0xA0, 0xE1, 0x00, 0x06, 0xA0, 0xE1, 0xF0, 0x1C, 0xC5, 0xE3, 0x01, 0x00, 0x80, 0xE1, 
    0x0C, 0x11, 0x9F, 0xE5, 0x30, 0x00, 0x81, 0xE5, 0x04, 0x01, 0x9F, 0xE5, 0x38, 0x00, 0x90, 0xE5, 
    0x20, 0x06, 0xA0, 0xE1, 0x00, 0x06, 0xA0, 0xE1, 0x04, 0x10, 0x85, 0xE2, 0x7C, 0x1B, 0xC1, 0xE3, 
    0x01, 0x00, 0x80, 0xE1, 0xE8, 0x10, 0x9F, 0xE5, 0x38, 0x00, 0x81, 0xE5, 0xE0, 0x00, 0x9F, 0xE5, 
    0x10, 0x00, 0x90, 0xE5, 0x01, 0x00, 0x80, 0xE3, 0xD4, 0x10, 0x9F, 0xE5, 0x10, 0x00, 0x81, 0xE5, 
    0x00, 0x00, 0xA0, 0xE1, 0x06, 0x00, 0x5B, 0xE1, 0x30, 0x00, 0x00, 0x9A, 0xD8, 0x00, 0x9F, 0xE5, 
    0x06, 0x90, 0x80, 0xE0, 0x00, 0x40, 0xA0, 0xE3, 0x00, 0x00, 0x9D, 0xE5, 0x00, 0x00, 0x54, 0xE1, 
    0x28, 0x00, 0x00, 0x2A, 0x02, 0x00, 0x00, 0xEA, 0x01, 0x00, 0x84, 0xE2, 0x40, 0x4B, 0xC0, 0xE3, 
    0xF8, 0xFF, 0xFF, 0xEA, 0x00, 0x00, 0x9A, 0xE5, 0x00, 0x08, 0xA0, 0xE1, 0x20, 0x08, 0xA0, 0xE1, 
    0x04, 0x00, 0x50, 0xE1, 0x04, 0x00, 0x00, 0x1A, 0x01, 0x00, 0x88, 0xE2, 0x40, 0x8B, 0xC0, 0xE3, 
    0x7C, 0x00, 0x9F, 0xE5, 0x14, 0x80, 0x80, 0xE5, 0xA5, 0xFE, 0xFF, 0xEB, 0x04, 0x01, 0x97, 0xE7, 
    0x6C, 0x10, 0x9F, 0xE5, 0x14, 0x00, 0x81, 0xE5, 0x04, 0x01, 0x97, 0xE7, 0x40, 0x06, 0x10, 0xE3, 
    0x0E, 0x00, 0x00, 0x0A, 0x09, 0x00, 0xA0, 0xE1, 0x3D, 0x02, 0x00, 0xEB, 0x02, 0x00, 0x50, 0xE3, 
    0x01, 0x00, 0x00, 0x1A, 0xC9, 0xFE, 0xFF, 0xEB, 0x0D, 0x00, 0x00, 0xEA, 0xC7, 0xFE, 0xFF, 0xEB, 
    0x00, 0x00, 0x50, 0xE3, 0x0A, 0x00, 0x00, 0x0A, 0x09, 0x00, 0xA0, 0xE1, 0x9F, 0xFE, 0xFF, 0xEB, 
    0x01, 0x00, 0x50, 0xE3, 0x06, 0x00, 0x00, 0x0A, 0x00, 0x00, 0xA0, 0xE1, 0xFE, 0xFF, 0xFF, 0xEA, 
    0x04, 0x01, 0x97, 0xE7, 0xC1, 0x14, 0xA0, 0xE3, 0x00, 0x00, 0xD1, 0xE1, 0x00, 0x00, 0x00, 0x0A, 
    0x8B, 0xFE, 0xFF, 0xEB, 0xD7, 0xFF, 0xFF, 0xEA, 0x05, 0x60, 0x86, 0xE0, 0xCC, 0xFF, 0xFF, 0xEA, 
    0xFE, 0x8F, 0xBD, 0xE8, 0x00, 0x00, 0x20, 0xF7, 0x00, 0x04, 0x00, 0x04, 0x54, 0x01, 0x30, 0xF4, 
    0x01, 0xA0, 0x00, 0x00, 0x00, 0x00, 0x00, 0xA0, 0x80, 0x80, 0x60, 0x60, 0x00, 0x30, 0x03, 0x00, 
    0x40, 0x30, 0x03, 0x00, 0x54, 0x30, 0x03, 0x00, 0x58, 0x30, 0x03, 0x00, 0x00, 0x20, 0xA0, 0xE1, 
    0x00, 0x00, 0x92, 0xE5, 0x41, 0x3C, 0xA0, 0xE3, 0x00, 0x30, 0x82, 0xE5, 0x0E, 0xF0, 0xA0, 0xE1, 
    0x00, 0x10, 0xA0, 0xE1, 0x00, 0x00, 0x91, 0xE5, 0x80, 0x2F, 0x00, 0xE2, 0x00, 0x00, 0x52, 0xE3, 
    0x01, 0x00, 0x00, 0x0A, 0x01, 0x00, 0xA0, 0xE3, 0x0E, 0xF0, 0xA0, 0xE1, 0x00, 0x00, 0xA0, 0xE3, 
    0xFC, 0xFF, 0xFF, 0xEA, 0x0E, 0xF0, 0xA0, 0xE1, 0x0E, 0xF0, 0xA0, 0xE1, 0x70, 0x40, 0x2D, 0xE9, 
    0x01, 0x40, 0xA0, 0xE1, 0x00, 0x50, 0xA0, 0xE1, 0x00, 0x60, 0xA0, 0xE3, 0xA2, 0xCF, 0x93, 0xE1, 
    0x11, 0x00, 0x00, 0x1A, 0x02, 0x00, 0x12, 0xE1, 0xC9, 0x00, 0x00, 0x0A, 0xA2, 0xC7, 0xB0, 0xE1, 
    0x10, 0x60, 0x86, 0x02, 0x12, 0xC6, 0xA0, 0xE1, 0xAC, 0xEB, 0xB0, 0xE1, 0x0C, 0xC4, 0xA0, 0x01, 
    0x08, 0x60, 0x86, 0x02, 0xAC, 0xED, 0xB0, 0xE1, 0x0C, 0xC2, 0xA0, 0x01, 0x04, 0x60, 0x86, 0x02, 
    0xAC, 0xEE, 0xB0, 0xE1, 0x0C, 0xC1, 0xA0, 0x01, 0x02, 0x60, 0x86, 0x02, 0x2C, 0xEF, 0xB0, 0xE1, 
    0x8C, 0xC0, 0xA0, 0x01, 0x01, 0x60, 0x86, 0x02, 0x17, 0x00, 0x00, 0xEA, 0x80, 0x04, 0x13, 0xE3, 
    0x12, 0x00, 0x00, 0x1A, 0xA3, 0xC7, 0xB0, 0xE1, 0x10, 0x60, 0x86, 0x02, 0x13, 0xC6, 0xA0, 0xE1, 
    0xAC, 0xEB, 0xB0, 0xE1, 0x0C, 0xC4, 0xA0, 0x01, 0x08, 0x60, 0x86, 0x02, 0xAC, 0xED, 0xB0, 0xE1, 
    0x0C, 0xC2, 0xA0, 0x01, 0x04, 0x60, 0x86, 0x02, 0xAC, 0xEE, 0xB0, 0xE1, 0x0C, 0xC1, 0xA0, 0x01, 
    0x02, 0x60, 0x86, 0x02, 0x2C, 0xEF, 0xB0, 0xE1, 0x8C, 0xC0, 0xA0, 0x01, 0x01, 0x60, 0x86, 0x02, 
    0x20, 0x30, 0x66, 0xE2, 0x32, 0xC3, 0x8C, 0xE1, 0x12, 0xE6, 0xA0, 0xE1, 0x4B, 0x00, 0x00, 0xEA, 
    0x03, 0xC0, 0xA0, 0xE1, 0x02, 0xE0, 0xA0, 0xE1, 0x9A, 0x00, 0x00, 0xEA, 0x00, 0x30, 0xA0, 0xE3, 
    0x8C, 0x00, 0x54, 0xE1, 0x8C, 0x40, 0x44, 0x20, 0x02, 0x30, 0x83, 0x22, 0x0C, 0x00, 0x54, 0xE1, 
    0x0C, 0x40, 0x44, 0x20, 0x00, 0x30, 0xB3, 0xE2, 0x00, 0xC0, 0x6C, 0xE2, 0x20, 0x20, 0x86, 0xE2, 
    0x20, 0x00, 0x52, 0xE3, 0x03, 0x00, 0x00, 0x3A, 0x25, 0x0F, 0x94, 0xE1, 0x05, 0x40, 0xA0, 0x01, 
    0x00, 0x50, 0xA0, 0x03, 0x20, 0x20, 0x42, 0x02, 0x00, 0x10, 0xA0, 0xE3, 0x10, 0x00, 0x52, 0xE3, 
    0x02, 0x00, 0x00, 0x3A, 0x24, 0x07, 0xB0, 0xE1, 0x04, 0x48, 0xA0, 0x01, 0x10, 0x10, 0x81, 0x02, 
    0x01, 0xE0, 0x42, 0xE0, 0x08, 0x00, 0x5E, 0xE3, 0x02, 0x00, 0x00, 0x3A, 0x24, 0x0B, 0xB0, 0xE1, 
    0x04, 0x44, 0xA0, 0x01, 0x08, 0x10, 0x81, 0x02, 0x20, 0x00, 0x61, 0xE2, 0x35, 0x40, 0x84, 0xE1, 
    0x15, 0x51, 0xA0, 0xE1, 0x01, 0x20, 0x42, 0xE0, 0x01, 0x00, 0x52, 0xE3, 0x20, 0x00, 0x00, 0x3A, 
    0x01, 0x20, 0x42, 0xE2, 0x07, 0x00, 0x02, 0xE2, 0x07, 0x00, 0x20, 0xE2, 0x80, 0x00, 0x90, 0xE0, 
    0x00, 0xF1, 0x8F, 0xE0, 0x00, 0x00, 0xA0, 0xE1, 0x05, 0x50, 0xB5, 0xE0, 0x84, 0x40, 0xBC, 0xE0, 
    0x04, 0x40, 0x6C, 0x30, 0x05, 0x50, 0xB5, 0xE0, 0x84, 0x40, 0xBC, 0xE0, 0x04, 0x40, 0x6C, 0x30, 
    0x05, 0x50, 0xB5, 0xE0, 0x84, 0x40, 0xBC, 0xE0, 0x04, 0x40, 0x6C, 0x30, 0x05, 0x50, 0xB5, 0xE0, 
    0x84, 0x40, 0xBC, 0xE0, 0x04, 0x40, 0x6C, 0x30, 0x05, 0x50, 0xB5, 0xE0, 0x84, 0x40, 0xBC, 0xE0, 
    0x04, 0x40, 0x6C, 0x30, 0x05, 0x50, 0xB5, 0xE0, 0x84, 0x40, 0xBC, 0xE0, 0x04, 0x40, 0x6C, 0x30, 
    0x05, 0x50, 0xB5, 0xE0, 0x84, 0x40, 0xBC, 0xE0, 0x04, 0x40, 0x6C, 0x30, 0x05, 0x50, 0xB5, 0xE0, 
    0x84, 0x40, 0xBC, 0xE0, 0x04, 0x40, 0x6C, 0x30, 0x08, 0x20, 0x42, 0xE2, 0x02, 0x00, 0x12, 0xE1, 
    0xE4, 0xFF, 0xFF, 0x5A, 0x34, 0x26, 0xA0, 0xE1, 0x12, 0x46, 0xC4, 0xE1, 0x05, 0x00, 0xB5, 0xE0, 
    0x04, 0x10, 0xA4, 0xE0, 0x13, 0x16, 0x81, 0xE0, 0x00, 0x30, 0xA0, 0xE3, 0x70, 0x80, 0xBD, 0xE8, 
    0x00, 0x30, 0xA0, 0xE3, 0x0E, 0x00, 0x55, 0xE0, 0x0C, 0x10, 0xD4, 0xE0, 0x00, 0x50, 0xA0, 0x21, 
    0x01, 0x40, 0xA0, 0x21, 0x00, 0x30, 0xB3, 0xE2, 0x0E, 0x00, 0x55, 0xE0, 0x0C, 0x10, 0xD4, 0xE0, 
    0x00, 0x50, 0xA0, 0x21, 0x01, 0x40, 0xA0, 0x21, 0x00, 0x30, 0xB3, 0xE2, 0x0E, 0x00, 0x55, 0xE0, 
    0x0C, 0x10, 0xD4, 0xE0, 0x00, 0x50, 0xA0, 0x21, 0x01, 0x40, 0xA0, 0x21, 0x00, 0x30, 0xB3, 0xE2, 
    0x00, 0xE0, 0x7E, 0xE2, 0x00, 0xC0, 0xEC, 0xE2, 0x00, 0x10, 0xA0, 0xE3, 0x10, 0x00, 0x56, 0xE3, 
    0x02, 0x00, 0x00, 0x3A, 0x24, 0x07, 0xB0, 0xE1, 0x04, 0x48, 0xA0, 0x01, 0x10, 0x10, 0x81, 0x02, 
    0x01, 0x20, 0x46, 0xE0, 0x08, 0x00, 0x52, 0xE3, 0x02, 0x00, 0x00, 0x3A, 0x24, 0x0B, 0xB0, 0xE1, 
    0x04, 0x44, 0xA0, 0x01, 0x08, 0x10, 0x81, 0x02, 0x20, 0x00, 0x61, 0xE2, 0x35, 0x40, 0x84, 0xE1, 
    0x15, 0x51, 0xA0, 0xE1, 0x01, 0x20, 0x46, 0xE0, 0x01, 0x00, 0x52, 0xE3, 0x20, 0x00, 0x00, 0x3A, 
    0x01, 0x20, 0x42, 0xE2, 0x03, 0x00, 0x02, 0xE2, 0x03, 0x00, 0x60, 0xE2, 0x80, 0x00, 0x90, 0xE0, 
    0x80, 0xF1, 0x8F, 0xE0, 0x00, 0x00, 0xA0, 0xE1, 0x05, 0x50, 0xB5, 0xE0, 0x04, 0x40, 0xB4, 0xE0, 
    0x05, 0x00, 0xBE, 0xE0, 0x04, 0x10, 0xBC, 0xE0, 0x00, 0x50, 0xA0, 0x21, 0x01, 0x40, 0xA0, 0x21, 
    0x05, 0x50, 0xB5, 0xE0, 0x04, 0x40, 0xB4, 0xE0, 0x05, 0x00, 0xBE, 0xE0, 0x04, 0x10, 0xBC, 0xE0, 
    0x00, 0x50, 0xA0, 0x21, 0x01, 0x40, 0xA0, 0x21, 0x05, 0x50, 0xB5, 0xE0, 0x04, 0x40, 0xB4, 0xE0, 
    0x05, 0x00, 0xBE, 0xE0, 0x04, 0x10, 0xBC, 0xE0, 0x00, 0x50, 0xA0, 0x21, 0x01, 0x40, 0xA0, 0x21, 
    0x05, 0x50, 0xB5, 0xE0, 0x04, 0x40, 0xB4, 0xE0, 0x05, 0x00, 0xBE, 0xE0, 0x04, 0x10, 0xBC, 0xE0, 
    0x00, 0x50, 0xA0, 0x21, 0x01, 0x40, 0xA0, 0x21, 0x04, 0x20, 0x42, 0xE2, 0x02, 0x00, 0x12, 0xE1, 
    0xE4, 0xFF, 0xFF, 0x5A, 0x35, 0x26, 0xA0, 0xE1, 0x12, 0x56, 0xC5, 0xE1, 0x00, 0x10, 0xA0, 0xE3, 
    0x05, 0x00, 0xB5, 0xE0, 0x00, 0x10, 0xA1, 0xE2, 0x13, 0xE6, 0xB0, 0xE1, 0x00, 0x10, 0xA1, 0xE2, 
    0x0E, 0x00, 0x90, 0xE0, 0x00, 0x10, 0xA1, 0xE2, 0x34, 0x36, 0xA0, 0xE1, 0x13, 0x46, 0xC4, 0xE1, 
    0x74, 0x26, 0x82, 0xE1, 0x70, 0x80, 0xBD, 0xE8, 0x0E, 0x20, 0x55, 0xE0, 0x0C, 0x30, 0xD4, 0xE0, 
    0x05, 0x20, 0xA0, 0x31, 0x04, 0x30, 0xA0, 0x31, 0x00, 0x10, 0xA0, 0xE3, 0x01, 0x00, 0xA1, 0xE0, 
    0x70, 0x80, 0xBD, 0xE8, 0x70, 0x40, 0xBD, 0xE8, 0x1F, 0x00, 0x00, 0xEA, 0x00, 0x20, 0xA0, 0xE3, 
    0x00, 0x40, 0x2D, 0xE9, 0x02, 0x30, 0xA0, 0xE1, 0x02, 0xC0, 0xA0, 0xE1, 0x02, 0xE0, 0xA0, 0xE1, 
    0x20, 0x10, 0x51, 0xE2, 0x0C, 0x50, 0xA0, 0x28, 0x0C, 0x50, 0xA0, 0x28, 0x20, 0x10, 0x51, 0x22, 
    0xFB, 0xFF, 0xFF, 0x2A, 0x01, 0x1E, 0xB0, 0xE1, 0x0C, 0x50, 0xA0, 0x28, 0x0C, 0x00, 0xA0, 0x48, 
    0x00, 0x40, 0xBD, 0xE8, 0x01, 0x11, 0xB0, 0xE1, 0x04, 0x20, 0x80, 0x24, 0x0E, 0xF0, 0xA0, 0x01, 
    0x01, 0x20, 0xC0, 0x44, 0x01, 0x20, 0xC0, 0x44, 0x40, 0x04, 0x11, 0xE3, 0x01, 0x20, 0xC0, 0x14, 
    0x0E, 0xF0, 0xA0, 0xE1, 0x56, 0x00, 0x00, 0xEB, 0x10, 0x00, 0x00, 0xEB, 0x92, 0xED, 0xFF, 0xEB, 
    0x08, 0x00, 0x00, 0xEA, 0x01, 0x40, 0x2D, 0xE9, 0x45, 0x00, 0x00, 0xEB, 0x01, 0x40, 0xBD, 0xE8, 
    0x00, 0x00, 0x00, 0xEA, 0x00, 0x00, 0xE0, 0xE3, 0x8C, 0x00, 0x00, 0xEA, 0x02, 0x00, 0xA0, 0xE3, 
    0x02, 0x10, 0xA0, 0xE3, 0x44, 0x00, 0x00, 0xEA, 0x10, 0x40, 0x2D, 0xE9, 0x00, 0x40, 0xA0, 0xE1, 
    0xFF, 0xFF, 0xFF, 0xEB, 0x04, 0x00, 0xA0, 0xE1, 0x10, 0x40, 0xBD, 0xE8, 0xF0, 0xFF, 0xFF, 0xEA, 
    0xF0, 0x40, 0x2D, 0xE9, 0x0C, 0xD0, 0x4D, 0xE2, 0x01, 0x50, 0xA0, 0xE1, 0x00, 0x40, 0xA0, 0xE1, 
    0x0D, 0x01, 0x00, 0xEB, 0x00, 0x00, 0xA0, 0xE3, 0x00, 0x40, 0x8D, 0xE5, 0x04, 0x50, 0x8D, 0xE5, 
    0xFF, 0xFF, 0xFF, 0xEB, 0x08, 0x00, 0x8D, 0xE5, 0xC8, 0x00, 0x9F, 0xE5, 0x0D, 0x10, 0xA0, 0xE1, 
    0x00, 0x00, 0x8F, 0xE0, 0xFF, 0xFF, 0xFF, 0xEB, 0x00, 0x50, 0xA0, 0xE1, 0x01, 0x60, 0xA0, 0xE1, 
    0x03, 0x00, 0x9D, 0xE8, 0xFF, 0xFF, 0xFF, 0xEB, 0xFF, 0xFF, 0xFF, 0xEB, 0xFF, 0xFF, 0xFF, 0xEB, 
    0x00, 0x10, 0xA0, 0xE3, 0x00, 0x00, 0xA0, 0xE3, 0xFF, 0xFF, 0xFF, 0xEB, 0x00, 0x70, 0xA0, 0xE1, 
    0x89, 0x00, 0x00, 0xEB, 0x00, 0x40, 0xA0, 0xE1, 0x20, 0x70, 0x80, 0xE5, 0x00, 0x00, 0xA0, 0xE3, 
    0x00, 0x10, 0xA0, 0xE3, 0xFF, 0xFF, 0xFF, 0xEB, 0x01, 0x10, 0x80, 0xE2, 0x24, 0x10, 0x84, 0xE5, 
    0x00, 0x10, 0xA0, 0xE3, 0x00, 0x00, 0xA0, 0xE3, 0xFF, 0xFF, 0xFF, 0xEB, 0x28, 0x00, 0x84, 0xE5, 
    0x00, 0x00, 0xA0, 0xE3, 0x00, 0x10, 0xA0, 0xE3, 0xFF, 0xFF, 0xFF, 0xEB, 0x2C, 0x00, 0x84, 0xE5, 
    0x00, 0x00, 0xA0, 0xE3, 0x00, 0x10, 0xA0, 0xE3, 0xFF, 0xFF, 0xFF, 0xEB, 0x30, 0x00, 0x84, 0xE5, 
    0xFF, 0xFF, 0xFF, 0xEB, 0xFF, 0xFF, 0xFF, 0xEB, 0xFF, 0xFF, 0xFF, 0xEB, 0xFF, 0xFF, 0xFF, 0xEB, 
    0xFF, 0xFF, 0xFF, 0xEB, 0xFF, 0xFF, 0xFF, 0xEB, 0xFF, 0xFF, 0xFF, 0xEB, 0xFF, 0xFF, 0xFF, 0xEB, 
    0x05, 0x00, 0xA0, 0xE1, 0x06, 0x10, 0xA0, 0xE1, 0x0C, 0xD0, 0x8D, 0xE2, 0xF0, 0x00, 0xBD, 0xE8, 
    0x04, 0xF0, 0x9D, 0xE4, 0x08, 0x40, 0x2D, 0xE9, 0xFF, 0xFF, 0xFF, 0xEB, 0xFF, 0xFF, 0xFF, 0xEB, 
    0xFF, 0xFF, 0xFF, 0xEB, 0x08, 0x80, 0xBD, 0xE8, 0xC0, 0x00, 0x00, 0x00, 0x10, 0x40, 0x2D, 0xE9, 
    0x48, 0x00, 0x00, 0xEB, 0x00, 0x00, 0x50, 0xE3, 0x10, 0x80, 0xBD, 0x08, 0x10, 0x40, 0xBD, 0xE8, 
    0x3E, 0x00, 0x00, 0xEA, 0x0E, 0x50, 0xA0, 0xE1, 0x5B, 0x00, 0x00, 0xEB, 0x05, 0xE0, 0xA0, 0xE1, 
    0x00, 0x40, 0xA0, 0xE1, 0x0D, 0x10, 0xA0, 0xE1, 0x0A, 0x30, 0xA0, 0xE1, 0x07, 0x00, 0xC0, 0xE3, 
    0x60, 0xD0, 0x80, 0xE2, 0x10, 0x40, 0x2D, 0xE9, 0x08, 0xEE, 0xFF, 0xEB, 0x10, 0x40, 0xBD, 0xE8, 
    0x07, 0xD0, 0xC1, 0xE3, 0x00, 0x60, 0xA0, 0xE3, 0x00, 0x70, 0xA0, 0xE3, 0x00, 0x80, 0xA0, 0xE3, 
    0x00, 0xB0, 0xA0, 0xE3, 0x04, 0xC0, 0xA0, 0xE1, 0xC0, 0x09, 0xAC, 0xE8, 0xC0, 0x09, 0xAC, 0xE8, 
    0xC0, 0x09, 0xAC, 0xE8, 0xC0, 0x09, 0xAC, 0xE8, 0x13, 0x40, 0x2D, 0xE9, 0x00, 0x00, 0xA0, 0xE3, 
    0x00, 0x10, 0xA0, 0xE3, 0xFF, 0xFF, 0xFF, 0xEB, 0x40, 0x10, 0x81, 0xE2, 0x01, 0x20, 0x80, 0xE0, 
    0x44, 0x2F, 0x82, 0xE2, 0x1C, 0x20, 0x84, 0xE5, 0x18, 0x10, 0x84, 0xE5, 0x01, 0x00, 0xA0, 0xE3, 
    0x10, 0x00, 0x84, 0xE5, 0x13, 0x40, 0xBD, 0xE8, 0x14, 0x00, 0x84, 0xE5, 0x00, 0x10, 0xA0, 0xE1, 
    0x0E, 0xF0, 0xA0, 0xE1, 0x10, 0x40, 0x2D, 0xE9, 0x03, 0x00, 0x2D, 0xE9, 0x36, 0x00, 0x00, 0xEB, 
    0x00, 0x40, 0xA0, 0xE1, 0x03, 0x00, 0xBD, 0xE8, 0x1C, 0x30, 0x94, 0xE5, 0x03, 0x30, 0x4D, 0xE0, 
    0x14, 0x20, 0x94, 0xE5, 0x00, 0x20, 0x81, 0xE5, 0x00, 0xE0, 0x82, 0xE0, 0x03, 0x00, 0x5E, 0xE1, 
    0x0A, 0x00, 0x00, 0x8A, 0x0E, 0x30, 0x93, 0xE0, 0x63, 0x30, 0xA0, 0xE1, 0x07, 0x30, 0xC3, 0xE3, 
    0x40, 0x1D, 0x8E, 0xE2, 0x07, 0x10, 0x81, 0xE2, 0x07, 0x10, 0xC1, 0xE3, 0x03, 0x00, 0x51, 0xE1, 
    0x03, 0x10, 0xA0, 0x81, 0x02, 0x00, 0x41, 0xE0, 0x14, 0x10, 0x84, 0xE5, 0x10, 0x80, 0xBD, 0xE8, 
    0x00, 0x20, 0xA0, 0xE1, 0x00, 0x00, 0xA0, 0xE3, 0xFF, 0xFF, 0xFF, 0xEB, 0x10, 0x80, 0xBD, 0xE8, 
    0x18, 0x00, 0xA0, 0xE3, 0x08, 0x10, 0x9F, 0xE5, 0x56, 0x34, 0x12, 0xEF, 0x0E, 0xF0, 0xA0, 0xE1, 
    0x78, 0x00, 0x00, 0x00, 0x26, 0x00, 0x02, 0x00, 0x70, 0x40, 0x2D, 0xE9, 0x50, 0x60, 0x9F, 0xE5, 
    0x01, 0x50, 0xA0, 0xE1, 0x00, 0x10, 0xA0, 0xE1, 0x00, 0x40, 0xA0, 0xE1, 0x06, 0x60, 0x8F, 0xE0, 
    0x06, 0x00, 0xA0, 0xE1, 0xFF, 0xFF, 0xFF, 0xEB, 0x06, 0x00, 0x50, 0xE1, 0x00, 0x20, 0xA0, 0xE1, 
    0x04, 0x00, 0xA0, 0x01, 0x05, 0x10, 0xA0, 0x01, 0x70, 0x40, 0xBD, 0x08, 0x0E, 0x00, 0x00, 0x0A, 
    0x20, 0x00, 0x9F, 0xE5, 0x00, 0x00, 0x8F, 0xE0, 0x00, 0x00, 0x52, 0xE1, 0x05, 0x10, 0xA0, 0x11, 
    0x04, 0x00, 0xA0, 0x11, 0x0F, 0xE0, 0xA0, 0x11, 0x02, 0xF0, 0xA0, 0x11, 0x00, 0x00, 0xA0, 0xE3, 
    0x70, 0x80, 0xBD, 0xE8, 0x9B, 0xB2, 0xBF, 0xFF, 0x71, 0xB2, 0xBF, 0xFF, 0x00, 0x00, 0x9F, 0xE5, 
    0x0E, 0xF0, 0xA0, 0xE1, 0x24, 0x04, 0x02, 0x00, 0x0E, 0xF0, 0xA0, 0xE1, 0x38, 0x40, 0x2D, 0xE9, 
    0x01, 0x20, 0x40, 0xE2, 0x0D, 0x00, 0x52, 0xE3, 0xD4, 0x50, 0x8F, 0x22, 0xCC, 0x40, 0x8F, 0xE2, 
    0x1C, 0x00, 0x00, 0x2A, 0xD8, 0x30, 0x9F, 0xE5, 0x80, 0x21, 0x60, 0xE0, 0x00, 0x22, 0x82, 0xE0, 
    0x03, 0x30, 0x8F, 0xE0, 0x03, 0x20, 0x82, 0xE0, 0x17, 0x50, 0x42, 0xE2, 0x02, 0x00, 0x50, 0xE3, 
    0x0E, 0x00, 0x00, 0x1A, 0x40, 0x06, 0x11, 0xE3, 0xB8, 0x40, 0x8F, 0x12, 0x11, 0x00, 0x00, 0x1A, 
    0x82, 0x03, 0x11, 0xE3, 0xC0, 0x40, 0x8F, 0x12, 0x0E, 0x00, 0x00, 0x1A, 0x40, 0x05, 0x11, 0xE3, 
    0xC4, 0x40, 0x8F, 0x12, 0x0B, 0x00, 0x00, 0x1A, 0x80, 0x05, 0x11, 0xE3, 0xC4, 0x40, 0x8F, 0x12, 
    0x08, 0x00, 0x00, 0x1A, 0x40, 0x04, 0x11, 0xE3, 0xC4, 0x40, 0x8F, 0x12, 0x05, 0x00, 0x00, 0xEA, 
    0x08, 0x00, 0x50, 0xE3, 0x01, 0x40, 0xA0, 0x01, 0x02, 0x00, 0x00, 0x0A, 0x09, 0x00, 0x50, 0xE3, 
    0x01, 0x00, 0x51, 0x03, 0xB8, 0x50, 0x8F, 0x02, 0x0A, 0x00, 0xA0, 0xE3, 0x36, 0x00, 0x00, 0xEB, 
    0x00, 0x00, 0xD5, 0xE5, 0x00, 0x00, 0x50, 0xE3, 0x04, 0x00, 0x00, 0x0A, 0x01, 0x00, 0xD5, 0xE4, 
    0x31, 0x00, 0x00, 0xEB, 0x00, 0x00, 0xD5, 0xE5, 0x00, 0x00, 0x50, 0xE3, 0xFA, 0xFF, 0xFF, 0x1A, 
    0x00, 0x00, 0xD4, 0xE5, 0x00, 0x00, 0x50, 0xE3, 0x04, 0x00, 0x00, 0x0A, 0x01, 0x00, 0xD4, 0xE4, 
    0x29, 0x00, 0x00, 0xEB, 0x00, 0x00, 0xD4, 0xE5, 0x00, 0x00, 0x50, 0xE3, 0xFA, 0xFF, 0xFF, 0x1A, 
    0x0A, 0x00, 0xA0, 0xE3, 0x24, 0x00, 0x00, 0xEB, 0x01, 0x00, 0xA0, 0xE3, 0x38, 0x80, 0xBD, 0xE8, 
    0x00, 0x00, 0x00, 0x00, 0x55, 0x6E, 0x6B, 0x6E, 0x6F, 0x77, 0x6E, 0x20, 0x73, 0x69, 0x67, 0x6E, 
    0x61, 0x6C, 0x00, 0x00, 0x40, 0x04, 0x00, 0x00, 0x49, 0x6E, 0x76, 0x61, 0x6C, 0x69, 0x64, 0x20, 
    0x4F, 0x70, 0x65, 0x72, 0x61, 0x74, 0x69, 0x6F, 0x6E, 0x00, 0x00, 0x00, 0x44, 0x69, 0x76, 0x69, 
    0x64, 0x65, 0x20, 0x42, 0x79, 0x20, 0x5A, 0x65, 0x72, 0x6F, 0x00, 0x00, 0x4F, 0x76, 0x65, 0x72, 
    0x66, 0x6C, 0x6F, 0x77, 0x00, 0x00, 0x00, 0x00, 0x55, 0x6E, 0x64, 0x65, 0x72, 0x66, 0x6C, 0x6F, 
    0x77, 0x00, 0x00, 0x00, 0x49, 0x6E, 0x65, 0x78, 0x61, 0x63, 0x74, 0x20, 0x52, 0x65, 0x73, 0x75, 
    0x6C, 0x74, 0x00, 0x00, 0x3A, 0x20, 0x48, 0x65, 0x61, 0x70, 0x20, 0x6D, 0x65, 0x6D, 0x6F, 0x72, 
    0x79, 0x20, 0x63, 0x6F, 0x72, 0x72, 0x75, 0x70, 0x74, 0x65, 0x64, 0x00, 0x10, 0x40, 0x2D, 0xE9, 
    0xA1, 0xFF, 0xFF, 0xEB, 0x04, 0x00, 0x80, 0xE2, 0x10, 0x80, 0xBD, 0xE8, 0x08, 0x40, 0x2D, 0xE9, 
    0x00, 0x00, 0xCD, 0xE5, 0x03, 0x00, 0xA0, 0xE3, 0x0D, 0x10, 0xA0, 0xE1, 0x56, 0x34, 0x12, 0xEF, 
    0x08, 0x80, 0xBD, 0xE8, 0x04, 0xF0, 0x1F, 0xE5, 0xD8, 0x05, 0x00, 0x30, 0x04, 0xF0, 0x1F, 0xE5, 
    0x94, 0x07, 0x00, 0x30, 0x04, 0xF0, 0x1F, 0xE5, 0x20, 0x1A, 0x00, 0x30, 0x04, 0xF0, 0x1F, 0xE5, 
    0xE8, 0x1A, 0x00, 0x30, 0x04, 0xF0, 0x1F, 0xE5, 0x5C, 0x1D, 0x00, 0x30, 0x10, 0x40, 0x2D, 0xE9, 
    0xE9, 0xFF, 0xFF, 0xEB, 0x00, 0x10, 0xA0, 0xE3, 0x00, 0x10, 0x80, 0xE5, 0x10, 0x80, 0xBD, 0xE8, 
    0x27, 0x05, 0xFC, 0x37, 0x0A, 0xF1, 0x83, 0x5F, 0xB2, 0xCF, 0x74, 0x08, 0xB1, 0x43, 0xF3, 0x0B, 
    0x3C, 0x37, 0x35, 0xA7, 0x0C, 0x2A, 0x97, 0xFA, 0x68, 0x51, 0x37, 0xFF, 0x50, 0xD2, 0x76, 0x14, 
    0x1D, 0x1E, 0xDC, 0xFD, 0xBE, 0x55, 0xF3, 0xF6, 0x94, 0x36, 0x67, 0xA5, 0xC0, 0xFE, 0x85, 0x29, 
    0x5A, 0xE7, 0xA1, 0x10, 0x38, 0xBD, 0x88, 0xED, 0xC1, 0xF0, 0x70, 0xA9, 0x84, 0x6F, 0xAD, 0x3A, 
    0x72, 0xE9, 0x90, 0x1F, 0x75, 0x7F, 0x82, 0xA6, 0x30, 0xEB, 0xDC, 0xFE, 0x2F, 0xF2, 0xB9, 0x5E, 
    0x17, 0xBF, 0x4B, 0xF3, 0xBA, 0x9C, 0x0E, 0x7A, 0x25, 0xC9, 0x62, 0x55, 0x99, 0x84, 0x73, 0x16, 
    0xB1, 0x22, 0x5F, 0xD2, 0xFC, 0x9B, 0xCE, 0x44, 0xB7, 0x55, 0x2D, 0xC5, 0x83, 0xD5, 0x14, 0x53, 
    0x26, 0xC0, 0x18, 0x8F, 0x20, 0xE2, 0x47, 0xC1, 0xC4, 0x98, 0xED, 0x26, 0xDF, 0x60, 0x1F, 0xF4, 
    0x62, 0xCD, 0x29, 0x9E, 0xBC, 0x9C, 0xCF, 0x74, 0x13, 0x6A, 0x82, 0xE3, 0xEF, 0x35, 0x00, 0x75, 
    0xD2, 0xB4, 0x9B, 0x78, 0xCB, 0xED, 0x10, 0x26, 0x1D, 0x18, 0x56, 0x44, 0x1B, 0xDD, 0x6D, 0xA4, 
    0x04, 0x26, 0x0B, 0xEE, 0xF3, 0xA5, 0x7C, 0x95, 0x5E, 0x3C, 0xF7, 0x1D, 0xA9, 0x01, 0x5B, 0x4B, 
    0xC1, 0x4E, 0x54, 0x41, 0x4A, 0x02, 0xCE, 0xCE, 0xC8, 0x0D, 0x71, 0x0E, 0xC7, 0x2F, 0xE0, 0xD3, 
    0xC7, 0x44, 0x03, 0x34, 0x78, 0x28, 0xCB, 0x0E, 0xC0, 0xEA, 0x5D, 0x11, 0x37, 0x87, 0xD1, 0x9F, 
    0xE5, 0xCE, 0xE2, 0x6D, 0x5A, 0xC1, 0xA9, 0x06, 0x46, 0x56, 0x9C, 0xA3, 0xDD, 0x7C, 0xF2, 0xAE, 
    0x31, 0xFB, 0xEF, 0xED, 0x35, 0xD0, 0x3A, 0x78, 0x3F, 0x6C, 0x93, 0xD5, 0xF3, 0x19, 0xD3, 0xE4, 
    0x50, 0xF5, 0xEB, 0xEC, 0x4E, 0x17, 0xC7, 0x54, 0x9D, 0x32, 0xC1, 0xB8, 0xB8, 0x32, 0xEF, 0xCB, 
    0x2F, 0xEE, 0xC2, 0x43, 0x7D, 0x5B, 0x86, 0x39, 0x90, 0xEC, 0xD3, 0x81, 0xC1, 0xCD, 0x40, 0x63, 
    0x05, 0x20, 0x2A, 0x24, 0xD7, 0x6D, 0xD1, 0x1C, 0xD0, 0x3A, 0xBF, 0xFD, 0x63, 0xF2, 0xBB, 0xA2, 
    0x63, 0xF6, 0xE5, 0x0E, 0x6C, 0x94, 0x74, 0xE6, 0xD0, 0x5D, 0x90, 0x15, 0xD9, 0x7E, 0x52, 0x17, 
    0xD8, 0x6E, 0xD3, 0xB0, 0xC7, 0x7E, 0x09, 0xFB, 0xE2, 0xC8, 0x9B, 0x01, 0x68, 0x38, 0xBF, 0xA6, 
    0x46, 0x85, 0xB6, 0xA1, 0x03, 0x73, 0xB5, 0x08, 0x6A, 0xBA, 0xFA, 0x9F, 0xCA, 0x88, 0xBE, 0xC3, 
    0x24, 0xEB, 0x9D, 0x65, 0xAE, 0x96, 0x30, 0xFC, 0x12, 0x74, 0x3F, 0x0D, 0xA6, 0xB4, 0xB7, 0x34, 
    0xDC, 0xD5, 0xF7, 0x2B, 0x60, 0x79, 0xF8, 0xBC, 0xEE, 0xF2, 0x77, 0x26, 0xC3, 0xED, 0x15, 0x9A, 
    0xED, 0x60, 0x55, 0x83, 0x32, 0xE5, 0xC0, 0x6D, 0xBD, 0xD2, 0x5D, 0x0A, 0xB5, 0x42, 0x10, 0x40, 
    0xF9, 0x40, 0x8B, 0xEA, 0xC6, 0x5E, 0xD3, 0xDC, 0x3F, 0x86, 0x9B, 0xCD, 0xD8, 0xC5, 0x0B, 0x2C, 
    0xED, 0x5D, 0xB9, 0x74, 0x67, 0x99, 0x83, 0x91, 0x61, 0x4C, 0x94, 0x69, 0xF3, 0x93, 0x4D, 0x53, 
    0xF4, 0xE8, 0xA5, 0x0D, 0x39, 0xCF, 0xED, 0xE6, 0xFB, 0xE3, 0xB4, 0xA2, 0x1C, 0x91, 0xF3, 0x26, 
    0xBE, 0x50, 0x04, 0x4F, 0xF1, 0xAB, 0x7A, 0x10, 0xDD, 0x87, 0xB6, 0xEA, 0x36, 0x4F, 0x23, 0xD2, 
    0x70, 0x64, 0x57, 0xB2, 0x8A, 0xB1, 0xDB, 0x3A, 0x62, 0x23, 0x47, 0xBE, 0x96, 0xDF, 0xBC, 0x00, 
    0x8B, 0xCE, 0x7E, 0xD3, 0x73, 0x94, 0xCC, 0xEA, 0x92, 0x42, 0x9D, 0xF5, 0xDB, 0xA0, 0xFA, 0x2A, 
    0x3D, 0xD4, 0xD2, 0x07, 0xFF, 0xA6, 0xC5, 0x2B, 0x7F, 0x27, 0xFF, 0x32, 0x7F, 0x1D, 0x8A, 0x99, 
    0xB8, 0x63, 0x38, 0xC0, 0x7F, 0xC7, 0x71, 0xA9, 0xA4, 0x75, 0xC4, 0x38, 0xEC, 0xC5, 0x88, 0x7B, 
    0x00, 0x00, 0x02, 0x00, 0x00, 0x08, 0x00, 0x00, 0x01, 0x08, 0x00, 0x00, 0x02, 0x08, 0x00, 0x00, 
    0x03, 0x08, 0x00, 0x00, 0x00, 0x0A, 0x00, 0x00, 0x01, 0x0A, 0x00, 0x00, 0x02, 0x0A, 0x00, 0x00, 
    0x03, 0x0A, 0x00, 0x00, 0x04, 0x0A, 0x00, 0x00, 0x05, 0x0A, 0x00, 0x00, 0x06, 0x0A, 0x00, 0x00, 
    0x07, 0x0A, 0x00, 0x00, 0xB8, 0x01, 0x30, 0xF4, 0xA0, 0x00, 0x30, 0xF4, 0xA4, 0x00, 0x30, 0xF4, 
    0x00, 0x00, 0x00, 0x00, 0x00, 0x00, 0x00, 0x00, 0x00, 0x00, 0x00, 0x00, 0x00, 0x00, 0x00, 0x00, 
    0x00, 0x00, 0x00, 0x00, 0x00, 0x00, 0x00, 0x00, 0x00, 0x00, 0x00, 0x00, 0x00, 0x00, 0x20, 0xF2, 
    0x12, 0x01, 0x10, 0x01, 0x00, 0x00, 0x00, 0x20, 0x8B, 0x05, 0x15, 0x00, 0x00, 0x01, 0x01, 0x02, 
    0x03, 0x01, 0x09, 0x02, 0x20, 0x00, 0x01, 0x01, 0x00, 0x40, 0x32, 0x09, 0x04, 0x00, 0x00, 0x02, 
    0xFF, 0xFF, 0xFF, 0x00, 0x07, 0x05, 0x81, 0x02, 0x40, 0x00, 0x00, 0x07, 0x05, 0x02, 0x02, 0x40, 
    0x00, 0x00, 0x00, 0x00, 0x00, 0x80, 0x20, 0xF7, 0xFF, 0xFF, 0xFF, 0xFF, 0xFF, 0xFF, 0xFF, 0xFF, 
    0xFF, 0xFF, 0xFF, 0xFF, 0xFF, 0xFF, 0xFF, 0xFF, 0x41, 0x62, 0x6E, 0x6F, 0x72, 0x6D, 0x61, 0x6C, 
    0x20, 0x74, 0x65, 0x72, 0x6D, 0x69, 0x6E, 0x61, 0x74, 0x69, 0x6F, 0x6E, 0x00, 0x00, 0x00, 0x41, 
    0x72, 0x69, 0x74, 0x68, 0x6D, 0x65, 0x74, 0x69, 0x63, 0x20, 0x65, 0x78, 0x63, 0x65, 0x70, 0x74, 
    0x69, 0x6F, 0x6E, 0x3A, 0x20, 0x00, 0x49, 0x6C, 0x6C, 0x65, 0x67, 0x61, 0x6C, 0x20, 0x69, 0x6E, 
    0x73, 0x74, 0x72, 0x75, 0x63, 0x74, 0x69, 0x6F, 0x6E, 0x00, 0x00, 0x00, 0x00, 0x49, 0x6E, 0x74, 
    0x65, 0x72, 0x72, 0x75, 0x70, 0x74, 0x20, 0x72, 0x65, 0x63, 0x65, 0x69, 0x76, 0x65, 0x64, 0x00, 
    0x00, 0x00, 0x00, 0x00, 0x49, 0x6C, 0x6C, 0x65, 0x67, 0x61, 0x6C, 0x20, 0x61, 0x64, 0x64, 0x72, 
    0x65, 0x73, 0x73, 0x00, 0x00, 0x00, 0x00, 0x00, 0x00, 0x00, 0x00, 0x54, 0x65, 0x72, 0x6D, 0x69, 
    0x6E, 0x61, 0x74, 0x69, 0x6F, 0x6E, 0x20, 0x72, 0x65, 0x71, 0x75, 0x65, 0x73, 0x74, 0x00, 0x00, 
    0x00, 0x00, 0x53, 0x74, 0x61, 0x63, 0x6B, 0x20, 0x6F, 0x76, 0x65, 0x72, 0x66, 0x6C, 0x6F, 0x77, 
    0x00, 0x00, 0x00, 0x00, 0x00, 0x00, 0x00, 0x00, 0x00, 0x52, 0x65, 0x64, 0x69, 0x72, 0x65, 0x63, 
    0x74, 0x3A, 0x20, 0x63, 0x61, 0x6E, 0x27, 0x74, 0x20, 0x6F, 0x70, 0x65, 0x6E, 0x3A, 0x20, 0x00, 
    0x4F, 0x75, 0x74, 0x20, 0x6F, 0x66, 0x20, 0x68, 0x65, 0x61, 0x70, 0x20, 0x6D, 0x65, 0x6D, 0x6F, 
    0x72, 0x79, 0x00, 0x00, 0x00, 0x00, 0x00, 0x55, 0x73, 0x65, 0x72, 0x2D, 0x64, 0x65, 0x66, 0x69, 
    0x6E, 0x65, 0x64, 0x20, 0x73, 0x69, 0x67, 0x6E, 0x61, 0x6C, 0x20, 0x31, 0x00, 0x00, 0x55, 0x73, 
    0x65, 0x72, 0x2D, 0x64, 0x65, 0x66, 0x69, 0x6E, 0x65, 0x64, 0x20, 0x73, 0x69, 0x67, 0x6E, 0x61, 
    0x6C, 0x20, 0x32, 0x00, 0x00, 0x50, 0x75, 0x72, 0x65, 0x20, 0x76, 0x69, 0x72, 0x74, 0x75, 0x61, 
    0x6C, 0x20, 0x66, 0x6E, 0x20, 0x63, 0x61, 0x6C, 0x6C, 0x65, 0x64, 0x00, 0x43, 0x2B, 0x2B, 0x20, 
    0x6C, 0x69, 0x62, 0x72, 0x61, 0x72, 0x79, 0x20, 0x65, 0x78, 0x63, 0x65, 0x70, 0x74, 0x69, 0x6F, 
    0x6E, 0x00, 0x00, 0x00, 0x00, 0x00, 0x00, 0x00, 0x00, 0x00, 0x00, 0x00, 0x00, 0x00, 0x00, 0x00, 
    0x00, 0x00, 0x00, 0x00, 0x00, 0x00, 0x00, 0x00, 0x00, 0x00, 0x00, 0x00, 0x00, 0x00, 0x00, 0x00, 
    0x00, 0x00, 0x00, 0x00, 0x00, 0x00, 0x00, 0x00, 0x00, 0x00, 0x00, 0x00, 0x00, 0x00, 0x00, 0x00, 
    0x00, 0x00, 0x00, 0x00, 0x00, 0x00, 0x00, 0x00, 0x00, 0x00, 0x00, 0x00, 0x00, 0x00, 0x00, 0x00, 
    0x00, 0x00, 0x00, 0x00, 0x00, 0x00, 0x00, 0x00, 0x00, 0x00, 0x00, 0x00, 0x00, 0x00, 0x00, 0x00, 
    0x00, 0x00, 0x00, 0x00, 0x00, 0x00, 0x00, 0x00, 0x00, 0x00, 0x00, 0x00, 0x00, 0x00, 0x00, 0x00, 
    0x00, 0x00, 0x00, 0x00, 0x18, 0x55, 0x40, 0x00, 0x00, 0x00, 0x02, 0x00, 0xDC, 0x00, 0x00, 0x00, 
    0xF4, 0x55, 0x40, 0x00, 0x00, 0x20, 0x02, 0x00, 0x00, 0x00, 0x00, 0x00, 0xF4, 0x55, 0x40, 0x00, 
    0x00, 0x60, 0x02, 0x00, 0x00, 0x00, 0x00, 0x00, 0xF4, 0x55, 0x40, 0x00, 0x00, 0x60, 0x02, 0x00, 
    0x00, 0x00, 0x00, 0x00, 0xF4, 0x55, 0x40, 0x00, 0x00, 0x30, 0x03, 0x00, 0x00, 0x00, 0x00, 0x00, 
    0xF4, 0x55, 0x40, 0x00, 0x00, 0x70, 0x03, 0x00, 0x00, 0x00, 0x00, 0x00, 0xF4, 0x55, 0x40, 0x00, 
    0xF0, 0x7F, 0x03, 0x00, 0x00, 0x00, 0x00, 0x00, 0xF4, 0x55, 0x40, 0x00, 0x00, 0x00, 0x00, 0x30, 
    0x7C, 0x1E, 0x00, 0x00, 0x70, 0x74, 0x40, 0x00, 0x00, 0x20, 0x00, 0x30, 0x4C, 0x00, 0x00, 0x00, 
    0xBC, 0x74, 0x40, 0x00, 0xF0, 0x3F, 0x00, 0x30, 0x00, 0x00, 0x00, 0x00, 0xBC, 0x74, 0x40, 0x00, 
    0x00, 0x00, 0x00, 0xA0, 0x00, 0x00, 0x00, 0x00, 0x00, 0x00, 0x00, 0x00, 0x00, 0x00, 0x00, 0x00, 
    0x00, 0x00, 0x00, 0x00, 0x00, 0x00, 0x00, 0x00, 0x00, 0x00, 0x00, 0x00, 0x00, 0x00, 0x00, 0x00, 
    0x00, 0x00, 0x00, 0xF0, 0x00, 0x00, 0x00, 0xF1, 0x00, 0x00, 0x00, 0x00, 0x00, 0x00, 0x00, 0xF0, 
    0x00, 0x00, 0x80, 0xF1, 0x00, 0x00, 0x00, 0x00, 0x00, 0x00, 0x00, 0xF0, 0x00, 0x00, 0x20, 0xF2, 
    0x00, 0x00, 0x00, 0x00, 0x00, 0x00, 0x00, 0xF0, 0x00, 0x00, 0x40, 0xF4, 0x00, 0x00, 0x00, 0x00, 
    0x00, 0x00, 0x00, 0xF0, 0x00, 0x00, 0x50, 0xF4, 0x00, 0x00, 0x00, 0x00, 0x00, 0x00, 0x00, 0xF0, 
    0x00, 0x00, 0x90, 0xF4, 0x00, 0x00, 0x00, 0x00, 0x00, 0x00, 0x00, 0xF0, 0x00, 0x00, 0xA0, 0xF4, 
    0x00, 0x00, 0x00, 0x00, 0x00, 0x00, 0x00, 0xF0, 0x00, 0x00, 0x20, 0xF7, 0x00, 0x00, 0x00, 0x00, 
    0xE0, 0x01, 0x40, 0x00, 0x00, 0x00, 0x00, 0x00, 0xCC, 0x03, 0x40, 0x00, 0x00, 0x00, 0x00, 0x00, 
    0x80, 0x04, 0x40, 0x00, 0x00, 0x00, 0x00, 0x00, 0x34, 0x0E, 0x40, 0x00, 0x00, 0x00, 0x00, 0x00, 
    0xB4, 0x0E, 0x40, 0x00, 0x00, 0x00, 0x00, 0x00, 0x28, 0x0F, 0x40, 0x00, 0x00, 0x00, 0x00, 0x00, 
    0x10, 0x10, 0x40, 0x00, 0x00, 0x00, 0x00, 0x00, 0x18, 0x55, 0x40, 0x00, 0x00, 0x00, 0x00, 0x00, 
    0xDC, 0x00, 0x02, 0x00, 0xA8, 0x03, 0x00, 0x00, 0x00, 0x60, 0x02, 0x00, 0x00, 0x00, 0x00, 0x00, 
    0x7C, 0x1E, 0x00, 0x30, 0x00, 0x00, 0x00, 0x00, 0x4C, 0x20, 0x00, 0x30, 0x90, 0x01, 0x00, 0x00, 
    0x00, 0x80, 0x40, 0x00, 0x00, 0x00, 0x00, 0x00, 0x00, 0x01, 0x00, 0x00, 0x00, 0x00, 0x00, 0x00, 
    0x03, 0x00, 0x00, 0x00, 0x00, 0x00, 0x00, 0xF1, 0x00, 0x00, 0x80, 0xF1, 0x04, 0x03, 0x09, 0x04, 
    0x56, 0x03, 0x46, 0x00, 0x6C, 0x00, 0x61, 0x00, 0x73, 0x00, 0x68, 0x00, 0x20, 0x00, 0x4C, 0x00, 
    0x6F, 0x00, 0x61, 0x00, 0x64, 0x00, 0x65, 0x00, 0x72, 0x00, 0x20, 0x00, 0x55, 0x00, 0x74, 0x00, 
    0x69, 0x00, 0x6C, 0x00, 0x69, 0x00, 0x74, 0x00, 0x79, 0x00, 0x20, 0x00, 0x20, 0x00, 0x20, 0x00, 
    0x20, 0x00, 0x20, 0x00, 0x20, 0x00, 0x20, 0x00, 0x20, 0x00, 0x20, 0x00, 0x20, 0x00, 0x20, 0x00, 
    0x20, 0x00, 0x20, 0x00, 0x20, 0x00, 0x20, 0x00, 0x20, 0x00, 0x20, 0x00, 0x20, 0x00, 0x20, 0x00, 
    0x20, 0x00, 0x20, 0x00, 0x20, 0x00, 0x10, 0x03, 0x20, 0x00, 0x20, 0x00, 0x20, 0x00, 0x20, 0x00, 
    0x20, 0x00, 0x20, 0x00, 0x20, 0x00, 0x00, 0x00, 0x00, 0x00, 0x20, 0xF2, 0x20, 0x00, 0x00, 0x00, 
    0x40, 0x00, 0x00, 0x00, 0x40, 0x00, 0x00, 0x00, 0x40, 0x00, 0x00, 0x00, 0x40, 0x00, 0x00, 0x00, 
    0x00, 0x01, 0x00, 0x00, 0x00, 0x01, 0x00, 0x00, 0x00, 0x01, 0x00, 0x00, 0x00, 0x01, 0x00, 0x00, 
    0x00, 0x01, 0x00, 0x00, 0x00, 0x01, 0x00, 0x00, 0x28, 0x00, 0x00, 0x00, 0x00, 0x00, 0x00, 0x00, 
    0x08, 0x00, 0x00, 0x00, 0x10, 0x00, 0x00, 0x00, 0x18, 0x00, 0x00, 0x00, 0x20, 0x00, 0x00, 0x00, 
    0x28, 0x00, 0x00, 0x00, 0x30, 0x00, 0x00, 0x00, 0x38, 0x00, 0x00, 0x00, 0x40, 0x00, 0x00, 0x00, 
    0x48, 0x00, 0x00, 0x00, 0x04, 0xE0, 0x2D, 0xE5, 0xB8, 0x20, 0xD0, 0xE1, 0xB8, 0x30, 0xD1, 0xE1, 
    0x03, 0x00, 0x52, 0xE1, 0x23, 0x00, 0x00, 0x0A, 0x0B, 0x00, 0x00, 0x9A, 0x01, 0x20, 0x42, 0xE2, 
    0x01, 0xE0, 0x43, 0xE2, 0x04, 0x00, 0x00, 0xEA, 0x04, 0xC0, 0x90, 0xE5, 0x02, 0xC1, 0x9C, 0xE7, 
    0x00, 0x00, 0x5C, 0xE3, 0x16, 0x00, 0x00, 0x1A, 0x01, 0x20, 0x42, 0xE2, 0x02, 0x00, 0x5E, 0xE1, 
    0xF8, 0xFF, 0xFF, 0x3A, 0x03, 0x20, 0xA0, 0xE1, 0x16, 0x00, 0x00, 0xEA, 0x01, 0x30, 0x43, 0xE2, 
    0x01, 0xE0, 0x42, 0xE2, 0x04, 0x00, 0x00, 0xEA, 0x04, 0xC0, 0x91, 0xE5, 0x03, 0xC1, 0x9C, 0xE7, 
    0x00, 0x00, 0x5C, 0xE3, 0x0D, 0x00, 0x00, 0x1A, 0x01, 0x30, 0x43, 0xE2, 0x03, 0x00, 0x5E, 0xE1, 
    0xF8, 0xFF, 0xFF, 0x3A, 0x0B, 0x00, 0x00, 0xEA, 0x04, 0x30, 0x90, 0xE5, 0x01, 0x20, 0x42, 0xE2, 
    0x04, 0xC0, 0x91, 0xE5, 0x02, 0x31, 0x93, 0xE7, 0x02, 0xC1, 0x9C, 0xE7, 0x0C, 0x00, 0x53, 0xE1, 
    0x01, 0x00, 0x00, 0x9A, 0x01, 0x00, 0xA0, 0xE3, 0x04, 0xF0, 0x9D, 0xE4, 0x01, 0x00, 0x00, 0x2A, 
    0x00, 0x00, 0xE0, 0xE3, 0x04, 0xF0, 0x9D, 0xE4, 0x00, 0x00, 0x52, 0xE3, 0xF1, 0xFF, 0xFF, 0x1A, 
    0x00, 0x00, 0xA0, 0xE3, 0x04, 0xF0, 0x9D, 0xE4, 0x04, 0xE0, 0x2D, 0xE5, 0x00, 0x30, 0xA0, 0xE3, 
    0x02, 0x00, 0x53, 0xE1, 0x04, 0xC0, 0x91, 0x35, 0x04, 0xE0, 0x90, 0x35, 0x03, 0xC1, 0x9C, 0x37, 
    0x03, 0xC1, 0x8E, 0x37, 0x01, 0x30, 0x83, 0x32, 0xF8, 0xFF, 0xFF, 0x3A, 0x00, 0x30, 0xA0, 0xE3, 
    0xB8, 0xC0, 0xD0, 0xE1, 0x02, 0x00, 0x5C, 0xE1, 0x04, 0xC0, 0x90, 0x85, 0x02, 0x31, 0x8C, 0x87, 
    0x01, 0x20, 0x82, 0x82, 0xF9, 0xFF, 0xFF, 0x8A, 0x00, 0x10, 0xD1, 0xE5, 0x00, 0x10, 0xC0, 0xE5, 
    0x00, 0x00, 0xA0, 0xE3, 0x04, 0xF0, 0x9D, 0xE4, 0xF3, 0x4F, 0x2D, 0xE9, 0x84, 0x00, 0x8F, 0xE2, 
    0xC0, 0x00, 0x90, 0xE8, 0x84, 0x00, 0x8F, 0xE2, 0x30, 0x00, 0x90, 0xE8, 0x84, 0x00, 0x8F, 0xE2, 
    0x00, 0x06, 0x90, 0xE8, 0x04, 0xD0, 0x4D, 0xE2, 0x01, 0xB0, 0xA0, 0xE1, 0x02, 0x80, 0xA0, 0xE3, 
    0x00, 0x20, 0x9B, 0xE5, 0x05, 0x30, 0xA0, 0xE1, 0x92, 0x06, 0x8C, 0xE0, 0x92, 0xC7, 0x21, 0xE0, 
    0x04, 0x20, 0xA0, 0xE1, 0x4B, 0x07, 0x00, 0xEB, 0x02, 0x00, 0xA0, 0xE1, 0x09, 0x20, 0xA0, 0xE1, 
    0x0A, 0x00, 0x53, 0xE1, 0x02, 0x00, 0x50, 0x01, 0x01, 0x00, 0x00, 0x3A, 0x09, 0x60, 0x96, 0xE0, 
    0x0A, 0x70, 0xA7, 0xE0, 0x04, 0x90, 0xA0, 0xE1, 0x02, 0x20, 0xA0, 0xE3, 0x92, 0x44, 0x8C, 0xE0, 
    0x05, 0xA0, 0xA0, 0xE1, 0x01, 0x80, 0x88, 0xE2, 0x20, 0x00, 0x58, 0xE3, 0x92, 0xC5, 0x25, 0xE0, 
    0xEA, 0xFF, 0xFF, 0xDA, 0x07, 0x10, 0xA0, 0xE1, 0x04, 0x10, 0x9D, 0xE5, 0x00, 0x00, 0xA0, 0xE3, 
    0x00, 0x60, 0x81, 0xE5, 0xFE, 0x8F, 0xBD, 0xE8, 0x01, 0x00, 0x00, 0x00, 0x00, 0x00, 0x00, 0x00, 
    0x04, 0x00, 0x00, 0x00, 0x00, 0x00, 0x00, 0x00, 0x02, 0x00, 0x00, 0x00, 0x00, 0x00, 0x00, 0x00, 
    0xFF, 0x4F, 0x2D, 0xE9, 0xB8, 0x00, 0xD1, 0xE1, 0x01, 0x70, 0xA0, 0xE1, 0x87, 0xDF, 0x4D, 0xE2, 
    0x01, 0x00, 0x50, 0xE3, 0x04, 0x00, 0x97, 0x05, 0x0C, 0x40, 0x8D, 0xE2, 0x00, 0x00, 0x90, 0x05, 
    0x02, 0x80, 0xA0, 0xE1, 0x01, 0x00, 0x50, 0x03, 0x00, 0xB0, 0xA0, 0x13, 0x01, 0xB0, 0xA0, 0x03, 
    0x00, 0x00, 0x5B, 0xE3, 0x00, 0x00, 0xA0, 0xE3, 0x03, 0x50, 0xA0, 0xE1, 0x0C, 0x00, 0x00, 0x0A, 
    0xB8, 0x10, 0xD5, 0xE1, 0x00, 0x00, 0x51, 0xE1, 0x04, 0x10, 0x98, 0x85, 0x00, 0x11, 0x91, 0x87, 
    0x00, 0x11, 0x84, 0x87, 0x01, 0x00, 0x80, 0x82, 0xF8, 0xFF, 0xFF, 0x8A, 0x00, 0x10, 0xA0, 0xE3, 
    0x82, 0x00, 0x50, 0xE3, 0x00, 0x11, 0x84, 0x37, 0x01, 0x00, 0x80, 0x32, 0xFB, 0xFF, 0xFF, 0x3A, 
    0x05, 0x00, 0x00, 0xEA, 0x00, 0x20, 0xA0, 0xE3, 0x0C, 0x10, 0x8D, 0xE2, 0x00, 0x21, 0x81, 0xE7, 
    0x01, 0x00, 0x80, 0xE2, 0x82, 0x00, 0x50, 0xE3, 0xFA, 0xFF, 0xFF, 0x3A, 0x00, 0x60, 0xA0, 0xE3, 
    0x4D, 0x00, 0x00, 0xEA, 0x00, 0x00, 0x5B, 0xE3, 0x1C, 0x00, 0x00, 0x1A, 0x00, 0x10, 0xA0, 0xE3, 
    0x00, 0x00, 0xA0, 0xE3, 0x01, 0xE0, 0xA0, 0xE3, 0x0C, 0x00, 0x00, 0xEA, 0x04, 0x20, 0x97, 0xE5, 
    0x00, 0xC1, 0x92, 0xE7, 0x04, 0x20, 0x98, 0xE5, 0x06, 0x21, 0x92, 0xE7, 0x9C, 0x32, 0x82, 0xE0, 
    0x01, 0x30, 0x93, 0xE0, 0x00, 0x10, 0x0F, 0xE1, 0x00, 0xC1, 0x94, 0xE7, 0xA1, 0x1E, 0x0E, 0xE0, 
    0x0C, 0x30, 0x93, 0xE0, 0x00, 0x31, 0x84, 0xE7, 0x01, 0x00, 0x80, 0xE2, 0x02, 0x10, 0xB1, 0xE0, 
    0xB8, 0x20, 0xD5, 0xE1, 0x00, 0x00, 0x52, 0xE1, 0xEF, 0xFF, 0xFF, 0x8A, 0xB8, 0x00, 0xD5, 0xE1, 
    0x00, 0x21, 0x94, 0xE7, 0x01, 0x10, 0x92, 0xE0, 0x00, 0x11, 0x84, 0xE7, 0x00, 0x00, 0x0F, 0xE1, 
    0xB8, 0x10, 0xD5, 0xE1, 0xA0, 0x0E, 0x0E, 0xE0, 0x01, 0x11, 0x84, 0xE0, 0x04, 0x00, 0x81, 0xE5, 
    0x00, 0x10, 0x94, 0xE5, 0x50, 0x02, 0x9D, 0xE5, 0x01, 0xE0, 0xA0, 0xE3, 0x90, 0x01, 0x0C, 0xE0, 
    0x00, 0x10, 0xA0, 0xE3, 0x00, 0x00, 0xA0, 0xE3, 0x0A, 0x00, 0x00, 0xEA, 0x04, 0x20, 0x95, 0xE5, 
    0x00, 0x21, 0x92, 0xE7, 0x9C, 0x32, 0x82, 0xE0, 0x01, 0x30, 0x93, 0xE0, 0x00, 0x10, 0x0F, 0xE1, 
    0x00, 0x91, 0x94, 0xE7, 0xA1, 0x1E, 0x0E, 0xE0, 0x09, 0x30, 0x93, 0xE0, 0x00, 0x31, 0x84, 0xE7, 
    0x01, 0x00, 0x80, 0xE2, 0x02, 0x10, 0xB1, 0xE0, 0xB8, 0x20, 0xD5, 0xE1, 0x00, 0x00, 0x52, 0xE1, 
    0xF1, 0xFF, 0xFF, 0x8A, 0xB8, 0x20, 0xD5, 0xE1, 0x01, 0x60, 0x86, 0xE2, 0x18, 0x22, 0x8D, 0xE5, 
    0x02, 0x01, 0x94, 0xE7, 0x00, 0x20, 0xA0, 0xE3, 0x01, 0x90, 0x90, 0xE0, 0x00, 0xA0, 0xA2, 0xE2, 
    0xFC, 0x20, 0x8F, 0xE2, 0x0C, 0x00, 0x92, 0xE8, 0x02, 0x00, 0x09, 0xE0, 0x03, 0x10, 0x0A, 0xE0, 
    0x14, 0x02, 0x8D, 0xE5, 0xE8, 0x20, 0x8F, 0xE2, 0x0C, 0x00, 0x92, 0xE8, 0x02, 0x00, 0x0A, 0xE0, 
    0x00, 0x10, 0xA0, 0xE3, 0x03, 0x10, 0x01, 0xE0, 0x85, 0x2F, 0x8D, 0xE2, 0x06, 0x00, 0x92, 0xE8, 
    0x02, 0x11, 0x84, 0xE7, 0xB8, 0x10, 0xD5, 0xE1, 0x01, 0x11, 0x84, 0xE0, 0x04, 0x20, 0xB1, 0xE5, 
    0x04, 0x40, 0x84, 0xE2, 0x00, 0x00, 0x82, 0xE0, 0x00, 0x00, 0x81, 0xE5, 0xB8, 0x00, 0xD5, 0xE1, 
    0x06, 0x00, 0x50, 0xE1, 0xAE, 0xFF, 0xFF, 0x8A, 0x01, 0x10, 0xA0, 0xE3, 0x00, 0x00, 0xA0, 0xE3, 
    0x80, 0x35, 0xA0, 0xE3, 0x01, 0xE0, 0xA0, 0xE3, 0x0A, 0x00, 0x00, 0xEA, 0x81, 0x1E, 0x03, 0xE0, 
    0x01, 0xF0, 0x28, 0xE1, 0x04, 0x20, 0x95, 0xE5, 0x00, 0x11, 0x94, 0xE7, 0x00, 0x21, 0x92, 0xE7, 
    0x02, 0x20, 0xD1, 0xE0, 0x00, 0x10, 0x0F, 0xE1, 0x0C, 0xC0, 0x8D, 0xE2, 0x00, 0x21, 0x8C, 0xE7, 
    0x01, 0x00, 0x80, 0xE2, 0xA1, 0x1E, 0x0E, 0xE0, 0xB8, 0x20, 0xD5, 0xE1, 0x00, 0x00, 0x52, 0xE1, 
    0xF1, 0xFF, 0xFF, 0x8A, 0x00, 0x00, 0x51, 0xE3, 0x04, 0x00, 0x00, 0x1A, 0xB8, 0x00, 0xD5, 0xE1, 
    0x00, 0x01, 0x94, 0xE7, 0x00, 0x00, 0x50, 0xE3, 0x05, 0x00, 0x00, 0x0A, 0x01, 0x00, 0x00, 0xEA, 
    0x01, 0x00, 0x51, 0xE3, 0x02, 0x00, 0x00, 0x1A, 0x0C, 0x00, 0x8D, 0xE2, 0x04, 0x00, 0x8D, 0xE5, 
    0x00, 0x00, 0x00, 0xEA, 0x04, 0x40, 0x8D, 0xE5, 0xB8, 0x00, 0xD5, 0xE1, 0x00, 0x10, 0xA0, 0xE3, 
    0xB8, 0x00, 0xCD, 0xE1, 0x00, 0x10, 0xCD, 0xE5, 0x1C, 0x02, 0x9D, 0xE5, 0x0D, 0x10, 0xA0, 0xE1, 
    0xB8, 0x20, 0xD0, 0xE1, 0x23, 0xFF, 0xFF, 0xEB, 0x00, 0x00, 0xA0, 0xE3, 0x8B, 0xDF, 0x8D, 0xE2, 
    0xF0, 0x8F, 0xBD, 0xE8, 0xFF, 0xFF, 0xFF, 0xFF, 0x00, 0x00, 0x00, 0x00, 0x70, 0x40, 0x2D, 0xE9, 
    0x44, 0xDF, 0x4D, 0xE2, 0x00, 0x50, 0xA0, 0xE1, 0x04, 0x00, 0x8D, 0xE2, 0x08, 0x01, 0x8D, 0xE5, 
    0x20, 0x61, 0x9D, 0xE5, 0x02, 0x40, 0xA0, 0xE1, 0xB8, 0x00, 0xD4, 0xE1, 0x40, 0xCF, 0x8D, 0xE2, 
    0x03, 0x20, 0xA0, 0xE1, 0xBC, 0x00, 0xCC, 0xE1, 0x00, 0x00, 0xA0, 0xE3, 0x04, 0x01, 0xCD, 0xE5, 
    0x00, 0x60, 0x8D, 0xE5, 0x41, 0x0F, 0x8D, 0xE2, 0x04, 0x30, 0xA0, 0xE1, 0x4B, 0xFF, 0xFF, 0xEB, 
    0x04, 0x30, 0xA0, 0xE1, 0x00, 0x60, 0x8D, 0xE5, 0x41, 0x2F, 0x8D, 0xE2, 0x41, 0x1F, 0x8D, 0xE2, 
    0x05, 0x00, 0xA0, 0xE1, 0x45, 0xFF, 0xFF, 0xEB, 0x04, 0x30, 0xA0, 0xE1, 0x00, 0x60, 0x8D, 0xE5, 
    0x41, 0x2F, 0x8D, 0xE2, 0x05, 0x10, 0xA0, 0xE1, 0x05, 0x00, 0xA0, 0xE1, 0x3F, 0xFF, 0xFF, 0xEB, 
    0x01, 0x00, 0xA0, 0xE3, 0x40, 0xCF, 0x8D, 0xE2, 0xBC, 0x00, 0xCC, 0xE1, 0x08, 0x11, 0x9D, 0xE5, 
    0x04, 0x30, 0xA0, 0xE1, 0x00, 0x00, 0x81, 0xE5, 0x00, 0x60, 0x8D, 0xE5, 0x41, 0x1F, 0x8D, 0xE2, 
    0x05, 0x00, 0xA0, 0xE1, 0x05, 0x20, 0xA0, 0xE1, 0x34, 0xFF, 0xFF, 0xEB, 0x00, 0x00, 0xA0, 0xE3, 
    0x44, 0xDF, 0x8D, 0xE2, 0x70, 0x80, 0xBD, 0xE8, 0xF0, 0x40, 0x2D, 0xE9, 0x45, 0xDF, 0x4D, 0xE2, 
    0x00, 0x40, 0xA0, 0xE1, 0x08, 0x00, 0x8D, 0xE2, 0x0C, 0x01, 0x8D, 0xE5, 0x28, 0x71, 0x9D, 0xE5, 
    0x02, 0x50, 0xA0, 0xE1, 0xB8, 0x00, 0xD5, 0xE1, 0x40, 0xCF, 0x8D, 0xE2, 0x03, 0x20, 0xA0, 0xE1, 
    0xB0, 0x01, 0xCC, 0xE1, 0x00, 0x00, 0xA0, 0xE3, 0x08, 0x01, 0xCD, 0xE5, 0x00, 0x70, 0x8D, 0xE5, 
    0x42, 0x0F, 0x8D, 0xE2, 0x05, 0x30, 0xA0, 0xE1, 0x20, 0xFF, 0xFF, 0xEB, 0x05, 0x30, 0xA0, 0xE1, 
    0x00, 0x70, 0x8D, 0xE5, 0x42, 0x2F, 0x8D, 0xE2, 0x42, 0x1F, 0x8D, 0xE2, 0x04, 0x00, 0xA0, 0xE1, 
    0x1A, 0xFF, 0xFF, 0xEB, 0x00, 0x60, 0xA0, 0xE3, 0x05, 0x30, 0xA0, 0xE1, 0x04, 0x20, 0xA0, 0xE1, 
    0x04, 0x10, 0xA0, 0xE1, 0x04, 0x00, 0xA0, 0xE1, 0x00, 0x70, 0x8D, 0xE5, 0x13, 0xFF, 0xFF, 0xEB, 
    0x01, 0x00, 0x86, 0xE2, 0xFF, 0x60, 0x00, 0xE2, 0x0F, 0x00, 0x56, 0xE3, 0xF5, 0xFF, 0xFF, 0x3A, 
    0x05, 0x30, 0xA0, 0xE1, 0x00, 0x70, 0x8D, 0xE5, 0x42, 0x2F, 0x8D, 0xE2, 0x04, 0x10, 0xA0, 0xE1, 
    0x04, 0x00, 0xA0, 0xE1, 0x09, 0xFF, 0xFF, 0xEB, 0x01, 0x00, 0xA0, 0xE3, 0x40, 0xCF, 0x8D, 0xE2, 
    0xB0, 0x01, 0xCC, 0xE1, 0x0C, 0x11, 0x9D, 0xE5, 0x05, 0x30, 0xA0, 0xE1, 0x00, 0x00, 0x81, 0xE5, 
    0x00, 0x70, 0x8D, 0xE5, 0x42, 0x1F, 0x8D, 0xE2, 0x04, 0x00, 0xA0, 0xE1, 0x04, 0x20, 0xA0, 0xE1, 
    0xFE, 0xFE, 0xFF, 0xEB, 0x00, 0x00, 0xA0, 0xE3, 0x45, 0xDF, 0x8D, 0xE2, 0xF0, 0x80, 0xBD, 0xE8, 
    0x00, 0x30, 0xA0, 0xE3, 0x02, 0x00, 0x53, 0xE1, 0x03, 0xC0, 0xD1, 0x37, 0x03, 0xC0, 0xC0, 0x37, 
    0x01, 0x30, 0x83, 0x32, 0xFA, 0xFF, 0xFF, 0x3A, 0x0E, 0xF0, 0xA0, 0xE1, 0x10, 0x40, 0x2D, 0xE9, 
    0x00, 0x40, 0xB0, 0xE1, 0x00, 0x00, 0x94, 0x15, 0x44, 0xDE, 0x4D, 0xE2, 0x00, 0x00, 0x50, 0x13, 
    0x04, 0x00, 0x94, 0x15, 0x00, 0x00, 0x50, 0x13, 0x10, 0x00, 0x94, 0x15, 0x00, 0x00, 0x50, 0x13, 
    0x14, 0x00, 0x94, 0x15, 0x00, 0x00, 0x50, 0x13, 0x01, 0x00, 0xA0, 0x03, 0x05, 0x00, 0x00, 0x0A, 
    0x08, 0x00, 0x94, 0xE5, 0x00, 0x00, 0x50, 0xE3, 0x01, 0x00, 0x00, 0x0A, 0x03, 0x00, 0x10, 0xE3, 
    0x02, 0x00, 0x00, 0x0A, 0x02, 0x00, 0xA0, 0xE3, 0x44, 0xDE, 0x8D, 0xE2, 0x10, 0x80, 0xBD, 0xE8, 
    0x0C, 0x10, 0x94, 0xE5, 0x03, 0x00, 0x51, 0xE3, 0x40, 0xCB, 0x41, 0x12, 0x01, 0xC0, 0x5C, 0x12, 
    0x52, 0x00, 0x00, 0x1A, 0xC3, 0x1F, 0x8D, 0xE2, 0x38, 0x14, 0x8D, 0xE5, 0x20, 0x01, 0xA0, 0xE1, 
    0x40, 0xCE, 0x8D, 0xE2, 0xBC, 0x03, 0xCC, 0xE1, 0x00, 0x10, 0xA0, 0xE3, 0x34, 0x14, 0xCD, 0xE5, 
    0x83, 0x2F, 0x8D, 0xE2, 0x2C, 0x24, 0x8D, 0xE5, 0xB0, 0x03, 0xCC, 0xE1, 0x28, 0x14, 0xCD, 0xE5, 
    0x43, 0x2F, 0x8D, 0xE2, 0x20, 0x24, 0x8D, 0xE5, 0xB4, 0x02, 0xCC, 0xE1, 0x1C, 0x14, 0xCD, 0xE5, 
    0x0C, 0x20, 0x8D, 0xE2, 0x14, 0x24, 0x8D, 0xE5, 0xB8, 0x01, 0xCC, 0xE1, 0x10, 0x14, 0xCD, 0xE5, 
    0x00, 0x10, 0x94, 0xE5, 0x08, 0x20, 0x94, 0xE5, 0x2C, 0x04, 0x9D, 0xE5, 0x48, 0x05, 0x00, 0xEB, 
    0x06, 0x00, 0x94, 0xE9, 0x20, 0x04, 0x9D, 0xE5, 0x45, 0x05, 0x00, 0xEB, 0x10, 0x10, 0x94, 0xE5, 
    0x08, 0x20, 0x94, 0xE5, 0x14, 0x04, 0x9D, 0xE5, 0x41, 0x05, 0x00, 0xEB, 0x40, 0x1E, 0x8D, 0xE2, 
    0x40, 0x0E, 0x8D, 0xE2, 0x1C, 0x00, 0x80, 0xE2, 0x28, 0x10, 0x81, 0xE2, 0x4C, 0xFE, 0xFF, 0xEB, 
    0x01, 0x00, 0x50, 0xE3, 0x04, 0x00, 0xA0, 0x13, 0xD2, 0xFF, 0xFF, 0x1A, 0x40, 0x0E, 0x8D, 0xE2, 
    0x1C, 0x00, 0x80, 0xE2, 0x41, 0x1E, 0x8D, 0xE2, 0x45, 0xFE, 0xFF, 0xEB, 0x01, 0x00, 0x50, 0xE3, 
    0x05, 0x00, 0xA0, 0x13, 0xCB, 0xFF, 0xFF, 0x1A, 0x40, 0x0E, 0x8D, 0xE2, 0x0C, 0x00, 0x80, 0xE2, 
    0x20, 0x14, 0x9D, 0xE5, 0x7F, 0xFE, 0xFF, 0xEB, 0x0C, 0x04, 0x9D, 0xE5, 0x00, 0x30, 0x60, 0xE2, 
    0x0C, 0x34, 0x8D, 0xE5, 0x0C, 0x00, 0x94, 0xE5, 0x03, 0x00, 0x50, 0xE3, 0x09, 0x00, 0x00, 0x1A, 
    0x00, 0x30, 0x8D, 0xE5, 0x40, 0x2E, 0x8D, 0xE2, 0x40, 0x1E, 0x8D, 0xE2, 0x40, 0x0E, 0x8D, 0xE2, 
    0x34, 0x00, 0x80, 0xE2, 0x28, 0x10, 0x81, 0xE2, 0x1C, 0x20, 0x82, 0xE2, 0x41, 0x3E, 0x8D, 0xE2, 
    0x3D, 0xFF, 0xFF, 0xEB, 0x0B, 0x00, 0x00, 0xEA, 0x40, 0xCB, 0x40, 0xE2, 0x01, 0xC0, 0x5C, 0xE2, 
    0x0E, 0x00, 0x00, 0x1A, 0x00, 0x30, 0x8D, 0xE5, 0x40, 0x2E, 0x8D, 0xE2, 0x40, 0x1E, 0x8D, 0xE2, 
    0x40, 0x0E, 0x8D, 0xE2, 0x34, 0x00, 0x80, 0xE2, 0x28, 0x10, 0x81, 0xE2, 0x1C, 0x20, 0x82, 0xE2, 
    0x41, 0x3E, 0x8D, 0xE2, 0x5B, 0xFF, 0xFF, 0xEB, 0x08, 0x20, 0x94, 0xE5, 0x38, 0x14, 0x9D, 0xE5, 
    0x14, 0x00, 0x94, 0xE5, 0x0E, 0x05, 0x00, 0xEB, 0x00, 0x00, 0xA0, 0xE3, 0xA5, 0xFF, 0xFF, 0xEA, 
    0x03, 0x00, 0xA0, 0xE3, 0xA3, 0xFF, 0xFF, 0xEA, 0x00, 0x10, 0xA0, 0xE3, 0x04, 0x10, 0x80, 0xE5, 
    0x00, 0x10, 0x80, 0xE5, 0xA4, 0x1F, 0x9F, 0xE5, 0x08, 0x10, 0x80, 0xE5, 0xA0, 0x1F, 0x9F, 0xE5, 
    0x0C, 0x10, 0x80, 0xE5, 0x9C, 0x1F, 0x9F, 0xE5, 0x10, 0x10, 0x80, 0xE5, 0x98, 0x1F, 0x9F, 0xE5, 
    0x14, 0x10, 0x80, 0xE5, 0x94, 0x1F, 0x9F, 0xE5, 0x18, 0x10, 0x80, 0xE5, 0x0E, 0xF0, 0xA0, 0xE1, 
    0xF0, 0x4F, 0x2D, 0xE9, 0x48, 0xD0, 0x4D, 0xE2, 0x00, 0x20, 0xA0, 0xE3, 0x02, 0x31, 0x91, 0xE7, 
    0x63, 0xCC, 0xA0, 0xE1, 0x63, 0x34, 0xA0, 0xE1, 0xFF, 0x38, 0xC3, 0xE3, 0xFF, 0xC4, 0xCC, 0xE3, 
    0xFF, 0xCC, 0xCC, 0xE3, 0xFF, 0x30, 0xC3, 0xE3, 0x03, 0x30, 0x8C, 0xE1, 0x02, 0x31, 0x8D, 0xE7, 
    0x01, 0x20, 0x82, 0xE2, 0x10, 0x00, 0x52, 0xE3, 0xF3, 0xFF, 0xFF, 0xBA, 0x08, 0x30, 0x90, 0xE5, 
    0x4C, 0x6F, 0x9F, 0xE5, 0x44, 0x30, 0x8D, 0xE5, 0x0C, 0xE0, 0x90, 0xE5, 0x00, 0x40, 0xA0, 0xE3, 
    0x40, 0xE0, 0x8D, 0xE5, 0x10, 0x10, 0x90, 0xE5, 0x14, 0x20, 0x90, 0xE5, 0x18, 0xC0, 0x90, 0xE5, 
    0x01, 0x70, 0xA0, 0xE1, 0x02, 0x80, 0xA0, 0xE1, 0x0C, 0x90, 0xA0, 0xE1, 0x02, 0xA0, 0x21, 0xE0, 
    0x0E, 0xA0, 0x0A, 0xE0, 0x02, 0xA0, 0x2A, 0xE0, 0xE3, 0x5D, 0x8A, 0xE0, 0x04, 0xA1, 0x9D, 0xE7, 
    0x6E, 0xE1, 0xA0, 0xE1, 0x0A, 0x50, 0x85, 0xE0, 0x0C, 0xC0, 0x85, 0xE0, 0x01, 0xA0, 0x2E, 0xE0, 
    0x03, 0xA0, 0x0A, 0xE0, 0x04, 0x51, 0x8D, 0xE0, 0x04, 0xB0, 0x95, 0xE5, 0x01, 0xA0, 0x2A, 0xE0, 
    0x06, 0xC0, 0x8C, 0xE0, 0xEC, 0xAD, 0x8A, 0xE0, 0x0B, 0xA0, 0x8A, 0xE0, 0x63, 0x31, 0xA0, 0xE1, 
    0x0E, 0xB0, 0x23, 0xE0, 0x0C, 0xB0, 0x0B, 0xE0, 0x02, 0x20, 0x8A, 0xE0, 0x06, 0x20, 0x82, 0xE0, 
    0x0E, 0xB0, 0x2B, 0xE0, 0xE2, 0xAD, 0x8B, 0xE0, 0x08, 0xB0, 0x95, 0xE5, 0x6C, 0xC1, 0xA0, 0xE1, 
    0x0B, 0xA0, 0x8A, 0xE0, 0x03, 0xB0, 0x2C, 0xE0, 0x02, 0xB0, 0x0B, 0xE0, 0x01, 0x10, 0x8A, 0xE0, 
    0x06, 0x10, 0x81, 0xE0, 0x03, 0xB0, 0x2B, 0xE0, 0xE1, 0xAD, 0x8B, 0xE0, 0x0C, 0xB0, 0x95, 0xE5, 
    0x62, 0x21, 0xA0, 0xE1, 0x0B, 0xA0, 0x8A, 0xE0, 0x0C, 0xB0, 0x22, 0xE0, 0x01, 0xB0, 0x0B, 0xE0, 
    0x0E, 0xE0, 0x8A, 0xE0, 0x06, 0xE0, 0x8E, 0xE0, 0x0C, 0xB0, 0x2B, 0xE0, 0x10, 0x50, 0x95, 0xE5, 
    0xEE, 0xAD, 0x8B, 0xE0, 0x05, 0x50, 0x8A, 0xE0, 0x03, 0x30, 0x85, 0xE0, 0x05, 0x40, 0x84, 0xE2, 
    0x0F, 0x00, 0x54, 0xE3, 0x06, 0x30, 0x83, 0xE0, 0x61, 0x11, 0xA0, 0xE1, 0xCE, 0xFF, 0xFF, 0xBA, 
    0x02, 0x50, 0x21, 0xE0, 0x0E, 0x50, 0x05, 0xE0, 0x02, 0x50, 0x25, 0xE0, 0xE3, 0x4D, 0x85, 0xE0, 
    0x3C, 0x50, 0x9D, 0xE5, 0x6E, 0xE1, 0xA0, 0xE1, 0x05, 0x40, 0x84, 0xE0, 0x0C, 0xC0, 0x84, 0xE0, 
    0x34, 0x40, 0x9D, 0xE5, 0x20, 0x50, 0x9D, 0xE5, 0x01, 0xA0, 0x2E, 0xE0, 0x05, 0x40, 0x24, 0xE0, 
    0x08, 0x50, 0x9D, 0xE5, 0x03, 0xA0, 0x0A, 0xE0, 0x05, 0x40, 0x24, 0xE0, 0x00, 0x50, 0x9D, 0xE5, 
    0x01, 0xA0, 0x2A, 0xE0, 0x05, 0x40, 0x24, 0xE0, 0x06, 0xC0, 0x8C, 0xE0, 0xEC, 0x5D, 0x8A, 0xE0, 
    0xE4, 0x4F, 0xA0, 0xE1, 0x00, 0x40, 0x8D, 0xE5, 0x04, 0x40, 0x85, 0xE0, 0x06, 0x40, 0x84, 0xE0, 
    0x02, 0x20, 0x84, 0xE0, 0x38, 0x40, 0x9D, 0xE5, 0x24, 0x50, 0x9D, 0xE5, 0x63, 0x31, 0xA0, 0xE1, 
    0x05, 0x40, 0x24, 0xE0, 0x0C, 0x50, 0x9D, 0xE5, 0x0E, 0xA0, 0x23, 0xE0, 0x05, 0x40, 0x24, 0xE0, 
    0x04, 0x50, 0x9D, 0xE5, 0x0C, 0xA0, 0x0A, 0xE0, 0x05, 0x40, 0x24, 0xE0, 0x0E, 0xA0, 0x2A, 0xE0, 
    0xE2, 0x5D, 0x8A, 0xE0, 0xE4, 0x4F, 0xA0, 0xE1, 0x04, 0x40, 0x8D, 0xE5, 0x04, 0x40, 0x85, 0xE0, 
    0x06, 0x40, 0x84, 0xE0, 0x01, 0x10, 0x84, 0xE0, 0x3C, 0x40, 0x9D, 0xE5, 0x28, 0x50, 0x9D, 0xE5, 
    0x6C, 0xC1, 0xA0, 0xE1, 0x05, 0x40, 0x24, 0xE0, 0x10, 0x50, 0x9D, 0xE5, 0x03, 0xA0, 0x2C, 0xE0, 
    0x05, 0x40, 0x24, 0xE0, 0x08, 0x50, 0x9D, 0xE5, 0x02, 0xA0, 0x0A, 0xE0, 0x05, 0x40, 0x24, 0xE0, 
    0xE4, 0x4F, 0xA0, 0xE1, 0x03, 0xA0, 0x2A, 0xE0, 0xE1, 0x5D, 0x8A, 0xE0, 0x08, 0x40, 0x8D, 0xE5, 
    0x04, 0x40, 0x85, 0xE0, 0x06, 0x40, 0x84, 0xE0, 0x0E, 0xE0, 0x84, 0xE0, 0x00, 0x40, 0x9D, 0xE5, 
    0x2C, 0x50, 0x9D, 0xE5, 0x62, 0x21, 0xA0, 0xE1, 0x05, 0x40, 0x24, 0xE0, 0x14, 0x50, 0x9D, 0xE5, 
    0x0C, 0xA0, 0x22, 0xE0, 0x05, 0x40, 0x24, 0xE0, 0x0C, 0x50, 0x9D, 0xE5, 0x01, 0xA0, 0x0A, 0xE0, 
    0x05, 0x40, 0x24, 0xE0, 0xE4, 0x4F, 0xA0, 0xE1, 0x0C, 0xA0, 0x2A, 0xE0, 0xEE, 0x5D, 0x8A, 0xE0, 
    0x0C, 0x40, 0x8D, 0xE5, 0x04, 0x40, 0x85, 0xE0, 0x06, 0x40, 0x84, 0xE0, 0x03, 0x30, 0x84, 0xE0, 
    0x04, 0x40, 0x9D, 0xE5, 0x30, 0x50, 0x9D, 0xE5, 0x61, 0x11, 0xA0, 0xE1, 0x05, 0x40, 0x24, 0xE0, 
    0x18, 0x50, 0x9D, 0xE5, 0x01, 0x60, 0x2E, 0xE0, 0x05, 0x40, 0x24, 0xE0, 0x10, 0x50, 0x9D, 0xE5, 
    0x02, 0x60, 0x26, 0xE0, 0x05, 0x40, 0x24, 0xE0, 0xE4, 0x4F, 0xA0, 0xE1, 0xE3, 0x5D, 0x86, 0xE0, 
    0x04, 0x50, 0x85, 0xE0, 0x10, 0x40, 0x8D, 0xE5, 0xF8, 0x4C, 0x9F, 0xE5, 0x34, 0x60, 0x9D, 0xE5, 
    0x04, 0x50, 0x85, 0xE0, 0x0C, 0xC0, 0x85, 0xE0, 0x08, 0x50, 0x9D, 0xE5, 0x6E, 0xE1, 0xA0, 0xE1, 
    0x06, 0x50, 0x25, 0xE0, 0x1C, 0x60, 0x9D, 0xE5, 0x0E, 0xA0, 0x23, 0xE0, 0x06, 0x50, 0x25, 0xE0, 
    0x14, 0x60, 0x9D, 0xE5, 0x01, 0xA0, 0x2A, 0xE0, 0x06, 0x50, 0x25, 0xE0, 0xE5, 0x5F, 0xA0, 0xE1, 
    0x14, 0x50, 0x8D, 0xE5, 0xEC, 0x6D, 0x8A, 0xE0, 0x05, 0x50, 0x86, 0xE0, 0x04, 0x50, 0x85, 0xE0, 
    0x02, 0x20, 0x85, 0xE0, 0x0C, 0x50, 0x9D, 0xE5, 0x38, 0x60, 0x9D, 0xE5, 0x63, 0x31, 0xA0, 0xE1, 
    0x06, 0x50, 0x25, 0xE0, 0x20, 0x60, 0x9D, 0xE5, 0x03, 0xA0, 0x2C, 0xE0, 0x06, 0x50, 0x25, 0xE0, 
    0x18, 0x60, 0x9D, 0xE5, 0x0E, 0xA0, 0x2A, 0xE0, 0x06, 0x50, 0x25, 0xE0, 0xE5, 0x5F, 0xA0, 0xE1, 
    0x18, 0x50, 0x8D, 0xE5, 0xE2, 0x6D, 0x8A, 0xE0, 0x05, 0x50, 0x86, 0xE0, 0x04, 0x50, 0x85, 0xE0, 
    0x01, 0x10, 0x85, 0xE0, 0x10, 0x50, 0x9D, 0xE5, 0x3C, 0x60, 0x9D, 0xE5, 0x6C, 0xC1, 0xA0, 0xE1, 
    0x06, 0x50, 0x25, 0xE0, 0x24, 0x60, 0x9D, 0xE5, 0x0C, 0xA0, 0x22, 0xE0, 0x06, 0x50, 0x25, 0xE0, 
    0x1C, 0x60, 0x9D, 0xE5, 0x03, 0xA0, 0x2A, 0xE0, 0x06, 0x50, 0x25, 0xE0, 0xE5, 0x5F, 0xA0, 0xE1, 
    0x1C, 0x50, 0x8D, 0xE5, 0xE1, 0x6D, 0x8A, 0xE0, 0x05, 0x50, 0x86, 0xE0, 0x04, 0x50, 0x85, 0xE0, 
    0x0E, 0xE0, 0x85, 0xE0, 0x14, 0x50, 0x9D, 0xE5, 0x00, 0x60, 0x9D, 0xE5, 0x62, 0x21, 0xA0, 0xE1, 
    0x06, 0x50, 0x25, 0xE0, 0x28, 0x60, 0x9D, 0xE5, 0x02, 0xA0, 0x21, 0xE0, 0x06, 0x50, 0x25, 0xE0, 
    0x20, 0x60, 0x9D, 0xE5, 0x0C, 0xA0, 0x2A, 0xE0, 0x06, 0x50, 0x25, 0xE0, 0xE5, 0x5F, 0xA0, 0xE1, 
    0x20, 0x50, 0x8D, 0xE5, 0xEE, 0x6D, 0x8A, 0xE0, 0x05, 0x50, 0x86, 0xE0, 0x04, 0x50, 0x85, 0xE0, 
    0x03, 0x30, 0x85, 0xE0, 0x18, 0x50, 0x9D, 0xE5, 0x04, 0x60, 0x9D, 0xE5, 0x61, 0x11, 0xA0, 0xE1, 
    0x06, 0x50, 0x25, 0xE0, 0x2C, 0x60, 0x9D, 0xE5, 0x01, 0xA0, 0x2E, 0xE0, 0x06, 0x50, 0x25, 0xE0, 
    0x24, 0x60, 0x9D, 0xE5, 0x02, 0xA0, 0x2A, 0xE0, 0x06, 0x50, 0x25, 0xE0, 0xE5, 0x5F, 0xA0, 0xE1, 
    0x24, 0x50, 0x8D, 0xE5, 0xE3, 0x6D, 0x8A, 0xE0, 0x05, 0x50, 0x86, 0xE0, 0x04, 0x50, 0x85, 0xE0, 
    0x0C, 0xC0, 0x85, 0xE0, 0x1C, 0x50, 0x9D, 0xE5, 0x08, 0x60, 0x9D, 0xE5, 0x6E, 0xE1, 0xA0, 0xE1, 
    0x06, 0x50, 0x25, 0xE0, 0x30, 0x60, 0x9D, 0xE5, 0x0E, 0xA0, 0x23, 0xE0, 0x06, 0x50, 0x25, 0xE0, 
    0x28, 0x60, 0x9D, 0xE5, 0x01, 0xA0, 0x2A, 0xE0, 0x06, 0x50, 0x25, 0xE0, 0xE5, 0x5F, 0xA0, 0xE1, 
    0x28, 0x50, 0x8D, 0xE5, 0xEC, 0x6D, 0x8A, 0xE0, 0x05, 0x50, 0x86, 0xE0, 0x04, 0x50, 0x85, 0xE0, 
    0x02, 0x20, 0x85, 0xE0, 0x20, 0x50, 0x9D, 0xE5, 0x0C, 0x60, 0x9D, 0xE5, 0x63, 0x31, 0xA0, 0xE1, 
    0x06, 0x50, 0x25, 0xE0, 0x34, 0x60, 0x9D, 0xE5, 0x03, 0xA0, 0x2C, 0xE0, 0x06, 0x50, 0x25, 0xE0, 
    0x2C, 0x60, 0x9D, 0xE5, 0x0E, 0xA0, 0x2A, 0xE0, 0x06, 0x50, 0x25, 0xE0, 0xE2, 0x6D, 0x8A, 0xE0, 
    0xE5, 0x5F, 0xA0, 0xE1, 0x2C, 0x50, 0x8D, 0xE5, 0x05, 0x50, 0x86, 0xE0, 0x04, 0x50, 0x85, 0xE0, 
    0x01, 0x10, 0x85, 0xE0, 0x24, 0x50, 0x9D, 0xE5, 0x10, 0x60, 0x9D, 0xE5, 0x6C, 0xC1, 0xA0, 0xE1, 
    0x06, 0x50, 0x25, 0xE0, 0x38, 0x60, 0x9D, 0xE5, 0x0C, 0xA0, 0x22, 0xE0, 0x06, 0x50, 0x25, 0xE0, 
    0x30, 0x60, 0x9D, 0xE5, 0x03, 0xA0, 0x2A, 0xE0, 0x06, 0x50, 0x25, 0xE0, 0xE5, 0x5F, 0xA0, 0xE1, 
    0x30, 0x50, 0x8D, 0xE5, 0xE1, 0x6D, 0x8A, 0xE0, 0x05, 0x50, 0x86, 0xE0, 0x04, 0x50, 0x85, 0xE0, 
    0x0E, 0xE0, 0x85, 0xE0, 0x28, 0x50, 0x9D, 0xE5, 0x14, 0x60, 0x9D, 0xE5, 0x62, 0x21, 0xA0, 0xE1, 
    0x06, 0x50, 0x25, 0xE0, 0x3C, 0x60, 0x9D, 0xE5, 0x02, 0xA0, 0x21, 0xE0, 0x06, 0x50, 0x25, 0xE0, 
    0x34, 0x60, 0x9D, 0xE5, 0x0C, 0xA0, 0x2A, 0xE0, 0x06, 0x50, 0x25, 0xE0, 0xE5, 0x5F, 0xA0, 0xE1, 
    0x34, 0x50, 0x8D, 0xE5, 0xEE, 0x6D, 0x8A, 0xE0, 0x05, 0x50, 0x86, 0xE0, 0x04, 0x50, 0x85, 0xE0, 
    0x03, 0x30, 0x85, 0xE0, 0x2C, 0x50, 0x9D, 0xE5, 0x18, 0x60, 0x9D, 0xE5, 0x61, 0x11, 0xA0, 0xE1, 
    0x06, 0x50, 0x25, 0xE0, 0x00, 0x60, 0x9D, 0xE5, 0x01, 0xA0, 0x2E, 0xE0, 0x06, 0x50, 0x25, 0xE0, 
    0x38, 0x60, 0x9D, 0xE5, 0x02, 0xA0, 0x2A, 0xE0, 0x06, 0x50, 0x25, 0xE0, 0xE5, 0x5F, 0xA0, 0xE1, 
    0x38, 0x50, 0x8D, 0xE5, 0xE3, 0x6D, 0x8A, 0xE0, 0x05, 0x50, 0x86, 0xE0, 0x04, 0x50, 0x85, 0xE0, 
    0x0C, 0xC0, 0x85, 0xE0, 0x30, 0x50, 0x9D, 0xE5, 0x1C, 0x60, 0x9D, 0xE5, 0x6E, 0xE1, 0xA0, 0xE1, 
    0x06, 0x50, 0x25, 0xE0, 0x04, 0x60, 0x9D, 0xE5, 0x0E, 0xA0, 0x23, 0xE0, 0x06, 0x50, 0x25, 0xE0, 
    0x3C, 0x60, 0x9D, 0xE5, 0x01, 0xA0, 0x2A, 0xE0, 0x06, 0x50, 0x25, 0xE0, 0xE5, 0x5F, 0xA0, 0xE1, 
    0x3C, 0x50, 0x8D, 0xE5, 0xEC, 0x6D, 0x8A, 0xE0, 0x05, 0x50, 0x86, 0xE0, 0x04, 0x50, 0x85, 0xE0, 
    0x02, 0x20, 0x85, 0xE0, 0x34, 0x50, 0x9D, 0xE5, 0x20, 0x60, 0x9D, 0xE5, 0x63, 0x31, 0xA0, 0xE1, 
    0x06, 0x50, 0x25, 0xE0, 0x08, 0x60, 0x9D, 0xE5, 0x03, 0xA0, 0x2C, 0xE0, 0x06, 0x50, 0x25, 0xE0, 
    0x00, 0x60, 0x9D, 0xE5, 0x0E, 0xA0, 0x2A, 0xE0, 0x06, 0x50, 0x25, 0xE0, 0xE5, 0x5F, 0xA0, 0xE1, 
    0x00, 0x50, 0x8D, 0xE5, 0xE2, 0x6D, 0x8A, 0xE0, 0x05, 0x50, 0x86, 0xE0, 0x04, 0x50, 0x85, 0xE0, 
    0x01, 0x10, 0x85, 0xE0, 0x38, 0x50, 0x9D, 0xE5, 0x24, 0x60, 0x9D, 0xE5, 0x6C, 0xC1, 0xA0, 0xE1, 
    0x06, 0x50, 0x25, 0xE0, 0x0C, 0x60, 0x9D, 0xE5, 0x0C, 0xA0, 0x22, 0xE0, 0x06, 0x50, 0x25, 0xE0, 
    0x04, 0x60, 0x9D, 0xE5, 0x03, 0xA0, 0x2A, 0xE0, 0x06, 0x50, 0x25, 0xE0, 0xE5, 0x5F, 0xA0, 0xE1, 
    0x04, 0x50, 0x8D, 0xE5, 0xE1, 0x6D, 0x8A, 0xE0, 0x05, 0x50, 0x86, 0xE0, 0x04, 0x50, 0x85, 0xE0, 
    0x0E, 0xE0, 0x85, 0xE0, 0x3C, 0x50, 0x9D, 0xE5, 0x28, 0x60, 0x9D, 0xE5, 0x62, 0x21, 0xA0, 0xE1, 
    0x06, 0x50, 0x25, 0xE0, 0x10, 0x60, 0x9D, 0xE5, 0x02, 0xA0, 0x21, 0xE0, 0x06, 0x50, 0x25, 0xE0, 
    0x08, 0x60, 0x9D, 0xE5, 0x0C, 0xA0, 0x2A, 0xE0, 0x06, 0x50, 0x25, 0xE0, 0xE5, 0x5F, 0xA0, 0xE1, 
    0x08, 0x50, 0x8D, 0xE5, 0xEE, 0x6D, 0x8A, 0xE0, 0x05, 0x50, 0x86, 0xE0, 0x04, 0x50, 0x85, 0xE0, 
    0x03, 0x30, 0x85, 0xE0, 0x00, 0x50, 0x9D, 0xE5, 0x2C, 0x60, 0x9D, 0xE5, 0x61, 0x11, 0xA0, 0xE1, 
    0x06, 0x50, 0x25, 0xE0, 0x14, 0x60, 0x9D, 0xE5, 0x01, 0xA0, 0x2E, 0xE0, 0x06, 0x50, 0x25, 0xE0, 
    0x0C, 0x60, 0x9D, 0xE5, 0x02, 0xA0, 0x2A, 0xE0, 0x06, 0x50, 0x25, 0xE0, 0xE5, 0x5F, 0xA0, 0xE1, 
    0x0C, 0x50, 0x8D, 0xE5, 0xE3, 0x6D, 0x8A, 0xE0, 0x05, 0x50, 0x86, 0xE0, 0x04, 0x50, 0x85, 0xE0, 
    0x0C, 0xC0, 0x85, 0xE0, 0x04, 0x50, 0x9D, 0xE5, 0x30, 0x60, 0x9D, 0xE5, 0x6E, 0xE1, 0xA0, 0xE1, 
    0x06, 0x50, 0x25, 0xE0, 0x18, 0x60, 0x9D, 0xE5, 0x0E, 0xA0, 0x23, 0xE0, 0x06, 0x50, 0x25, 0xE0, 
    0x10, 0x60, 0x9D, 0xE5, 0x01, 0xA0, 0x2A, 0xE0, 0x06, 0x50, 0x25, 0xE0, 0xE5, 0x5F, 0xA0, 0xE1, 
    0x10, 0x50, 0x8D, 0xE5, 0xEC, 0x6D, 0x8A, 0xE0, 0x05, 0x50, 0x86, 0xE0, 0x04, 0x50, 0x85, 0xE0, 
    0x02, 0x60, 0x85, 0xE0, 0x08, 0x20, 0x9D, 0xE5, 0x34, 0x50, 0x9D, 0xE5, 0x63, 0x31, 0xA0, 0xE1, 
    0x05, 0x20, 0x22, 0xE0, 0x1C, 0x50, 0x9D, 0xE5, 0x03, 0xA0, 0x2C, 0xE0, 0x05, 0x20, 0x22, 0xE0, 
    0x14, 0x50, 0x9D, 0xE5, 0x0E, 0xA0, 0x2A, 0xE0, 0x05, 0x20, 0x22, 0xE0, 0xE2, 0x2F, 0xA0, 0xE1, 
    0x14, 0x20, 0x8D, 0xE5, 0xE6, 0x5D, 0x8A, 0xE0, 0x02, 0x20, 0x85, 0xE0, 0x04, 0x20, 0x82, 0xE0, 
    0x01, 0x50, 0x82, 0xE0, 0x0C, 0x10, 0x9D, 0xE5, 0x38, 0x20, 0x9D, 0xE5, 0x6C, 0xC1, 0xA0, 0xE1, 
    0x02, 0x10, 0x21, 0xE0, 0x20, 0x20, 0x9D, 0xE5, 0x0C, 0xA0, 0x26, 0xE0, 0x02, 0x10, 0x21, 0xE0, 
    0x18, 0x20, 0x9D, 0xE5, 0x03, 0xA0, 0x2A, 0xE0, 0x02, 0x10, 0x21, 0xE0, 0xE1, 0x1F, 0xA0, 0xE1, 
    0x18, 0x10, 0x8D, 0xE5, 0xE5, 0x2D, 0x8A, 0xE0, 0x01, 0x10, 0x82, 0xE0, 0x04, 0x10, 0x81, 0xE0, 
    0x0E, 0x20, 0x81, 0xE0, 0x66, 0xE1, 0xA0, 0xE1, 0x3C, 0x60, 0x9D, 0xE5, 0x10, 0x10, 0x9D, 0xE5, 
    0x0E, 0xA0, 0x25, 0xE0, 0x06, 0x10, 0x21, 0xE0, 0x24, 0x60, 0x9D, 0xE5, 0x0C, 0xA0, 0x2A, 0xE0, 
    0x06, 0x10, 0x21, 0xE0, 0x1C, 0x60, 0x9D, 0xE5, 0x06, 0x10, 0x21, 0xE0, 0xE1, 0x1F, 0xA0, 0xE1, 
    0x1C, 0x10, 0x8D, 0xE5, 0xE2, 0x6D, 0x8A, 0xE0, 0x01, 0x10, 0x86, 0xE0, 0x04, 0x10, 0x81, 0xE0, 
    0x03, 0x10, 0x81, 0xE0, 0x65, 0x31, 0xA0, 0xE1, 0x00, 0x50, 0x9D, 0xE5, 0x14, 0x40, 0x9D, 0xE5, 
    0x03, 0xA0, 0x82, 0xE1, 0x05, 0x40, 0x24, 0xE0, 0x28, 0x50, 0x9D, 0xE5, 0x03, 0x60, 0x02, 0xE0, 
    0x05, 0x40, 0x24, 0xE0, 0x20, 0x50, 0x9D, 0xE5, 0x0E, 0xA0, 0x0A, 0xE0, 0x0A, 0x60, 0x86, 0xE1, 
    0x05, 0x40, 0x24, 0xE0, 0xE4, 0x4F, 0xA0, 0xE1, 0x20, 0x40, 0x8D, 0xE5, 0xE1, 0x5D, 0x86, 0xE0, 
    0x04, 0x40, 0x85, 0xE0, 0xF0, 0x57, 0x9F, 0xE5, 0x04, 0x60, 0x9D, 0xE5, 0x05, 0x40, 0x84, 0xE0, 
    0x0C, 0xC0, 0x84, 0xE0, 0x18, 0x40, 0x9D, 0xE5, 0x62, 0x21, 0xA0, 0xE1, 0x06, 0x40, 0x24, 0xE0, 
    0x2C, 0x60, 0x9D, 0xE5, 0x02, 0xB0, 0x81, 0xE1, 0x06, 0x40, 0x24, 0xE0, 0x24, 0x60, 0x9D, 0xE5, 
    0x02, 0xA0, 0x01, 0xE0, 0x03, 0xB0, 0x0B, 0xE0, 0x0B, 0xA0, 0x8A, 0xE1, 0x06, 0x40, 0x24, 0xE0, 
    0xEC, 0x6D, 0x8A, 0xE0, 0xE4, 0x4F, 0xA0, 0xE1, 0x24, 0x40, 0x8D, 0xE5, 0x04, 0x40, 0x86, 0xE0, 
    0x05, 0x40, 0x84, 0xE0, 0x0E, 0xE0, 0x84, 0xE0, 0x1C, 0x40, 0x9D, 0xE5, 0x08, 0x60, 0x9D, 0xE5, 
    0x61, 0x11, 0xA0, 0xE1, 0x06, 0x40, 0x24, 0xE0, 0x30, 0x60, 0x9D, 0xE5, 0x01, 0xB0, 0x8C, 0xE1, 
    0x06, 0x40, 0x24, 0xE0, 0x28, 0x60, 0x9D, 0xE5, 0x01, 0xA0, 0x0C, 0xE0, 0x02, 0xB0, 0x0B, 0xE0, 
    0x0B, 0xA0, 0x8A, 0xE1, 0x06, 0x40, 0x24, 0xE0, 0xEE, 0x6D, 0x8A, 0xE0, 0xE4, 0x4F, 0xA0, 0xE1, 
    0x28, 0x40, 0x8D, 0xE5, 0x04, 0x40, 0x86, 0xE0, 0x05, 0x40, 0x84, 0xE0, 0x03, 0x30, 0x84, 0xE0, 
    0x20, 0x40, 0x9D, 0xE5, 0x0C, 0x60, 0x9D, 0xE5, 0x6C, 0xC1, 0xA0, 0xE1, 0x06, 0x40, 0x24, 0xE0, 
    0x34, 0x60, 0x9D, 0xE5, 0x0C, 0xB0, 0x8E, 0xE1, 0x06, 0x40, 0x24, 0xE0, 0x2C, 0x60, 0x9D, 0xE5, 
    0x0C, 0xA0, 0x0E, 0xE0, 0x01, 0xB0, 0x0B, 0xE0, 0x0B, 0xA0, 0x8A, 0xE1, 0x06, 0x40, 0x24, 0xE0, 
    0xE3, 0x6D, 0x8A, 0xE0, 0xE4, 0x4F, 0xA0, 0xE1, 0x2C, 0x40, 0x8D, 0xE5, 0x04, 0x40, 0x86, 0xE0, 
    0x05, 0x40, 0x84, 0xE0, 0x02, 0x20, 0x84, 0xE0, 0x24, 0x40, 0x9D, 0xE5, 0x10, 0x60, 0x9D, 0xE5, 
    0x6E, 0xE1, 0xA0, 0xE1, 0x06, 0x40, 0x24, 0xE0, 0x38, 0x60, 0x9D, 0xE5, 0x0E, 0xB0, 0x83, 0xE1, 
    0x06, 0x40, 0x24, 0xE0, 0x30, 0x60, 0x9D, 0xE5, 0x0E, 0xA0, 0x03, 0xE0, 0x0C, 0xB0, 0x0B, 0xE0, 
    0x0B, 0xA0, 0x8A, 0xE1, 0x06, 0x40, 0x24, 0xE0, 0xE2, 0x6D, 0x8A, 0xE0, 0xE4, 0x4F, 0xA0, 0xE1, 
    0x30, 0x40, 0x8D, 0xE5, 0x04, 0x40, 0x86, 0xE0, 0x05, 0x40, 0x84, 0xE0, 0x01, 0x10, 0x84, 0xE0, 
    0x28, 0x40, 0x9D, 0xE5, 0x14, 0x60, 0x9D, 0xE5, 0x63, 0x31, 0xA0, 0xE1, 0x06, 0x40, 0x24, 0xE0, 
    0x3C, 0x60, 0x9D, 0xE5, 0x03, 0xB0, 0x82, 0xE1, 0x06, 0x40, 0x24, 0xE0, 0x34, 0x60, 0x9D, 0xE5, 
    0x03, 0xA0, 0x02, 0xE0, 0x0E, 0xB0, 0x0B, 0xE0, 0x0B, 0xA0, 0x8A, 0xE1, 0x06, 0x40, 0x24, 0xE0, 
    0xE1, 0x6D, 0x8A, 0xE0, 0xE4, 0x4F, 0xA0, 0xE1, 0x34, 0x40, 0x8D, 0xE5, 0x04, 0x40, 0x86, 0xE0, 
    0x05, 0x40, 0x84, 0xE0, 0x0C, 0xC0, 0x84, 0xE0, 0x2C, 0x40, 0x9D, 0xE5, 0x18, 0x60, 0x9D, 0xE5, 
    0x62, 0x21, 0xA0, 0xE1, 0x06, 0x40, 0x24, 0xE0, 0x00, 0x60, 0x9D, 0xE5, 0x02, 0xB0, 0x81, 0xE1, 
    0x06, 0x40, 0x24, 0xE0, 0x38, 0x60, 0x9D, 0xE5, 0x02, 0xA0, 0x01, 0xE0, 0x03, 0xB0, 0x0B, 0xE0, 
    0x0B, 0xA0, 0x8A, 0xE1, 0x06, 0x40, 0x24, 0xE0, 0xEC, 0x6D, 0x8A, 0xE0, 0xE4, 0x4F, 0xA0, 0xE1, 
    0x38, 0x40, 0x8D, 0xE5, 0x04, 0x40, 0x86, 0xE0, 0x05, 0x40, 0x84, 0xE0, 0x0E, 0xE0, 0x84, 0xE0, 
    0x30, 0x40, 0x9D, 0xE5, 0x1C, 0x60, 0x9D, 0xE5, 0x61, 0x11, 0xA0, 0xE1, 0x06, 0x40, 0x24, 0xE0, 
    0x04, 0x60, 0x9D, 0xE5, 0x01, 0xB0, 0x8C, 0xE1, 0x06, 0x40, 0x24, 0xE0, 0x3C, 0x60, 0x9D, 0xE5, 
    0x01, 0xA0, 0x0C, 0xE0, 0x02, 0xB0, 0x0B, 0xE0, 0x0B, 0xA0, 0x8A, 0xE1, 0x06, 0x40, 0x24, 0xE0, 
    0xEE, 0x6D, 0x8A, 0xE0, 0xE4, 0x4F, 0xA0, 0xE1, 0x3C, 0x40, 0x8D, 0xE5, 0x04, 0x40, 0x86, 0xE0, 
    0x05, 0x40, 0x84, 0xE0, 0x03, 0x30, 0x84, 0xE0, 0x34, 0x40, 0x9D, 0xE5, 0x20, 0x60, 0x9D, 0xE5, 
    0x6C, 0xC1, 0xA0, 0xE1, 0x06, 0x40, 0x24, 0xE0, 0x08, 0x60, 0x9D, 0xE5, 0x0C, 0xB0, 0x8E, 0xE1, 
    0x06, 0x40, 0x24, 0xE0, 0x00, 0x60, 0x9D, 0xE5, 0x0C, 0xA0, 0x0E, 0xE0, 0x01, 0xB0, 0x0B, 0xE0, 
    0x0B, 0xA0, 0x8A, 0xE1, 0x06, 0x40, 0x24, 0xE0, 0xE4, 0x4F, 0xA0, 0xE1, 0xE3, 0x6D, 0x8A, 0xE0, 
    0x00, 0x40, 0x8D, 0xE5, 0x04, 0x40, 0x86, 0xE0, 0x05, 0x40, 0x84, 0xE0, 0x02, 0x20, 0x84, 0xE0, 
    0x38, 0x40, 0x9D, 0xE5, 0x24, 0x60, 0x9D, 0xE5, 0x6E, 0xE1, 0xA0, 0xE1, 0x06, 0x40, 0x24, 0xE0, 
    0x0C, 0x60, 0x9D, 0xE5, 0x0E, 0xB0, 0x83, 0xE1, 0x06, 0x40, 0x24, 0xE0, 0x04, 0x60, 0x9D, 0xE5, 
    0x0E, 0xA0, 0x03, 0xE0, 0x0C, 0xB0, 0x0B, 0xE0, 0x06, 0x40, 0x24, 0xE0, 0x0B, 0xA0, 0x8A, 0xE1, 
    0xE4, 0x4F, 0xA0, 0xE1, 0x04, 0x40, 0x8D, 0xE5, 0xE2, 0x6D, 0x8A, 0xE0, 0x04, 0x40, 0x86, 0xE0, 
    0x05, 0x40, 0x84, 0xE0, 0x01, 0x10, 0x84, 0xE0, 0x3C, 0x40, 0x9D, 0xE5, 0x28, 0x60, 0x9D, 0xE5, 
    0x63, 0x31, 0xA0, 0xE1, 0x06, 0x40, 0x24, 0xE0, 0x10, 0x60, 0x9D, 0xE5, 0x03, 0xB0, 0x82, 0xE1, 
    0x06, 0x40, 0x24, 0xE0, 0x08, 0x60, 0x9D, 0xE5, 0x0E, 0xB0, 0x0B, 0xE0, 0x06, 0x40, 0x24, 0xE0, 
    0x03, 0xA0, 0x02, 0xE0, 0x0B, 0xA0, 0x8A, 0xE1, 0xE4, 0x4F, 0xA0, 0xE1, 0x08, 0x40, 0x8D, 0xE5, 
    0xE1, 0x6D, 0x8A, 0xE0, 0x04, 0x40, 0x86, 0xE0, 0x05, 0x40, 0x84, 0xE0, 0x0C, 0xC0, 0x84, 0xE0, 
    0x00, 0x40, 0x9D, 0xE5, 0x2C, 0x60, 0x9D, 0xE5, 0x62, 0x21, 0xA0, 0xE1, 0x06, 0x40, 0x24, 0xE0, 
    0x14, 0x60, 0x9D, 0xE5, 0x02, 0xB0, 0x81, 0xE1, 0x06, 0x40, 0x24, 0xE0, 0x0C, 0x60, 0x9D, 0xE5, 
    0x02, 0xA0, 0x01, 0xE0, 0x03, 0xB0, 0x0B, 0xE0, 0x0B, 0xA0, 0x8A, 0xE1, 0x06, 0x40, 0x24, 0xE0, 
    0xEC, 0x6D, 0x8A, 0xE0, 0xE4, 0x4F, 0xA0, 0xE1, 0x0C, 0x40, 0x8D, 0xE5, 0x04, 0x40, 0x86, 0xE0, 
    0x05, 0x40, 0x84, 0xE0, 0x0E, 0xE0, 0x84, 0xE0, 0x04, 0x40, 0x9D, 0xE5, 0x30, 0x60, 0x9D, 0xE5, 
    0x61, 0x11, 0xA0, 0xE1, 0x06, 0x40, 0x24, 0xE0, 0x18, 0x60, 0x9D, 0xE5, 0x01, 0xB0, 0x8C, 0xE1, 
    0x06, 0x40, 0x24, 0xE0, 0x10, 0x60, 0x9D, 0xE5, 0x01, 0xA0, 0x0C, 0xE0, 0x02, 0xB0, 0x0B, 0xE0, 
    0x0B, 0xA0, 0x8A, 0xE1, 0x06, 0x40, 0x24, 0xE0, 0xEE, 0x6D, 0x8A, 0xE0, 0xE4, 0x4F, 0xA0, 0xE1, 
    0x10, 0x40, 0x8D, 0xE5, 0x04, 0x40, 0x86, 0xE0, 0x05, 0x40, 0x84, 0xE0, 0x03, 0x30, 0x84, 0xE0, 
    0x08, 0x40, 0x9D, 0xE5, 0x34, 0x60, 0x9D, 0xE5, 0x6C, 0xC1, 0xA0, 0xE1, 0x06, 0x40, 0x24, 0xE0, 
    0x1C, 0x60, 0x9D, 0xE5, 0x0C, 0xB0, 0x8E, 0xE1, 0x06, 0x40, 0x24, 0xE0, 0x14, 0x60, 0x9D, 0xE5, 
    0x0C, 0xA0, 0x0E, 0xE0, 0x01, 0xB0, 0x0B, 0xE0, 0x0B, 0xA0, 0x8A, 0xE1, 0x06, 0x40, 0x24, 0xE0, 
    0xE3, 0x6D, 0x8A, 0xE0, 0xE4, 0x4F, 0xA0, 0xE1, 0x14, 0x40, 0x8D, 0xE5, 0x04, 0x40, 0x86, 0xE0, 
    0x05, 0x40, 0x84, 0xE0, 0x02, 0x20, 0x84, 0xE0, 0x0C, 0x40, 0x9D, 0xE5, 0x38, 0x60, 0x9D, 0xE5, 
    0x6E, 0xE1, 0xA0, 0xE1, 0x06, 0x40, 0x24, 0xE0, 0x20, 0x60, 0x9D, 0xE5, 0x0E, 0xB0, 0x83, 0xE1, 
    0x06, 0x40, 0x24, 0xE0, 0x18, 0x60, 0x9D, 0xE5, 0x0E, 0xA0, 0x03, 0xE0, 0x0C, 0xB0, 0x0B, 0xE0, 
    0x0B, 0xA0, 0x8A, 0xE1, 0x06, 0x40, 0x24, 0xE0, 0xE2, 0x6D, 0x8A, 0xE0, 0xE4, 0x4F, 0xA0, 0xE1, 
    0x18, 0x40, 0x8D, 0xE5, 0x04, 0x40, 0x86, 0xE0, 0x05, 0x40, 0x84, 0xE0, 0x01, 0x10, 0x84, 0xE0, 
    0x10, 0x40, 0x9D, 0xE5, 0x3C, 0x60, 0x9D, 0xE5, 0x63, 0x31, 0xA0, 0xE1, 0x06, 0x40, 0x24, 0xE0, 
    0x24, 0x60, 0x9D, 0xE5, 0x03, 0xB0, 0x82, 0xE1, 0x06, 0x40, 0x24, 0xE0, 0x1C, 0x60, 0x9D, 0xE5, 
    0x03, 0xA0, 0x02, 0xE0, 0x0E, 0xB0, 0x0B, 0xE0, 0x0B, 0xA0, 0x8A, 0xE1, 0x06, 0x40, 0x24, 0xE0, 
    0xE1, 0x6D, 0x8A, 0xE0, 0xE4, 0x4F, 0xA0, 0xE1, 0x1C, 0x40, 0x8D, 0xE5, 0x04, 0x40, 0x86, 0xE0, 
    0x05, 0x40, 0x84, 0xE0, 0x0C, 0xC0, 0x84, 0xE0, 0x14, 0x40, 0x9D, 0xE5, 0x00, 0x60, 0x9D, 0xE5, 
    0x62, 0x21, 0xA0, 0xE1, 0x06, 0x40, 0x24, 0xE0, 0x28, 0x60, 0x9D, 0xE5, 0x02, 0xB0, 0x81, 0xE1, 
    0x06, 0x40, 0x24, 0xE0, 0x20, 0x60, 0x9D, 0xE5, 0x02, 0xA0, 0x01, 0xE0, 0x03, 0xB0, 0x0B, 0xE0, 
    0x0B, 0xA0, 0x8A, 0xE1, 0x06, 0x40, 0x24, 0xE0, 0xEC, 0x6D, 0x8A, 0xE0, 0xE4, 0x4F, 0xA0, 0xE1, 
    0x20, 0x40, 0x8D, 0xE5, 0x04, 0x40, 0x86, 0xE0, 0x05, 0x40, 0x84, 0xE0, 0x0E, 0xE0, 0x84, 0xE0, 
    0x18, 0x40, 0x9D, 0xE5, 0x04, 0x60, 0x9D, 0xE5, 0x61, 0x11, 0xA0, 0xE1, 0x06, 0x40, 0x24, 0xE0, 
    0x2C, 0x60, 0x9D, 0xE5, 0x01, 0xB0, 0x8C, 0xE1, 0x06, 0x40, 0x24, 0xE0, 0x24, 0x60, 0x9D, 0xE5, 
    0x01, 0xA0, 0x0C, 0xE0, 0x02, 0xB0, 0x0B, 0xE0, 0x0B, 0xA0, 0x8A, 0xE1, 0x06, 0x40, 0x24, 0xE0, 
    0xE4, 0x4F, 0xA0, 0xE1, 0xEE, 0x6D, 0x8A, 0xE0, 0x24, 0x40, 0x8D, 0xE5, 0x04, 0x40, 0x86, 0xE0, 
    0x05, 0x40, 0x84, 0xE0, 0x03, 0x30, 0x84, 0xE0, 0x1C, 0x40, 0x9D, 0xE5, 0x08, 0x60, 0x9D, 0xE5, 
    0x6C, 0xC1, 0xA0, 0xE1, 0x06, 0x40, 0x24, 0xE0, 0x30, 0x60, 0x9D, 0xE5, 0x0C, 0xB0, 0x8E, 0xE1, 
    0x06, 0x40, 0x24, 0xE0, 0x28, 0x60, 0x9D, 0xE5, 0x0C, 0xA0, 0x0E, 0xE0, 0x01, 0xB0, 0x0B, 0xE0, 
    0x06, 0x40, 0x24, 0xE0, 0x0B, 0xA0, 0x8A, 0xE1, 0xE4, 0x4F, 0xA0, 0xE1, 0x28, 0x40, 0x8D, 0xE5, 
    0xE3, 0x6D, 0x8A, 0xE0, 0x04, 0x40, 0x86, 0xE0, 0x05, 0x40, 0x84, 0xE0, 0x02, 0x20, 0x84, 0xE0, 
    0x20, 0x40, 0x9D, 0xE5, 0x0C, 0x60, 0x9D, 0xE5, 0x6E, 0xE1, 0xA0, 0xE1, 0x06, 0x40, 0x24, 0xE0, 
    0x34, 0x60, 0x9D, 0xE5, 0x0E, 0xB0, 0x83, 0xE1, 0x06, 0x40, 0x24, 0xE0, 0x2C, 0x60, 0x9D, 0xE5, 
    0x0C, 0xB0, 0x0B, 0xE0, 0x06, 0x40, 0x24, 0xE0, 0x0E, 0xA0, 0x03, 0xE0, 0x0B, 0xA0, 0x8A, 0xE1, 
    0xE4, 0x4F, 0xA0, 0xE1, 0x2C, 0x40, 0x8D, 0xE5, 0xE2, 0x6D, 0x8A, 0xE0, 0x04, 0x40, 0x86, 0xE0, 
    0x05, 0x40, 0x84, 0xE0, 0x01, 0x10, 0x84, 0xE0, 0x24, 0x40, 0x9D, 0xE5, 0x10, 0x50, 0x9D, 0xE5, 
    0x63, 0x31, 0xA0, 0xE1, 0x05, 0x40, 0x24, 0xE0, 0x38, 0x50, 0x9D, 0xE5, 0x03, 0x60, 0x22, 0xE0, 
    0x05, 0x40, 0x24, 0xE0, 0x30, 0x50, 0x9D, 0xE5, 0x0E, 0x60, 0x26, 0xE0, 0x05, 0x40, 0x24, 0xE0, 
    0xE4, 0x4F, 0xA0, 0xE1, 0xE1, 0x5D, 0x86, 0xE0, 0x04, 0x50, 0x85, 0xE0, 0x30, 0x40, 0x8D, 0xE5, 
    0x58, 0x42, 0x9F, 0xE5, 0x14, 0x60, 0x9D, 0xE5, 0x04, 0x50, 0x45, 0xE0, 0x0C, 0xC0, 0x85, 0xE0, 
    0x28, 0x50, 0x9D, 0xE5, 0x62, 0x21, 0xA0, 0xE1, 0x06, 0x50, 0x25, 0xE0, 0x3C, 0x60, 0x9D, 0xE5, 
    0x02, 0xA0, 0x21, 0xE0, 0x06, 0x50, 0x25, 0xE0, 0x34, 0x60, 0x9D, 0xE5, 0x03, 0xA0, 0x2A, 0xE0, 
    0x06, 0x50, 0x25, 0xE0, 0xE5, 0x5F, 0xA0, 0xE1, 0x34, 0x50, 0x8D, 0xE5, 0xEC, 0x6D, 0x8A, 0xE0, 
    0x05, 0x50, 0x86, 0xE0, 0x04, 0x50, 0x45, 0xE0, 0x0E, 0xE0, 0x85, 0xE0, 0x2C, 0x50, 0x9D, 0xE5, 
    0x18, 0x60, 0x9D, 0xE5, 0x61, 0x11, 0xA0, 0xE1, 0x06, 0x50, 0x25, 0xE0, 0x00, 0x60, 0x9D, 0xE5, 
    0x01, 0xA0, 0x2C, 0xE0, 0x06, 0x50, 0x25, 0xE0, 0x38, 0x60, 0x9D, 0xE5, 0x06, 0x50, 0x25, 0xE0, 
    0x02, 0xA0, 0x2A, 0xE0, 0xE5, 0x5F, 0xA0, 0xE1, 0x38, 0x50, 0x8D, 0xE5, 0xEE, 0x6D, 0x8A, 0xE0, 
    0x05, 0x50, 0x86, 0xE0, 0x04, 0x50, 0x45, 0xE0, 0x03, 0x30, 0x85, 0xE0, 0x30, 0x50, 0x9D, 0xE5, 
    0x1C, 0x60, 0x9D, 0xE5, 0x6C, 0xC1, 0xA0, 0xE1, 0x06, 0x50, 0x25, 0xE0, 0x04, 0x60, 0x9D, 0xE5, 
    0x0C, 0xA0, 0x2E, 0xE0, 0x06, 0x50, 0x25, 0xE0, 0x3C, 0x60, 0x9D, 0xE5, 0x01, 0xA0, 0x2A, 0xE0, 
    0x06, 0x50, 0x25, 0xE0, 0xE5, 0x5F, 0xA0, 0xE1, 0x3C, 0x50, 0x8D, 0xE5, 0xE3, 0x6D, 0x8A, 0xE0, 
    0x05, 0x50, 0x86, 0xE0, 0x04, 0x50, 0x45, 0xE0, 0x02, 0x20, 0x85, 0xE0, 0x34, 0x50, 0x9D, 0xE5, 
    0x20, 0x60, 0x9D, 0xE5, 0x6E, 0xE1, 0xA0, 0xE1, 0x06, 0x50, 0x25, 0xE0, 0x08, 0x60, 0x9D, 0xE5, 
    0x0E, 0xA0, 0x23, 0xE0, 0x06, 0x50, 0x25, 0xE0, 0x00, 0x60, 0x9D, 0xE5, 0x0C, 0xA0, 0x2A, 0xE0, 
    0x06, 0x50, 0x25, 0xE0, 0xE5, 0x5F, 0xA0, 0xE1, 0x00, 0x50, 0x8D, 0xE5, 0xE2, 0x6D, 0x8A, 0xE0, 
    0x05, 0x50, 0x86, 0xE0, 0x04, 0x50, 0x45, 0xE0, 0x01, 0x10, 0x85, 0xE0, 0x38, 0x50, 0x9D, 0xE5, 
    0x24, 0x60, 0x9D, 0xE5, 0x63, 0x31, 0xA0, 0xE1, 0x06, 0x50, 0x25, 0xE0, 0x0C, 0x60, 0x9D, 0xE5, 
    0x03, 0xA0, 0x22, 0xE0, 0x06, 0x50, 0x25, 0xE0, 0x04, 0x60, 0x9D, 0xE5, 0x0E, 0xA0, 0x2A, 0xE0, 
    0x06, 0x50, 0x25, 0xE0, 0xE5, 0x5F, 0xA0, 0xE1, 0x04, 0x50, 0x8D, 0xE5, 0xE1, 0x6D, 0x8A, 0xE0, 
    0x05, 0x50, 0x86, 0xE0, 0x04, 0x50, 0x45, 0xE0, 0x0C, 0xC0, 0x85, 0xE0, 0x3C, 0x50, 0x9D, 0xE5, 
    0x28, 0x60, 0x9D, 0xE5, 0x62, 0x21, 0xA0, 0xE1, 0x06, 0x50, 0x25, 0xE0, 0x10, 0x60, 0x9D, 0xE5, 
    0x02, 0xA0, 0x21, 0xE0, 0x06, 0x50, 0x25, 0xE0, 0x08, 0x60, 0x9D, 0xE5, 0x03, 0xA0, 0x2A, 0xE0, 
    0x06, 0x50, 0x25, 0xE0, 0xE5, 0x5F, 0xA0, 0xE1, 0x08, 0x50, 0x8D, 0xE5, 0xEC, 0x6D, 0x8A, 0xE0, 
    0x05, 0x50, 0x86, 0xE0, 0x04, 0x50, 0x45, 0xE0, 0x0E, 0xE0, 0x85, 0xE0, 0x00, 0x50, 0x9D, 0xE5, 
    0x2C, 0x60, 0x9D, 0xE5, 0x61, 0x11, 0xA0, 0xE1, 0x06, 0x50, 0x25, 0xE0, 0x14, 0x60, 0x9D, 0xE5, 
    0x01, 0xA0, 0x2C, 0xE0, 0x06, 0x50, 0x25, 0xE0, 0x0C, 0x60, 0x9D, 0xE5, 0x02, 0xA0, 0x2A, 0xE0, 
    0x06, 0x50, 0x25, 0xE0, 0xE5, 0x5F, 0xA0, 0xE1, 0x0C, 0x50, 0x8D, 0xE5, 0xEE, 0x6D, 0x8A, 0xE0, 
    0x05, 0x50, 0x86, 0xE0, 0x04, 0x50, 0x45, 0xE0, 0x03, 0x30, 0x85, 0xE0, 0x04, 0x50, 0x9D, 0xE5, 
    0x30, 0x60, 0x9D, 0xE5, 0x6C, 0xC1, 0xA0, 0xE1, 0x06, 0x50, 0x25, 0xE0, 0x18, 0x60, 0x9D, 0xE5, 
    0x0C, 0xA0, 0x2E, 0xE0, 0x06, 0x50, 0x25, 0xE0, 0x10, 0x60, 0x9D, 0xE5, 0x01, 0xA0, 0x2A, 0xE0, 
    0x06, 0x50, 0x25, 0xE0, 0xE5, 0x5F, 0xA0, 0xE1, 0x10, 0x50, 0x8D, 0xE5, 0xE3, 0x6D, 0x8A, 0xE0, 
    0x05, 0x50, 0x86, 0xE0, 0x04, 0x50, 0x45, 0xE0, 0x02, 0x20, 0x85, 0xE0, 0x08, 0x50, 0x9D, 0xE5, 
    0x34, 0x60, 0x9D, 0xE5, 0x6E, 0xE1, 0xA0, 0xE1, 0x06, 0x50, 0x25, 0xE0, 0x1C, 0x60, 0x9D, 0xE5, 
    0x0E, 0xA0, 0x23, 0xE0, 0x06, 0x50, 0x25, 0xE0, 0x14, 0x60, 0x9D, 0xE5, 0x0C, 0xA0, 0x2A, 0xE0, 
    0x06, 0x50, 0x25, 0xE0, 0xE5, 0x5F, 0xA0, 0xE1, 0xE2, 0x6D, 0x8A, 0xE0, 0x08, 0x00, 0x00, 0xEA, 
    0x01, 0x23, 0x45, 0x67, 0x89, 0xAB, 0xCD, 0xEF, 0xFE, 0xDC, 0xBA, 0x98, 0x76, 0x54, 0x32, 0x10, 
    0xF0, 0xE1, 0xD2, 0xC3, 0x99, 0x79, 0x82, 0x5A, 0xA1, 0xEB, 0xD9, 0x6E, 0xDC, 0xBC, 0x1B, 0x8F, 
    0x2A, 0x3E, 0x9D, 0x35, 0x14, 0x50, 0x8D, 0xE5, 0x05, 0x50, 0x86, 0xE0, 0x04, 0x50, 0x45, 0xE0, 
    0x01, 0x10, 0x85, 0xE0, 0x0C, 0x50, 0x9D, 0xE5, 0x38, 0x60, 0x9D, 0xE5, 0x63, 0x31, 0xA0, 0xE1, 
    0x06, 0x50, 0x25, 0xE0, 0x20, 0x60, 0x9D, 0xE5, 0x03, 0xA0, 0x22, 0xE0, 0x06, 0x50, 0x25, 0xE0, 
    0x18, 0x60, 0x9D, 0xE5, 0x0E, 0xA0, 0x2A, 0xE0, 0x06, 0x50, 0x25, 0xE0, 0xE5, 0x5F, 0xA0, 0xE1, 
    0x18, 0x50, 0x8D, 0xE5, 0xE1, 0x6D, 0x8A, 0xE0, 0x05, 0x50, 0x86, 0xE0, 0x04, 0x50, 0x45, 0xE0, 
    0x0C, 0xC0, 0x85, 0xE0, 0x10, 0x50, 0x9D, 0xE5, 0x3C, 0x60, 0x9D, 0xE5, 0x62, 0x21, 0xA0, 0xE1, 
    0x06, 0x50, 0x25, 0xE0, 0x24, 0x60, 0x9D, 0xE5, 0x02, 0xA0, 0x21, 0xE0, 0x06, 0x50, 0x25, 0xE0, 
    0x1C, 0x60, 0x9D, 0xE5, 0x03, 0xA0, 0x2A, 0xE0, 0x06, 0x50, 0x25, 0xE0, 0xE5, 0x5F, 0xA0, 0xE1, 
    0x1C, 0x50, 0x8D, 0xE5, 0xEC, 0x6D, 0x8A, 0xE0, 0x05, 0x50, 0x86, 0xE0, 0x04, 0x50, 0x45, 0xE0, 
    0x0E, 0xE0, 0x85, 0xE0, 0x14, 0x50, 0x9D, 0xE5, 0x00, 0x60, 0x9D, 0xE5, 0x61, 0x11, 0xA0, 0xE1, 
    0x06, 0x50, 0x25, 0xE0, 0x28, 0x60, 0x9D, 0xE5, 0x01, 0xA0, 0x2C, 0xE0, 0x06, 0x50, 0x25, 0xE0, 
    0x20, 0x60, 0x9D, 0xE5, 0x02, 0xA0, 0x2A, 0xE0, 0x06, 0x50, 0x25, 0xE0, 0xE5, 0x5F, 0xA0, 0xE1, 
    0x20, 0x50, 0x8D, 0xE5, 0xEE, 0x6D, 0x8A, 0xE0, 0x05, 0x50, 0x86, 0xE0, 0x04, 0x50, 0x45, 0xE0, 
    0x03, 0x30, 0x85, 0xE0, 0x18, 0x50, 0x9D, 0xE5, 0x04, 0x60, 0x9D, 0xE5, 0x6C, 0xC1, 0xA0, 0xE1, 
    0x06, 0x50, 0x25, 0xE0, 0x2C, 0x60, 0x9D, 0xE5, 0x0C, 0xA0, 0x2E, 0xE0, 0x06, 0x50, 0x25, 0xE0, 
    0x24, 0x60, 0x9D, 0xE5, 0x01, 0xA0, 0x2A, 0xE0, 0x06, 0x50, 0x25, 0xE0, 0xE5, 0x5F, 0xA0, 0xE1, 
    0x24, 0x50, 0x8D, 0xE5, 0xE3, 0x6D, 0x8A, 0xE0, 0x05, 0x50, 0x86, 0xE0, 0x04, 0x50, 0x45, 0xE0, 
    0x02, 0x20, 0x85, 0xE0, 0x1C, 0x50, 0x9D, 0xE5, 0x08, 0x60, 0x9D, 0xE5, 0x6E, 0xE1, 0xA0, 0xE1, 
    0x06, 0x50, 0x25, 0xE0, 0x30, 0x60, 0x9D, 0xE5, 0x0E, 0xA0, 0x23, 0xE0, 0x06, 0x50, 0x25, 0xE0, 
    0x28, 0x60, 0x9D, 0xE5, 0x0C, 0xA0, 0x2A, 0xE0, 0x06, 0x50, 0x25, 0xE0, 0xE5, 0x5F, 0xA0, 0xE1, 
    0x28, 0x50, 0x8D, 0xE5, 0xE2, 0x6D, 0x8A, 0xE0, 0x05, 0x50, 0x86, 0xE0, 0x04, 0x50, 0x45, 0xE0, 
    0x01, 0x10, 0x85, 0xE0, 0x20, 0x50, 0x9D, 0xE5, 0x0C, 0x60, 0x9D, 0xE5, 0x63, 0x31, 0xA0, 0xE1, 
    0x06, 0x50, 0x25, 0xE0, 0x34, 0x60, 0x9D, 0xE5, 0x03, 0xA0, 0x22, 0xE0, 0x06, 0x50, 0x25, 0xE0, 
    0x2C, 0x60, 0x9D, 0xE5, 0x0E, 0xA0, 0x2A, 0xE0, 0x06, 0x50, 0x25, 0xE0, 0xE5, 0x5F, 0xA0, 0xE1, 
    0x2C, 0x50, 0x8D, 0xE5, 0xE1, 0x6D, 0x8A, 0xE0, 0x05, 0x50, 0x86, 0xE0, 0x04, 0x50, 0x45, 0xE0, 
    0x0C, 0xC0, 0x85, 0xE0, 0x24, 0x50, 0x9D, 0xE5, 0x10, 0x60, 0x9D, 0xE5, 0x62, 0x21, 0xA0, 0xE1, 
    0x06, 0x50, 0x25, 0xE0, 0x38, 0x60, 0x9D, 0xE5, 0x02, 0xA0, 0x21, 0xE0, 0x06, 0x50, 0x25, 0xE0, 
    0x30, 0x60, 0x9D, 0xE5, 0x03, 0xA0, 0x2A, 0xE0, 0x06, 0x50, 0x25, 0xE0, 0xE5, 0x5F, 0xA0, 0xE1, 
    0x30, 0x50, 0x8D, 0xE5, 0xEC, 0x6D, 0x8A, 0xE0, 0x05, 0x50, 0x86, 0xE0, 0x04, 0x50, 0x45, 0xE0, 
    0x0E, 0xE0, 0x85, 0xE0, 0x28, 0x50, 0x9D, 0xE5, 0x14, 0x60, 0x9D, 0xE5, 0x61, 0x11, 0xA0, 0xE1, 
    0x06, 0x50, 0x25, 0xE0, 0x3C, 0x60, 0x9D, 0xE5, 0x01, 0xA0, 0x2C, 0xE0, 0x06, 0x50, 0x25, 0xE0, 
    0x34, 0x60, 0x9D, 0xE5, 0x02, 0xA0, 0x2A, 0xE0, 0x06, 0x50, 0x25, 0xE0, 0xEE, 0x6D, 0x8A, 0xE0, 
    0xE5, 0x5F, 0x86, 0xE0, 0x04, 0x50, 0x45, 0xE0, 0x03, 0x30, 0x85, 0xE0, 0x2C, 0x50, 0x9D, 0xE5, 
    0x18, 0x60, 0x9D, 0xE5, 0x6C, 0xC1, 0xA0, 0xE1, 0x06, 0x50, 0x25, 0xE0, 0x00, 0x60, 0x9D, 0xE5, 
    0x0C, 0xA0, 0x2E, 0xE0, 0x06, 0x50, 0x25, 0xE0, 0x38, 0x60, 0x9D, 0xE5, 0x01, 0xA0, 0x2A, 0xE0, 
    0x06, 0x50, 0x25, 0xE0, 0xE3, 0x6D, 0x8A, 0xE0, 0xE5, 0x5F, 0x86, 0xE0, 0x04, 0x50, 0x45, 0xE0, 
    0x02, 0x20, 0x85, 0xE0, 0x30, 0x50, 0x9D, 0xE5, 0x1C, 0x60, 0x9D, 0xE5, 0x6E, 0xE1, 0xA0, 0xE1, 
    0x06, 0x50, 0x25, 0xE0, 0x04, 0x60, 0x9D, 0xE5, 0x0E, 0xA0, 0x23, 0xE0, 0x06, 0x50, 0x25, 0xE0, 
    0x3C, 0x60, 0x9D, 0xE5, 0x0C, 0xA0, 0x2A, 0xE0, 0x06, 0x50, 0x25, 0xE0, 0xE2, 0x6D, 0x8A, 0xE0, 
    0xE5, 0x5F, 0x86, 0xE0, 0x04, 0x40, 0x45, 0xE0, 0x01, 0x10, 0x84, 0xE0, 0x44, 0x40, 0x9D, 0xE5, 
    0x01, 0x10, 0x84, 0xE0, 0x08, 0x10, 0x80, 0xE5, 0x40, 0x10, 0x9D, 0xE5, 0x02, 0x10, 0x81, 0xE0, 
    0x0C, 0x10, 0x80, 0xE5, 0x63, 0x11, 0x87, 0xE0, 0x10, 0x10, 0x80, 0xE5, 0x0E, 0x10, 0x88, 0xE0, 
    0x14, 0x10, 0x80, 0xE5, 0x0C, 0x10, 0x89, 0xE0, 0x18, 0x10, 0x80, 0xE5, 0x48, 0xD0, 0x8D, 0xE2, 
    0xF0, 0x8F, 0xBD, 0xE8, 0xF0, 0x41, 0x2D, 0xE9, 0x00, 0x50, 0xA0, 0xE1, 0x04, 0x00, 0x90, 0xE5, 
    0x01, 0x60, 0xA0, 0xE1, 0x3F, 0x70, 0x00, 0xE2, 0x02, 0x00, 0x80, 0xE0, 0x04, 0x00, 0x85, 0xE5, 
    0x02, 0x00, 0x50, 0xE1, 0x00, 0x00, 0x95, 0x35, 0x40, 0x80, 0x67, 0xE2, 0x01, 0x00, 0x80, 0x32, 
    0x00, 0x00, 0x85, 0x35, 0x00, 0x00, 0x57, 0xE3, 0x02, 0x40, 0xA0, 0xE1, 0x15, 0x00, 0x00, 0x0A, 
    0x08, 0x00, 0x54, 0xE1, 0x13, 0x00, 0x00, 0x3A, 0x00, 0x00, 0xA0, 0xE3, 0x08, 0x00, 0x50, 0xE1, 
    0x00, 0x10, 0xD6, 0x37, 0x00, 0x20, 0x87, 0x30, 0x05, 0x20, 0x82, 0x30, 0x1C, 0x10, 0xC2, 0x35, 
    0x01, 0x00, 0x80, 0x32, 0xF8, 0xFF, 0xFF, 0x3A, 0x1C, 0x10, 0x85, 0xE2, 0x05, 0x00, 0xA0, 0xE1, 
    0x4E, 0xFB, 0xFF, 0xEB, 0x08, 0x40, 0x44, 0xE0, 0x08, 0x60, 0x86, 0xE0, 0x00, 0x70, 0xA0, 0xE3, 
    0x04, 0x00, 0x00, 0xEA, 0x06, 0x10, 0xA0, 0xE1, 0x05, 0x00, 0xA0, 0xE1, 0x47, 0xFB, 0xFF, 0xEB, 
    0x40, 0x40, 0x44, 0xE2, 0x40, 0x60, 0x86, 0xE2, 0x40, 0x00, 0x54, 0xE3, 0xF8, 0xFF, 0xFF, 0x2A, 
    0x00, 0x00, 0x54, 0xE3, 0xF0, 0x81, 0xBD, 0x08, 0x00, 0x00, 0xA0, 0xE3, 0x04, 0x00, 0x50, 0xE1, 
    0x00, 0x10, 0xD6, 0x37, 0x00, 0x20, 0x87, 0x30, 0x05, 0x20, 0x82, 0x30, 0x1C, 0x10, 0xC2, 0x35, 
    0x01, 0x00, 0x80, 0x32, 0xF8, 0xFF, 0xFF, 0x3A, 0xF0, 0x81, 0xBD, 0xE8, 0x3C, 0x40, 0x2D, 0xE9, 
    0x01, 0x50, 0xA0, 0xE1, 0x04, 0x10, 0x90, 0xE5, 0x00, 0x40, 0xA0, 0xE1, 0x00, 0x20, 0x94, 0xE5, 
    0xA1, 0x0E, 0xA0, 0xE1, 0x82, 0x01, 0x80, 0xE1, 0x20, 0x2C, 0xA0, 0xE1, 0x00, 0x20, 0xCD, 0xE5, 
    0x20, 0x28, 0xA0, 0xE1, 0x01, 0x20, 0xCD, 0xE5, 0x20, 0x24, 0xA0, 0xE1, 0x02, 0x20, 0xCD, 0xE5, 
    0x03, 0x00, 0xCD, 0xE5, 0x81, 0x11, 0xA0, 0xE1, 0x21, 0x0C, 0xA0, 0xE1, 0x04, 0x00, 0xCD, 0xE5, 
    0x21, 0x08, 0xA0, 0xE1, 0x05, 0x00, 0xCD, 0xE5, 0x21, 0x04, 0xA0, 0xE1, 0x06, 0x00, 0xCD, 0xE5, 
    0x07, 0x10, 0xCD, 0xE5, 0x04, 0x00, 0x94, 0xE5, 0x70, 0x10, 0x9F, 0xE5, 0x3F, 0x00, 0x00, 0xE2, 
    0x38, 0x00, 0x50, 0xE3, 0x78, 0x20, 0x60, 0x22, 0x38, 0x20, 0x60, 0x32, 0x04, 0x00, 0xA0, 0xE1, 
    0xAF, 0xFF, 0xFF, 0xEB, 0x08, 0x20, 0xA0, 0xE3, 0x0D, 0x10, 0xA0, 0xE1, 0x04, 0x00, 0xA0, 0xE1, 
    0xAB, 0xFF, 0xFF, 0xEB, 0x08, 0x00, 0x84, 0xE2, 0x00, 0x10, 0xA0, 0xE3, 0x00, 0x20, 0x90, 0xE5, 
    0x22, 0x2C, 0xA0, 0xE1, 0x01, 0x20, 0xC5, 0xE7, 0x00, 0x20, 0x90, 0xE5, 0x22, 0x38, 0xA0, 0xE1, 
    0x01, 0x20, 0x85, 0xE0, 0x01, 0x30, 0xC2, 0xE5, 0x00, 0x30, 0x90, 0xE5, 0x04, 0x10, 0x81, 0xE2, 
    0x23, 0x34, 0xA0, 0xE1, 0x02, 0x30, 0xC2, 0xE5, 0x04, 0x30, 0x90, 0xE4, 0xFF, 0x10, 0x01, 0xE2, 
    0x14, 0x00, 0x51, 0xE3, 0x03, 0x30, 0xC2, 0xE5, 0xEF, 0xFF, 0xFF, 0x3A, 0x3C, 0x80, 0xBD, 0xE8, 
    0x00, 0x20, 0x00, 0x30, 0x03, 0x00, 0x52, 0xE3, 0x5C, 0x00, 0x00, 0x9A, 0x03, 0xC0, 0x10, 0xE2, 
    0x08, 0x00, 0x00, 0x0A, 0x01, 0x30, 0xD1, 0xE4, 0x02, 0x00, 0x5C, 0xE3, 0x0C, 0x20, 0x82, 0xE0, 
    0x01, 0xC0, 0xD1, 0x94, 0x01, 0x30, 0xC0, 0xE4, 0x01, 0x30, 0xD1, 0x34, 0x04, 0x20, 0x42, 0xE2, 
    0x01, 0xC0, 0xC0, 0x94, 0x01, 0x30, 0xC0, 0x34, 0x03, 0x30, 0x11, 0xE2, 0x3C, 0x00, 0x00, 0x0A, 
    0x04, 0x20, 0x52, 0xE2, 0x4D, 0x00, 0x00, 0x3A, 0x03, 0xC0, 0x31, 0xE7, 0x02, 0x00, 0x53, 0xE3, 
    0x08, 0x00, 0x00, 0x0A, 0x0F, 0x00, 0x00, 0x8A, 0x2C, 0x34, 0xA0, 0xE1, 0x04, 0xC0, 0xB1, 0xE5, 
    0x04, 0x20, 0x52, 0xE2, 0x0C, 0x3C, 0x83, 0xE1, 0x04, 0x30, 0x80, 0xE4, 0xF9, 0xFF, 0xFF, 0x2A, 
    0x01, 0x10, 0x81, 0xE2, 0x41, 0x00, 0x00, 0xEA, 0x2C, 0x38, 0xA0, 0xE1, 0x04, 0xC0, 0xB1, 0xE5, 
    0x04, 0x20, 0x52, 0xE2, 0x0C, 0x38, 0x83, 0xE1, 0x04, 0x30, 0x80, 0xE4, 0xF9, 0xFF, 0xFF, 0x2A, 
    0x02, 0x10, 0x81, 0xE2, 0x39, 0x00, 0x00, 0xEA, 0x2C, 0x3C, 0xA0, 0xE1, 0x04, 0xC0, 0xB1, 0xE5, 
    0x04, 0x20, 0x52, 0xE2, 0x0C, 0x34, 0x83, 0xE1, 0x04, 0x30, 0x80, 0xE4, 0xF9, 0xFF, 0xFF, 0x2A, 
    0x03, 0x10, 0x81, 0xE2, 0x31, 0x00, 0x00, 0xEA, 0x01, 0x30, 0x80, 0xE1, 0x03, 0x00, 0x13, 0xE3, 
    0x04, 0xE0, 0x2D, 0xE5, 0x0D, 0x00, 0x00, 0x1A, 0x60, 0xC0, 0x9F, 0xE5, 0x02, 0x00, 0x00, 0xEA, 
    0x04, 0x00, 0x80, 0xE2, 0x04, 0x10, 0x81, 0xE2, 0x04, 0x20, 0x42, 0xE2, 0x04, 0x00, 0x52, 0xE3, 
    0x00, 0x30, 0x90, 0x25, 0x00, 0xE0, 0x91, 0x25, 0x0E, 0x00, 0x53, 0x21, 0x03, 0x00, 0x00, 0x1A, 
    0x0C, 0xE0, 0x43, 0xE0, 0x03, 0x30, 0xCE, 0xE1, 0x8C, 0x03, 0x13, 0xE1, 0xF3, 0xFF, 0xFF, 0x0A, 
    0x00, 0x00, 0x52, 0xE3, 0x00, 0x00, 0xA0, 0x03, 0x04, 0xF0, 0x9D, 0x04, 0x01, 0x30, 0xD0, 0xE4, 
    0x01, 0xC0, 0xD1, 0xE4, 0x01, 0x00, 0x53, 0xE3, 0x0C, 0x00, 0x53, 0x21, 0x01, 0x00, 0x00, 0x1A, 
    0x01, 0x20, 0x52, 0xE2, 0xF8, 0xFF, 0xFF, 0x1A, 0x0C, 0x00, 0x43, 0xE0, 0x04, 0xF0, 0x9D, 0xE4, 
    0x01, 0x01, 0x01, 0x01, 0x10, 0x40, 0x2D, 0xE9, 0x20, 0x20, 0x52, 0xE2, 0x05, 0x00, 0x00, 0x3A, 
    0x18, 0x50, 0xB1, 0x28, 0x18, 0x50, 0xA0, 0x28, 0x18, 0x50, 0xB1, 0x28, 0x18, 0x50, 0xA0, 0x28, 
    0x20, 0x20, 0x52, 0x22, 0xF9, 0xFF, 0xFF, 0x2A, 0x02, 0xCE, 0xB0, 0xE1, 0x18, 0x50, 0xB1, 0x28, 
    0x18, 0x50, 0xA0, 0x28, 0x18, 0x00, 0xB1, 0x48, 0x18, 0x00, 0xA0, 0x48, 0x10, 0x40, 0xBD, 0xE8, 
    0x02, 0xCF, 0xB0, 0xE1, 0x04, 0x30, 0x91, 0x24, 0x04, 0x30, 0x80, 0x24, 0x0E, 0xF0, 0xA0, 0x01, 
    0x82, 0x2F, 0xB0, 0xE1, 0x01, 0x20, 0xD1, 0x44, 0x01, 0x30, 0xD1, 0x24, 0x01, 0xC0, 0xD1, 0x24, 
    0x01, 0x20, 0xC0, 0x44, 0x01, 0x30, 0xC0, 0x24, 0x01, 0xC0, 0xC0, 0x24, 0x0E, 0xF0, 0xA0, 0xE1, 
    0xFF, 0x41, 0x2D, 0xE9, 0x00, 0x80, 0xA0, 0xE1, 0x00, 0x50, 0xA0, 0xE3, 0x01, 0x60, 0xA0, 0xE3, 
    0x08, 0x40, 0xA0, 0xE1, 0xF0, 0x10, 0x9F, 0xE5, 0x0D, 0x00, 0xA0, 0xE1, 0x8C, 0x10, 0x91, 0xE8, 
    0x8C, 0x10, 0x80, 0xE8, 0x01, 0x70, 0xA0, 0xE3, 0x00, 0x00, 0xA0, 0xE1, 0x00, 0x00, 0x57, 0xE3, 
    0x2E, 0x00, 0x00, 0x0A, 0xD4, 0x00, 0x9F, 0xE5, 0x6C, 0x50, 0x90, 0xE5, 0x04, 0x00, 0x15, 0xE3, 
    0x16, 0x00, 0x00, 0x0A, 0xC8, 0x00, 0x9F, 0xE5, 0x00, 0x00, 0x90, 0xE5, 0x0E, 0x10, 0x90, 0xE8, 
    0x0E, 0x10, 0x84, 0xE8, 0x10, 0x20, 0xA0, 0xE3, 0x0D, 0x10, 0xA0, 0xE1, 0x04, 0x00, 0xA0, 0xE1, 
    0xAC, 0xFF, 0xFF, 0xEB, 0x00, 0x00, 0x50, 0xE3, 0x00, 0x00, 0x00, 0x0A, 0x00, 0x60, 0xA0, 0xE3, 
    0x98, 0x00, 0x9F, 0xE5, 0x78, 0x00, 0x90, 0xE5, 0x04, 0x00, 0x80, 0xE3, 0x8C, 0x10, 0x9F, 0xE5, 
    0x78, 0x00, 0x81, 0xE5, 0x84, 0x00, 0x9F, 0xE5, 0x78, 0x00, 0x90, 0xE5, 0x01, 0x00, 0x80, 0xE3, 
    0x78, 0x10, 0x9F, 0xE5, 0x78, 0x00, 0x81, 0xE5, 0x00, 0x70, 0xA0, 0xE3, 0x12, 0x00, 0x00, 0xEA, 
    0x02, 0x00, 0x15, 0xE3, 0x10, 0x00, 0x00, 0x0A, 0x64, 0x00, 0x9F, 0xE5, 0x00, 0x00, 0x90, 0xE5, 
    0x0E, 0x10, 0x90, 0xE8, 0x0E, 0x10, 0x84, 0xE8, 0x50, 0x00, 0x9F, 0xE5, 0x78, 0x00, 0x90, 0xE5, 
    0x02, 0x00, 0x80, 0xE3, 0x44, 0x10, 0x9F, 0xE5, 0x78, 0x00, 0x81, 0xE5, 0x10, 0x20, 0xA0, 0xE3, 
    0x0D, 0x10, 0xA0, 0xE1, 0x04, 0x00, 0xA0, 0xE1, 0x8E, 0xFF, 0xFF, 0xEB, 0x00, 0x00, 0x50, 0xE3, 
    0x00, 0x00, 0x00, 0x0A, 0x00, 0x60, 0xA0, 0xE3, 0x10, 0x40, 0x84, 0xE2, 0xCE, 0xFF, 0xFF, 0xEA, 
    0x00, 0x00, 0x56, 0xE3, 0x02, 0x00, 0x00, 0x0A, 0x02, 0x00, 0xA0, 0xE3, 0x10, 0xD0, 0x8D, 0xE2, 
    0xF0, 0x81, 0xBD, 0xE8, 0x03, 0x00, 0xA0, 0xE3, 0xFB, 0xFF, 0xFF, 0xEA, 0x18, 0x52, 0x40, 0x00, 
    0x00, 0x00, 0x20, 0xF7, 0x14, 0x52, 0x40, 0x00, 0x04, 0xF0, 0x1F, 0xE5, 0x2C, 0x47, 0x40, 0x00, 
    0x80, 0x00, 0x00, 0x00, 0x00, 0x00, 0x00, 0x00, 0x00, 0x00, 0x00, 0x00, 0x00, 0x00, 0x00, 0x00, 
    0x00, 0x00, 0x00, 0x00, 0x00, 0x00, 0x00, 0x00, 0x00, 0x00, 0x00, 0x00, 0x00, 0x00, 0x00, 0x00, 
    0x00, 0x00, 0x00, 0x00, 0x00, 0x00, 0x00, 0x00, 0x00, 0x00, 0x00, 0x00, 0x00, 0x00, 0x00, 0x00, 
    0x00, 0x00, 0x00, 0x00, 0x00, 0x00, 0x00, 0x00, 0x00, 0x00, 0x00, 0x00, 0x00, 0x00, 0x00, 0x00, 
    0x4C, 0x20, 0x00, 0x30, 0xC0, 0x21, 0x00, 0x30, 0xA8, 0x20, 0x00, 0x30, 0x00, 0x00, 0x00, 0x00, 
    0x00, 0x00, 0x00, 0x00, 0x00, 0x00, 0x00, 0x00, 0x00, 0x00, 0x00, 0x00, 0x00, 0x00, 0x00, 0x00, 
    0x00, 0x00, 0x00, 0x00, 0x00, 0x00, 0x00, 0x00, 0x00, 0x00, 0x00, 0x00, 0x00, 0x00, 0x00, 0x00, 
    0x00, 0x00, 0x00, 0x00, 0x00, 0x00, 0x00, 0x00, 0x00, 0x00, 0x00, 0x00, 0x00, 0x00, 0x00, 0x00, 
    0x00, 0x00, 0x00, 0x00, 0x00, 0x00, 0x00, 0x00, 0x00, 0x00, 0x00, 0x00, 0x00, 0x00, 0x00, 0x00, 
    0xFF, 0xFF, 0xFF, 0xFF, 0xFF, 0xFF, 0xFF, 0xFF, 0xFF, 0xFF, 0xFF, 0xFF, 0xFF, 0xFF, 0xFF, 0xFF, 
    0xFF, 0xFF, 0xFF, 0xFF, 0xFF, 0xFF, 0xFF, 0xFF, 0xFF, 0xFF, 0xFF, 0xFF, 0xFF, 0xFF, 0xFF, 0xFF, 
    0xFF, 0xFF, 0xFF, 0xFF, 0xFF, 0xFF, 0xFF, 0xFF, 0xFF, 0xFF, 0xFF, 0xFF, 0xFF, 0xFF, 0xFF, 0xFF, 
    0xFF, 0xFF, 0xFF, 0xFF, 0xFF, 0xFF, 0xFF, 0xFF, 0xFF, 0xFF, 0xFF, 0xFF, 0xFF, 0xFF, 0xFF, 0xFF, 
    0xFF, 0xFF, 0xFF, 0xFF, 0xFF, 0xFF, 0xFF, 0xFF, 0xFF, 0xFF, 0xFF, 0xFF, 0xFF, 0xFF, 0xFF, 0xFF, 
    0xFF, 0xFF, 0xFF, 0xFF, 0xFF, 0xFF, 0xFF, 0xFF, 0xFF, 0xFF, 0xFF, 0xFF, 0xFF, 0xFF, 0xFF, 0xFF, 
    0xFF, 0xFF, 0xFF, 0xFF, 0xFF, 0xFF, 0xFF, 0xFF, 0xFF, 0xFF, 0xFF, 0xFF, 0xFF, 0xFF, 0xFF, 0xFF, 
    0xFF, 0xFF, 0xFF, 0xFF, 0xFF, 0xFF, 0xFF, 0xFF, 0xFF, 0xFF, 0xFF, 0xFF, 0xFF, 0xFF, 0xFF, 0xFF, 
    0xFF, 0xFF, 0xFF, 0xFF, 0xFF, 0xFF, 0xFF, 0xFF, 0xFF, 0xFF, 0xFF, 0xFF, 0xFF, 0xFF, 0xFF, 0xFF, 
    0xFF, 0xFF, 0xFF, 0xFF, 0xFF, 0xFF, 0xFF, 0xFF, 0xFF, 0xFF, 0xFF, 0xFF, 0xFF, 0xFF, 0xFF, 0xFF, 
    0xFF, 0xFF, 0xFF, 0xFF, 0xFF, 0xFF, 0xFF, 0xFF, 0xFF, 0xFF, 0xFF, 0xFF, 0xFF, 0xFF, 0xFF, 0xFF, 
    0xFF, 0xFF, 0xFF, 0xFF, 0xFF, 0xFF, 0xFF, 0xFF, 0xFF, 0xFF, 0xFF, 0xFF, 0xFF, 0xFF, 0xFF, 0xFF, 
    0xFF, 0xFF, 0xFF, 0xFF, 0xFF, 0xFF, 0xFF, 0xFF, 0xFF, 0xFF, 0xFF, 0xFF, 0xFF, 0xFF, 0xFF, 0xFF, 
    0xFF, 0xFF, 0xFF, 0xFF, 0xFF, 0xFF, 0xFF, 0xFF, 0xFF, 0xFF, 0xFF, 0xFF, 0xFF, 0xFF, 0xFF, 0xFF, 
    0xFF, 0xFF, 0xFF, 0xFF, 0xFF, 0xFF, 0xFF, 0xFF, 0xFF, 0xFF, 0xFF, 0xFF, 0xFF, 0xFF, 0xFF, 0xFF, 
    0xFF, 0xFF, 0xFF, 0xFF, 0xFF, 0xFF, 0xFF, 0xFF, 0xFF, 0xFF, 0xFF, 0xFF, 0xFF, 0xFF, 0xFF, 0xFF, 
    0xFF, 0xFF, 0xFF, 0xFF, 0xFF, 0xFF, 0xFF, 0xFF, 0xFF, 0xFF, 0xFF, 0xFF, 0xFF, 0xFF, 0xFF, 0xFF, 
    0xFF, 0xFF, 0xFF, 0xFF, 0xFF, 0xFF, 0xFF, 0xFF, 0xFF, 0xFF, 0xFF, 0xFF, 0xFF, 0xFF, 0xFF, 0xFF, 
    0xFF, 0xFF, 0xFF, 0xFF, 0xFF, 0xFF, 0xFF, 0xFF, 0xFF, 0xFF, 0xFF, 0xFF, 0xFF, 0xFF, 0xFF, 0xFF, 
    0xFF, 0xFF, 0xFF, 0xFF, 0xFF, 0xFF, 0xFF, 0xFF, 0xFF, 0xFF, 0xFF, 0xFF, 0xFF, 0xFF, 0xFF, 0xFF, 
    0xFF, 0xFF, 0xFF, 0xFF, 0xFF, 0xFF, 0xFF, 0xFF, 0xFF, 0xFF, 0xFF, 0xFF, 0xFF, 0xFF, 0xFF, 0xFF, 
    0xFF, 0xFF, 0xFF, 0xFF, 0xFF, 0xFF, 0xFF, 0xFF, 0xFF, 0xFF, 0xFF, 0xFF, 0xFF, 0xFF, 0xFF, 0xFF, 
    0xFF, 0xFF, 0xFF, 0xFF, 0xFF, 0xFF, 0xFF, 0xFF, 0xFF, 0xFF, 0xFF, 0xFF, 0xFF, 0xFF, 0xFF, 0xFF, 
    0xFF, 0xFF, 0xFF, 0xFF, 0xFF, 0xFF, 0xFF, 0xFF, 0xFF, 0xFF, 0xFF, 0xFF, 0xFF, 0xFF, 0xFF, 0xFF, 
    0xFF, 0xFF, 0xFF, 0xFF, 0xFF, 0xFF, 0xFF, 0xFF, 0xFF, 0xFF, 0xFF, 0xFF, 0xFF, 0xFF, 0xFF, 0xFF, 
    0xFF, 0xFF, 0xFF, 0xFF, 0xFF, 0xFF, 0xFF, 0xFF, 0xFF, 0xFF, 0xFF, 0xFF, 0xFF, 0xFF, 0xFF, 0xFF, 
    0xFF, 0xFF, 0xFF, 0xFF, 0xFF, 0xFF, 0xFF, 0xFF, 0xFF, 0xFF, 0xFF, 0xFF, 0xFF, 0xFF, 0xFF, 0xFF, 
    0xFF, 0xFF, 0xFF, 0xFF, 0xFF, 0xFF, 0xFF, 0xFF, 0xFF, 0xFF, 0xFF, 0xFF, 0xFF, 0xFF, 0xFF, 0xFF, 
    0xFF, 0xFF, 0xFF, 0xFF, 0xFF, 0xFF, 0xFF, 0xFF, 0xFF, 0xFF, 0xFF, 0xFF, 0xFF, 0xFF, 0xFF, 0xFF, 
    0xFF, 0xFF, 0xFF, 0xFF, 0xFF, 0xFF, 0xFF, 0xFF, 0xFF, 0xFF, 0xFF, 0xFF, 0xFF, 0xFF, 0xFF, 0xFF, 
    0xFF, 0xFF, 0xFF, 0xFF, 0xFF, 0xFF, 0xFF, 0xFF, 0xFF, 0xFF, 0xFF, 0xFF, 0xFF, 0xFF, 0xFF, 0xFF, 
    0xFF, 0xFF, 0xFF, 0xFF, 0xFF, 0xFF, 0xFF, 0xFF, 0xFF, 0xFF, 0xFF, 0xFF, 0xFF, 0xFF, 0xFF, 0xFF, 
    0xFF, 0xFF, 0xFF, 0xFF, 0xFF, 0xFF, 0xFF, 0xFF, 0xFF, 0xFF, 0xFF, 0xFF, 0xFF, 0xFF, 0xFF, 0xFF, 
    0xFF, 0xFF, 0xFF, 0xFF, 0xFF, 0xFF, 0xFF, 0xFF, 0xFF, 0xFF, 0xFF, 0xFF, 0xFF, 0xFF, 0xFF, 0xFF, 
    0xFF, 0xFF, 0xFF, 0xFF, 0xFF, 0xFF, 0xFF, 0xFF, 0xFF, 0xFF, 0xFF, 0xFF, 0xFF, 0xFF, 0xFF, 0xFF, 
    0xFF, 0xFF, 0xFF, 0xFF, 0xFF, 0xFF, 0xFF, 0xFF, 0xFF, 0xFF, 0xFF, 0xFF, 0xFF, 0xFF, 0xFF, 0xFF, 
    0xFF, 0xFF, 0xFF, 0xFF, 0xFF, 0xFF, 0xFF, 0xFF, 0xFF, 0xFF, 0xFF, 0xFF, 0xFF, 0xFF, 0xFF, 0xFF, 
    0xFF, 0xFF, 0xFF, 0xFF, 0xFF, 0xFF, 0xFF, 0xFF, 0xFF, 0xFF, 0xFF, 0xFF, 0xFF, 0xFF, 0xFF, 0xFF, 
    0xFF, 0xFF, 0xFF, 0xFF, 0xFF, 0xFF, 0xFF, 0xFF, 0xFF, 0xFF, 0xFF, 0xFF, 0xFF, 0xFF, 0xFF, 0xFF, 
    0xFF, 0xFF, 0xFF, 0xFF, 0xFF, 0xFF, 0xFF, 0xFF, 0xFF, 0xFF, 0xFF, 0xFF, 0xFF, 0xFF, 0xFF, 0xFF, 
    0xFF, 0xFF, 0xFF, 0xFF, 0xFF, 0xFF, 0xFF, 0xFF, 0xFF, 0xFF, 0xFF, 0xFF, 0xFF, 0xFF, 0xFF, 0xFF, 
    0xFF, 0xFF, 0xFF, 0xFF, 0xFF, 0xFF, 0xFF, 0xFF, 0xFF, 0xFF, 0xFF, 0xFF, 0xFF, 0xFF, 0xFF, 0xFF, 
    0xFF, 0xFF, 0xFF, 0xFF, 0xFF, 0xFF, 0xFF, 0xFF, 0xFF, 0xFF, 0xFF, 0xFF, 0xFF, 0xFF, 0xFF, 0xFF, 
    0xFF, 0xFF, 0xFF, 0xFF, 0xFF, 0xFF, 0xFF, 0xFF, 0xFF, 0xFF, 0xFF, 0xFF, 0xFF, 0xFF, 0xFF, 0xFF, 
    0xFF, 0xFF, 0xFF, 0xFF, 0xFF, 0xFF, 0xFF, 0xFF, 0xFF, 0xFF, 0xFF, 0xFF, 0xFF, 0xFF, 0xFF, 0xFF, 
    0xFF, 0xFF, 0xFF, 0xFF, 0xFF, 0xFF, 0xFF, 0xFF, 0xFF, 0xFF, 0xFF, 0xFF, 0xFF, 0xFF, 0xFF, 0xFF, 
    0xFF, 0xFF, 0xFF, 0xFF, 0xFF, 0xFF, 0xFF, 0xFF, 0xFF, 0xFF, 0xFF, 0xFF, 0xFF, 0xFF, 0xFF, 0xFF, 
    0xFF, 0xFF, 0xFF, 0xFF, 0xFF, 0xFF, 0xFF, 0xFF, 0xFF, 0xFF, 0xFF, 0xFF, 0xFF, 0xFF, 0xFF, 0xFF, 
    0xFF, 0xFF, 0xFF, 0xFF, 0xFF, 0xFF, 0xFF, 0xFF, 0xFF, 0xFF, 0xFF, 0xFF, 0xFF, 0xFF, 0xFF, 0xFF, 
    0xFF, 0xFF, 0xFF, 0xFF, 0xFF, 0xFF, 0xFF, 0xFF, 0xFF, 0xFF, 0xFF, 0xFF, 0xFF, 0xFF, 0xFF, 0xFF, 
    0xFF, 0xFF, 0xFF, 0xFF, 0xFF, 0xFF, 0xFF, 0xFF, 0xFF, 0xFF, 0xFF, 0xFF, 0xFF, 0xFF, 0xFF, 0xFF, 
    0xFF, 0xFF, 0xFF, 0xFF, 0xFF, 0xFF, 0xFF, 0xFF, 0xFF, 0xFF, 0xFF, 0xFF, 0xFF, 0xFF, 0xFF, 0xFF, 
    0xFF, 0xFF, 0xFF, 0xFF, 0xFF, 0xFF, 0xFF, 0xFF, 0xFF, 0xFF, 0xFF, 0xFF, 0xFF, 0xFF, 0xFF, 0xFF, 
    0xFF, 0xFF, 0xFF, 0xFF, 0xFF, 0xFF, 0xFF, 0xFF, 0xFF, 0xFF, 0xFF, 0xFF, 0xFF, 0xFF, 0xFF, 0xFF, 
    0xFF, 0xFF, 0xFF, 0xFF, 0xFF, 0xFF, 0xFF, 0xFF, 0xFF, 0xFF, 0xFF, 0xFF, 0xFF, 0xFF, 0xFF, 0xFF, 
    0xFF, 0xFF, 0xFF, 0xFF, 0xFF, 0xFF, 0xFF, 0xFF, 0xFF, 0xFF, 0xFF, 0xFF, 0xFF, 0xFF, 0xFF, 0xFF, 
    0xFF, 0xFF, 0xFF, 0xFF, 0xFF, 0xFF, 0xFF, 0xFF, 0xFF, 0xFF, 0xFF, 0xFF, 0xFF, 0xFF, 0xFF, 0xFF, 
    0xFF, 0xFF, 0xFF, 0xFF, 0xFF, 0xFF, 0xFF, 0xFF, 0xFF, 0xFF, 0xFF, 0xFF, 0xFF, 0xFF, 0xFF, 0xFF, 
    0xFF, 0xFF, 0xFF, 0xFF, 0xFF, 0xFF, 0xFF, 0xFF, 0xFF, 0xFF, 0xFF, 0xFF, 0xFF, 0xFF, 0xFF, 0xFF, 
    0xFF, 0xFF, 0xFF, 0xFF, 0xFF, 0xFF, 0xFF, 0xFF, 0xFF, 0xFF, 0xFF, 0xFF, 0xFF, 0xFF, 0xFF, 0xFF, 
    0xFF, 0xFF, 0xFF, 0xFF, 0xFF, 0xFF, 0xFF, 0xFF, 0xFF, 0xFF, 0xFF, 0xFF, 0xFF, 0xFF, 0xFF, 0xFF, 
    0xFF, 0xFF, 0xFF, 0xFF, 0xFF, 0xFF, 0xFF, 0xFF, 0xFF, 0xFF, 0xFF, 0xFF, 0xFF, 0xFF, 0xFF, 0xFF, 
    0xFF, 0xFF, 0xFF, 0xFF, 0xFF, 0xFF, 0xFF, 0xFF, 0xFF, 0xFF, 0xFF, 0xFF, 0xFF, 0xFF, 0xFF, 0xFF, 
    0xFF, 0xFF, 0xFF, 0xFF, 0xFF, 0xFF, 0xFF, 0xFF, 0xFF, 0xFF, 0xFF, 0xFF, 0xFF, 0xFF, 0xFF, 0xFF, 
    0xFF, 0xFF, 0xFF, 0xFF, 0xFF, 0xFF, 0xFF, 0xFF, 0xFF, 0xFF, 0xFF, 0xFF, 0xFF, 0xFF, 0xFF, 0xFF, 
    0xFF, 0xFF, 0xFF, 0xFF, 0xFF, 0xFF, 0xFF, 0xFF, 0xFF, 0xFF, 0xFF, 0xFF, 0xFF, 0xFF, 0xFF, 0xFF, 
    0xFF, 0xFF, 0xFF, 0xFF, 0xFF, 0xFF, 0xFF, 0xFF, 0xFF, 0xFF, 0xFF, 0xFF, 0xFF, 0xFF, 0xFF, 0xFF, 
    0xFF, 0xFF, 0xFF, 0xFF, 0xFF, 0xFF, 0xFF, 0xFF, 0xFF, 0xFF, 0xFF, 0xFF, 0xFF, 0xFF, 0xFF, 0xFF, 
    0xFF, 0xFF, 0xFF, 0xFF, 0xFF, 0xFF, 0xFF, 0xFF, 0xFF, 0xFF, 0xFF, 0xFF, 0xFF, 0xFF, 0xFF, 0xFF, 
    0xFF, 0xFF, 0xFF, 0xFF, 0xFF, 0xFF, 0xFF, 0xFF, 0xFF, 0xFF, 0xFF, 0xFF, 0xFF, 0xFF, 0xFF, 0xFF, 
    0xFF, 0xFF, 0xFF, 0xFF, 0xFF, 0xFF, 0xFF, 0xFF, 0xFF, 0xFF, 0xFF, 0xFF, 0xFF, 0xFF, 0xFF, 0xFF, 
    0xFF, 0xFF, 0xFF, 0xFF, 0xFF, 0xFF, 0xFF, 0xFF, 0xFF, 0xFF, 0xFF, 0xFF, 0xFF, 0xFF, 0xFF, 0xFF, 
    0xFF, 0xFF, 0xFF, 0xFF, 0xFF, 0xFF, 0xFF, 0xFF, 0xFF, 0xFF, 0xFF, 0xFF, 0xFF, 0xFF, 0xFF, 0xFF, 
    0xFF, 0xFF, 0xFF, 0xFF, 0xFF, 0xFF, 0xFF, 0xFF, 0xFF, 0xFF, 0xFF, 0xFF, 0xFF, 0xFF, 0xFF, 0xFF, 
    0xFF, 0xFF, 0xFF, 0xFF, 0xFF, 0xFF, 0xFF, 0xFF, 0xFF, 0xFF, 0xFF, 0xFF, 0xFF, 0xFF, 0xFF, 0xFF, 
    0xFF, 0xFF, 0xFF, 0xFF, 0xFF, 0xFF, 0xFF, 0xFF, 0xFF, 0xFF, 0xFF, 0xFF, 0xFF, 0xFF, 0xFF, 0xFF, 
    0xFF, 0xFF, 0xFF, 0xFF, 0xFF, 0xFF, 0xFF, 0xFF, 0xFF, 0xFF, 0xFF, 0xFF, 0xFF, 0xFF, 0xFF, 0xFF, 
    0xFF, 0xFF, 0xFF, 0xFF, 0xFF, 0xFF, 0xFF, 0xFF, 0xFF, 0xFF, 0xFF, 0xFF, 0xFF, 0xFF, 0xFF, 0xFF, 
    0xFF, 0xFF, 0xFF, 0xFF, 0xFF, 0xFF, 0xFF, 0xFF, 0xFF, 0xFF, 0xFF, 0xFF, 0xFF, 0xFF, 0xFF, 0xFF, 
    0xFF, 0xFF, 0xFF, 0xFF, 0xFF, 0xFF, 0xFF, 0xFF, 0xFF, 0xFF, 0xFF, 0xFF, 0xFF, 0xFF, 0xFF, 0xFF, 
    0xFF, 0xFF, 0xFF, 0xFF, 0xFF, 0xFF, 0xFF, 0xFF, 0xFF, 0xFF, 0xFF, 0xFF, 0xFF, 0xFF, 0xFF, 0xFF, 
    0xFF, 0xFF, 0xFF, 0xFF, 0xFF, 0xFF, 0xFF, 0xFF, 0xFF, 0xFF, 0xFF, 0xFF, 0xFF, 0xFF, 0xFF, 0xFF, 
    0xFF, 0xFF, 0xFF, 0xFF, 0xFF, 0xFF, 0xFF, 0xFF, 0xFF, 0xFF, 0xFF, 0xFF, 0xFF, 0xFF, 0xFF, 0xFF, 
    0xFF, 0xFF, 0xFF, 0xFF, 0xFF, 0xFF, 0xFF, 0xFF, 0xFF, 0xFF, 0xFF, 0xFF, 0xFF, 0xFF, 0xFF, 0xFF, 
    0xFF, 0xFF, 0xFF, 0xFF, 0xFF, 0xFF, 0xFF, 0xFF, 0xFF, 0xFF, 0xFF, 0xFF, 0xFF, 0xFF, 0xFF, 0xFF, 
    0xFF, 0xFF, 0xFF, 0xFF, 0xFF, 0xFF, 0xFF, 0xFF, 0xFF, 0xFF, 0xFF, 0xFF, 0xFF, 0xFF, 0xFF, 0xFF, 
    0xFF, 0xFF, 0xFF, 0xFF, 0xFF, 0xFF, 0xFF, 0xFF, 0xFF, 0xFF, 0xFF, 0xFF, 0xFF, 0xFF, 0xFF, 0xFF, 
    0xFF, 0xFF, 0xFF, 0xFF, 0xFF, 0xFF, 0xFF, 0xFF, 0xFF, 0xFF, 0xFF, 0xFF, 0xFF, 0xFF, 0xFF, 0xFF, 
    0xFF, 0xFF, 0xFF, 0xFF, 0xFF, 0xFF, 0xFF, 0xFF, 0xFF, 0xFF, 0xFF, 0xFF, 0xFF, 0xFF, 0xFF, 0xFF, 
    0xFF, 0xFF, 0xFF, 0xFF, 0xFF, 0xFF, 0xFF, 0xFF, 0xFF, 0xFF, 0xFF, 0xFF, 0xFF, 0xFF, 0xFF, 0xFF, 
    0xFF, 0xFF, 0xFF, 0xFF, 0xFF, 0xFF, 0xFF, 0xFF, 0xFF, 0xFF, 0xFF, 0xFF, 0xFF, 0xFF, 0xFF, 0xFF, 
    0xFF, 0xFF, 0xFF, 0xFF, 0xFF, 0xFF, 0xFF, 0xFF, 0xFF, 0xFF, 0xFF, 0xFF, 0xFF, 0xFF, 0xFF, 0xFF, 
    0xFF, 0xFF, 0xFF, 0xFF, 0xFF, 0xFF, 0xFF, 0xFF, 0xFF, 0xFF, 0xFF, 0xFF, 0xFF, 0xFF, 0xFF, 0xFF, 
    0xFF, 0xFF, 0xFF, 0xFF, 0xFF, 0xFF, 0xFF, 0xFF, 0xFF, 0xFF, 0xFF, 0xFF, 0xFF, 0xFF, 0xFF, 0xFF, 
    0xFF, 0xFF, 0xFF, 0xFF, 0xFF, 0xFF, 0xFF, 0xFF, 0xFF, 0xFF, 0xFF, 0xFF, 0xFF, 0xFF, 0xFF, 0xFF, 
    0xFF, 0xFF, 0xFF, 0xFF, 0xFF, 0xFF, 0xFF, 0xFF, 0xFF, 0xFF, 0xFF, 0xFF, 0xFF, 0xFF, 0xFF, 0xFF, 
    0xFF, 0xFF, 0xFF, 0xFF, 0xFF, 0xFF, 0xFF, 0xFF, 0xFF, 0xFF, 0xFF, 0xFF, 0xFF, 0xFF, 0xFF, 0xFF, 
    0xFF, 0xFF, 0xFF, 0xFF, 0xFF, 0xFF, 0xFF, 0xFF, 0xFF, 0xFF, 0xFF, 0xFF, 0xFF, 0xFF, 0xFF, 0xFF, 
    0xFF, 0xFF, 0xFF, 0xFF, 0xFF, 0xFF, 0xFF, 0xFF, 0xFF, 0xFF, 0xFF, 0xFF, 0xFF, 0xFF, 0xFF, 0xFF, 
    0xFF, 0xFF, 0xFF, 0xFF, 0xFF, 0xFF, 0xFF, 0xFF, 0xFF, 0xFF, 0xFF, 0xFF, 0xFF, 0xFF, 0xFF, 0xFF, 
    0xFF, 0xFF, 0xFF, 0xFF, 0xFF, 0xFF, 0xFF, 0xFF, 0xFF, 0xFF, 0xFF, 0xFF, 0xFF, 0xFF, 0xFF, 0xFF, 
    0xFF, 0xFF, 0xFF, 0xFF, 0xFF, 0xFF, 0xFF, 0xFF, 0xFF, 0xFF, 0xFF, 0xFF, 0xFF, 0xFF, 0xFF, 0xFF, 
    0xFF, 0xFF, 0xFF, 0xFF, 0xFF, 0xFF, 0xFF, 0xFF, 0xFF, 0xFF, 0xFF, 0xFF, 0xFF, 0xFF, 0xFF, 0xFF, 
    0xFF, 0xFF, 0xFF, 0xFF, 0xFF, 0xFF, 0xFF, 0xFF, 0xFF, 0xFF, 0xFF, 0xFF, 0xFF, 0xFF, 0xFF, 0xFF, 
    0xFF, 0xFF, 0xFF, 0xFF, 0xFF, 0xFF, 0xFF, 0xFF, 0xFF, 0xFF, 0xFF, 0xFF, 0xFF, 0xFF, 0xFF, 0xFF, 
    0xFF, 0xFF, 0xFF, 0xFF, 0xFF, 0xFF, 0xFF, 0xFF, 0xFF, 0xFF, 0xFF, 0xFF, 0xFF, 0xFF, 0xFF, 0xFF, 
    0xFF, 0xFF, 0xFF, 0xFF, 0xFF, 0xFF, 0xFF, 0xFF, 0xFF, 0xFF, 0xFF, 0xFF, 0xFF, 0xFF, 0xFF, 0xFF, 
    0xFF, 0xFF, 0xFF, 0xFF, 0xFF, 0xFF, 0xFF, 0xFF, 0xFF, 0xFF, 0xFF, 0xFF, 0xFF, 0xFF, 0xFF, 0xFF, 
    0xFF, 0xFF, 0xFF, 0xFF, 0xFF, 0xFF, 0xFF, 0xFF, 0xFF, 0xFF, 0xFF, 0xFF, 0xFF, 0xFF, 0xFF, 0xFF, 
    0xFF, 0xFF, 0xFF, 0xFF, 0xFF, 0xFF, 0xFF, 0xFF, 0xFF, 0xFF, 0xFF, 0xFF, 0xFF, 0xFF, 0xFF, 0xFF, 
    0xFF, 0xFF, 0xFF, 0xFF, 0xFF, 0xFF, 0xFF, 0xFF, 0xFF, 0xFF, 0xFF, 0xFF, 0xFF, 0xFF, 0xFF, 0xFF, 
    0xFF, 0xFF, 0xFF, 0xFF, 0xFF, 0xFF, 0xFF, 0xFF, 0xFF, 0xFF, 0xFF, 0xFF, 0xFF, 0xFF, 0xFF, 0xFF, 
    0xFF, 0xFF, 0xFF, 0xFF, 0xFF, 0xFF, 0xFF, 0xFF, 0xFF, 0xFF, 0xFF, 0xFF, 0xFF, 0xFF, 0xFF, 0xFF, 
    0xFF, 0xFF, 0xFF, 0xFF, 0xFF, 0xFF, 0xFF, 0xFF, 0xFF, 0xFF, 0xFF, 0xFF, 0xFF, 0xFF, 0xFF, 0xFF, 
    0xFF, 0xFF, 0xFF, 0xFF, 0xFF, 0xFF, 0xFF, 0xFF, 0xFF, 0xFF, 0xFF, 0xFF, 0xFF, 0xFF, 0xFF, 0xFF, 
    0xFF, 0xFF, 0xFF, 0xFF, 0xFF, 0xFF, 0xFF, 0xFF, 0xFF, 0xFF, 0xFF, 0xFF, 0xFF, 0xFF, 0xFF, 0xFF, 
    0xFF, 0xFF, 0xFF, 0xFF, 0xFF, 0xFF, 0xFF, 0xFF, 0xFF, 0xFF, 0xFF, 0xFF, 0xFF, 0xFF, 0xFF, 0xFF, 
    0xFF, 0xFF, 0xFF, 0xFF, 0xFF, 0xFF, 0xFF, 0xFF, 0xFF, 0xFF, 0xFF, 0xFF, 0xFF, 0xFF, 0xFF, 0xFF, 
    0xFF, 0xFF, 0xFF, 0xFF, 0xFF, 0xFF, 0xFF, 0xFF, 0xFF, 0xFF, 0xFF, 0xFF, 0xFF, 0xFF, 0xFF, 0xFF, 
    0xFF, 0xFF, 0xFF, 0xFF, 0xFF, 0xFF, 0xFF, 0xFF, 0xFF, 0xFF, 0xFF, 0xFF, 0xFF, 0xFF, 0xFF, 0xFF, 
    0xFF, 0xFF, 0xFF, 0xFF, 0xFF, 0xFF, 0xFF, 0xFF, 0xFF, 0xFF, 0xFF, 0xFF, 0xFF, 0xFF, 0xFF, 0xFF, 
    0xFF, 0xFF, 0xFF, 0xFF, 0xFF, 0xFF, 0xFF, 0xFF, 0xFF, 0xFF, 0xFF, 0xFF, 0xFF, 0xFF, 0xFF, 0xFF, 
    0xFF, 0xFF, 0xFF, 0xFF, 0xFF, 0xFF, 0xFF, 0xFF, 0xFF, 0xFF, 0xFF, 0xFF, 0xFF, 0xFF, 0xFF, 0xFF, 
    0xFF, 0xFF, 0xFF, 0xFF, 0xFF, 0xFF, 0xFF, 0xFF, 0xFF, 0xFF, 0xFF, 0xFF, 0xFF, 0xFF, 0xFF, 0xFF, 
    0xFF, 0xFF, 0xFF, 0xFF, 0xFF, 0xFF, 0xFF, 0xFF, 0xFF, 0xFF, 0xFF, 0xFF, 0xFF, 0xFF, 0xFF, 0xFF, 
    0xFF, 0xFF, 0xFF, 0xFF, 0xFF, 0xFF, 0xFF, 0xFF, 0xFF, 0xFF, 0xFF, 0xFF, 0xFF, 0xFF, 0xFF, 0xFF, 
    0xFF, 0xFF, 0xFF, 0xFF, 0xFF, 0xFF, 0xFF, 0xFF, 0xFF, 0xFF, 0xFF, 0xFF, 0xFF, 0xFF, 0xFF, 0xFF, 
    0xFF, 0xFF, 0xFF, 0xFF, 0xFF, 0xFF, 0xFF, 0xFF, 0xFF, 0xFF, 0xFF, 0xFF, 0xFF, 0xFF, 0xFF, 0xFF, 
    0xFF, 0xFF, 0xFF, 0xFF, 0xFF, 0xFF, 0xFF, 0xFF, 0xFF, 0xFF, 0xFF, 0xFF, 0xFF, 0xFF, 0xFF, 0xFF, 
    0xFF, 0xFF, 0xFF, 0xFF, 0xFF, 0xFF, 0xFF, 0xFF, 0xFF, 0xFF, 0xFF, 0xFF, 0xFF, 0xFF, 0xFF, 0xFF, 
    0xFF, 0xFF, 0xFF, 0xFF, 0xFF, 0xFF, 0xFF, 0xFF, 0xFF, 0xFF, 0xFF, 0xFF, 0xFF, 0xFF, 0xFF, 0xFF, 
    0xFF, 0xFF, 0xFF, 0xFF, 0xFF, 0xFF, 0xFF, 0xFF, 0xFF, 0xFF, 0xFF, 0xFF, 0xFF, 0xFF, 0xFF, 0xFF, 
    0xFF, 0xFF, 0xFF, 0xFF, 0xFF, 0xFF, 0xFF, 0xFF, 0xFF, 0xFF, 0xFF, 0xFF, 0xFF, 0xFF, 0xFF, 0xFF, 
    0xFF, 0xFF, 0xFF, 0xFF, 0xFF, 0xFF, 0xFF, 0xFF, 0xFF, 0xFF, 0xFF, 0xFF, 0xFF, 0xFF, 0xFF, 0xFF, 
    0xFF, 0xFF, 0xFF, 0xFF, 0xFF, 0xFF, 0xFF, 0xFF, 0xFF, 0xFF, 0xFF, 0xFF, 0xFF, 0xFF, 0xFF, 0xFF, 
    0xFF, 0xFF, 0xFF, 0xFF, 0xFF, 0xFF, 0xFF, 0xFF, 0xFF, 0xFF, 0xFF, 0xFF, 0xFF, 0xFF, 0xFF, 0xFF, 
    0xFF, 0xFF, 0xFF, 0xFF, 0xFF, 0xFF, 0xFF, 0xFF, 0xFF, 0xFF, 0xFF, 0xFF, 0xFF, 0xFF, 0xFF, 0xFF, 
    0xFF, 0xFF, 0xFF, 0xFF, 0xFF, 0xFF, 0xFF, 0xFF, 0xFF, 0xFF, 0xFF, 0xFF, 0xFF, 0xFF, 0xFF, 0xFF, 
    0xFF, 0xFF, 0xFF, 0xFF, 0xFF, 0xFF, 0xFF, 0xFF, 0xFF, 0xFF, 0xFF, 0xFF, 0xFF, 0xFF, 0xFF, 0xFF, 
    0xFF, 0xFF, 0xFF, 0xFF, 0xFF, 0xFF, 0xFF, 0xFF, 0xFF, 0xFF, 0xFF, 0xFF, 0xFF, 0xFF, 0xFF, 0xFF, 
    0xFF, 0xFF, 0xFF, 0xFF, 0xFF, 0xFF, 0xFF, 0xFF, 0xFF, 0xFF, 0xFF, 0xFF, 0xFF, 0xFF, 0xFF, 0xFF, 
    0xFF, 0xFF, 0xFF, 0xFF, 0xFF, 0xFF, 0xFF, 0xFF, 0xFF, 0xFF, 0xFF, 0xFF, 0xFF, 0xFF, 0xFF, 0xFF, 
    0xFF, 0xFF, 0xFF, 0xFF, 0xFF, 0xFF, 0xFF, 0xFF, 0xFF, 0xFF, 0xFF, 0xFF, 0xFF, 0xFF, 0xFF, 0xFF, 
    0xFF, 0xFF, 0xFF, 0xFF, 0xFF, 0xFF, 0xFF, 0xFF, 0xFF, 0xFF, 0xFF, 0xFF, 0xFF, 0xFF, 0xFF, 0xFF, 
    0xFF, 0xFF, 0xFF, 0xFF, 0xFF, 0xFF, 0xFF, 0xFF, 0xFF, 0xFF, 0xFF, 0xFF, 0xFF, 0xFF, 0xFF, 0xFF, 
    0xFF, 0xFF, 0xFF, 0xFF, 0xFF, 0xFF, 0xFF, 0xFF, 0xFF, 0xFF, 0xFF, 0xFF, 0xFF, 0xFF, 0xFF, 0xFF, 
    0xFF, 0xFF, 0xFF, 0xFF, 0xFF, 0xFF, 0xFF, 0xFF, 0xFF, 0xFF, 0xFF, 0xFF, 0xFF, 0xFF, 0xFF, 0xFF, 
    0xFF, 0xFF, 0xFF, 0xFF, 0xFF, 0xFF, 0xFF, 0xFF, 0xFF, 0xFF, 0xFF, 0xFF, 0xFF, 0xFF, 0xFF, 0xFF, 
    0xFF, 0xFF, 0xFF, 0xFF, 0xFF, 0xFF, 0xFF, 0xFF, 0xFF, 0xFF, 0xFF, 0xFF, 0xFF, 0xFF, 0xFF, 0xFF, 
    0xFF, 0xFF, 0xFF, 0xFF, 0xFF, 0xFF, 0xFF, 0xFF, 0xFF, 0xFF, 0xFF, 0xFF, 0xFF, 0xFF, 0xFF, 0xFF, 
    0xFF, 0xFF, 0xFF, 0xFF, 0xFF, 0xFF, 0xFF, 0xFF, 0xFF, 0xFF, 0xFF, 0xFF, 0xFF, 0xFF, 0xFF, 0xFF, 
    0xFF, 0xFF, 0xFF, 0xFF, 0xFF, 0xFF, 0xFF, 0xFF, 0xFF, 0xFF, 0xFF, 0xFF, 0xFF, 0xFF, 0xFF, 0xFF, 
    0xFF, 0xFF, 0xFF, 0xFF, 0xFF, 0xFF, 0xFF, 0xFF, 0xFF, 0xFF, 0xFF, 0xFF, 0xFF, 0xFF, 0xFF, 0xFF, 
    0xFF, 0xFF, 0xFF, 0xFF, 0xFF, 0xFF, 0xFF, 0xFF, 0xFF, 0xFF, 0xFF, 0xFF, 0xFF, 0xFF, 0xFF, 0xFF, 
    0xFF, 0xFF, 0xFF, 0xFF, 0xFF, 0xFF, 0xFF, 0xFF, 0xFF, 0xFF, 0xFF, 0xFF, 0xFF, 0xFF, 0xFF, 0xFF, 
    0xFF, 0xFF, 0xFF, 0xFF, 0xFF, 0xFF, 0xFF, 0xFF, 0xFF, 0xFF, 0xFF, 0xFF, 0xFF, 0xFF, 0xFF, 0xFF, 
    0xFF, 0xFF, 0xFF, 0xFF, 0xFF, 0xFF, 0xFF, 0xFF, 0xFF, 0xFF, 0xFF, 0xFF, 0xFF, 0xFF, 0xFF, 0xFF, 
    0xFF, 0xFF, 0xFF, 0xFF, 0xFF, 0xFF, 0xFF, 0xFF, 0xFF, 0xFF, 0xFF, 0xFF, 0xFF, 0xFF, 0xFF, 0xFF, 
    0xFF, 0xFF, 0xFF, 0xFF, 0xFF, 0xFF, 0xFF, 0xFF, 0xFF, 0xFF, 0xFF, 0xFF, 0xFF, 0xFF, 0xFF, 0xFF, 
    0xFF, 0xFF, 0xFF, 0xFF, 0xFF, 0xFF, 0xFF, 0xFF, 0xFF, 0xFF, 0xFF, 0xFF, 0xFF, 0xFF, 0xFF, 0xFF, 
    0xFF, 0xFF, 0xFF, 0xFF, 0xFF, 0xFF, 0xFF, 0xFF, 0xFF, 0xFF, 0xFF, 0xFF, 0xFF, 0xFF, 0xFF, 0xFF, 
    0xFF, 0xFF, 0xFF, 0xFF, 0xFF, 0xFF, 0xFF, 0xFF, 0xFF, 0xFF, 0xFF, 0xFF, 0xFF, 0xFF, 0xFF, 0xFF, 
    0xFF, 0xFF, 0xFF, 0xFF, 0xFF, 0xFF, 0xFF, 0xFF, 0xFF, 0xFF, 0xFF, 0xFF, 0xFF, 0xFF, 0xFF, 0xFF, 
    0xFF, 0xFF, 0xFF, 0xFF, 0xFF, 0xFF, 0xFF, 0xFF, 0xFF, 0xFF, 0xFF, 0xFF, 0xFF, 0xFF, 0xFF, 0xFF, 
    0xFF, 0xFF, 0xFF, 0xFF, 0xFF, 0xFF, 0xFF, 0xFF, 0xFF, 0xFF, 0xFF, 0xFF, 0xFF, 0xFF, 0xFF, 0xFF, 
    0xFF, 0xFF, 0xFF, 0xFF, 0xFF, 0xFF, 0xFF, 0xFF, 0xFF, 0xFF, 0xFF, 0xFF, 0xFF, 0xFF, 0xFF, 0xFF, 
    0xFF, 0xFF, 0xFF, 0xFF, 0xFF, 0xFF, 0xFF, 0xFF, 0xFF, 0xFF, 0xFF, 0xFF, 0xFF, 0xFF, 0xFF, 0xFF, 
    0xFF, 0xFF, 0xFF, 0xFF, 0xFF, 0xFF, 0xFF, 0xFF, 0xFF, 0xFF, 0xFF, 0xFF, 0xFF, 0xFF, 0xFF, 0xFF, 
    0xFF, 0xFF, 0xFF, 0xFF, 0xFF, 0xFF, 0xFF, 0xFF, 0xFF, 0xFF, 0xFF, 0xFF, 0xFF, 0xFF, 0xFF, 0xFF, 
    0xFF, 0xFF, 0xFF, 0xFF, 0xFF, 0xFF, 0xFF, 0xFF, 0xFF, 0xFF, 0xFF, 0xFF, 0xFF, 0xFF, 0xFF, 0xFF, 
    0xFF, 0xFF, 0xFF, 0xFF, 0xFF, 0xFF, 0xFF, 0xFF, 0xFF, 0xFF, 0xFF, 0xFF, 0xFF, 0xFF, 0xFF, 0xFF, 
    0xFF, 0xFF, 0xFF, 0xFF, 0xFF, 0xFF, 0xFF, 0xFF, 0xFF, 0xFF, 0xFF, 0xFF, 0xFF, 0xFF, 0xFF, 0xFF, 
    0xFF, 0xFF, 0xFF, 0xFF, 0xFF, 0xFF, 0xFF, 0xFF, 0xFF, 0xFF, 0xFF, 0xFF, 0xFF, 0xFF, 0xFF, 0xFF, 
    0xFF, 0xFF, 0xFF, 0xFF, 0xFF, 0xFF, 0xFF, 0xFF, 0xFF, 0xFF, 0xFF, 0xFF, 0xFF, 0xFF, 0xFF, 0xFF, 
    0xFF, 0xFF, 0xFF, 0xFF, 0xFF, 0xFF, 0xFF, 0xFF, 0xFF, 0xFF, 0xFF, 0xFF, 0xFF, 0xFF, 0xFF, 0xFF, 
    0xFF, 0xFF, 0xFF, 0xFF, 0xFF, 0xFF, 0xFF, 0xFF, 0xFF, 0xFF, 0xFF, 0xFF, 0xFF, 0xFF, 0xFF, 0xFF, 
};
